call_id,date,exchange,q,ticker,capability,segment_id,window_start,window_end,matched_terms,segment_text
0,2020-08-27 21:00:00,NASDAQ,2020-Q2,BILI,seizing,1,3408,3417,invest,very good window to invest in user growth and
0,2020-08-27 21:00:00,NASDAQ,2020-Q2,BILI,seizing,2,4592,4601,invested,mentioned earlier we have invested significantly in expanding our
0,2020-08-27 21:00:00,NASDAQ,2020-Q2,BILI,seizing,3,4941,4950,invest,we will continue to invest in improving our advertisement
1,2020-07-30 16:30:00,NYSE,2020-Q3,GFF,sensing,1,3528,3537,sense,maybe give us a sense of how trends and
1,2020-07-30 16:30:00,NYSE,2020-Q3,GFF,seizing,1,275,284,investing,new customers have been investing in home projects such
1,2020-07-30 16:30:00,NYSE,2020-Q3,GFF,seizing,2,833,842,investing,and manufacturing facilities and investing in automation and e
1,2020-07-30 16:30:00,NYSE,2020-Q3,GFF,seizing,3,1278,1287,invest,uncertainty while continuing to invest in all of our
1,2020-07-30 16:30:00,NYSE,2020-Q3,GFF,seizing,4,2799,2808,investing,doing in terms of investing in the business the
1,2020-07-30 16:30:00,NYSE,2020-Q3,GFF,seizing,5,3462,3471,investing,going to restaurants and investing in their homes and
1,2020-07-30 16:30:00,NYSE,2020-Q3,GFF,seizing,6,3692,3701,invest,going to continue to invest in the brands to
2,2019-10-23 17:00:00,NASDAQ,2020-Q1,LRCX,sensing,1,3921,3930,sense,think it would make sense that they would be
2,2019-10-23 17:00:00,NASDAQ,2020-Q1,LRCX,sensing,2,4067,4076,sense,least give us some sense on how fast the
2,2019-10-23 17:00:00,NASDAQ,2020-Q1,LRCX,sensing,3,4382,4391,sense,trying to get a sense of how we think
2,2019-10-23 17:00:00,NASDAQ,2020-Q1,LRCX,seizing,1,901,910,invested,all market segments we invested early in d to
2,2019-10-23 17:00:00,NASDAQ,2020-Q1,LRCX,seizing,2,938,947,investing,scaling and we are investing aggressively to deliver the
2,2019-10-23 17:00:00,NASDAQ,2020-Q1,LRCX,seizing,3,1905,1914,investing,remain laser focused on investing in research and development
3,2019-11-06 12:00:00,NASDAQ,2019-Q3,BBSI,sensing,1,3382,3391,sense,that it makes more sense for those customers to
3,2019-11-06 12:00:00,NASDAQ,2019-Q3,BBSI,sensing,2,7151,7160,sense,business if that makes sense so if you think
3,2019-11-06 12:00:00,NASDAQ,2019-Q3,BBSI,seizing,1,809,818,investing,spend against growth while investing in the business for
3,2019-11-06 12:00:00,NASDAQ,2019-Q3,BBSI,seizing,2,965,974,invested,will continue to be invested in a manner consistent
3,2019-11-06 12:00:00,NASDAQ,2019-Q3,BBSI,seizing,3,979,988,invested,continue to stay conservatively invested in shorter duration securities
3,2019-11-06 12:00:00,NASDAQ,2019-Q3,BBSI,seizing,4,1016,1025,invested,book yield for the invested portfolios was basis points
3,2019-11-06 12:00:00,NASDAQ,2019-Q3,BBSI,seizing,5,1032,1041,invested,average quality of the invested portfolios was aa and
3,2019-11-06 12:00:00,NASDAQ,2019-Q3,BBSI,seizing,6,1229,1238,invest,sales we continue to invest in the business and
3,2019-11-06 12:00:00,NASDAQ,2019-Q3,BBSI,seizing,7,1899,1908,invest,into new markets and invest in support of our
3,2019-11-06 12:00:00,NASDAQ,2019-Q3,BBSI,seizing,8,2023,2032,invest,in these branches we invest to support consistency of
3,2019-11-06 12:00:00,NASDAQ,2019-Q3,BBSI,seizing,9,2150,2159,invest,nimble we continue to invest in infrastructure that supports
3,2019-11-06 12:00:00,NASDAQ,2019-Q3,BBSI,seizing,10,3986,4000,invest,we re going to invest in our businesses and invest in our branches in
3,2019-11-06 12:00:00,NASDAQ,2019-Q3,BBSI,seizing,11,4011,4020,invest,we re going to invest in things that make
4,2019-08-07 08:30:00,NASDAQ,2019-Q2,CSTE,sensing,1,1763,1772,sense,try and get a sense when you are able
4,2019-08-07 08:30:00,NASDAQ,2019-Q2,CSTE,sensing,2,1790,1799,sense,love to get a sense of since a quarter
4,2019-08-07 08:30:00,NASDAQ,2019-Q2,CSTE,sensing,3,1836,1845,sense,love to get a sense of obviously everything kind
4,2019-08-07 08:30:00,NASDAQ,2019-Q2,CSTE,sensing,4,2283,2292,sense,trying to get a sense of it let s
4,2019-08-07 08:30:00,NASDAQ,2019-Q2,CSTE,sensing,5,2508,2517,sense,our expectation in that sense michael rehaut jp morgan
4,2019-08-07 08:30:00,NASDAQ,2019-Q2,CSTE,sensing,6,2662,2671,sense,trying to get a sense of how you think
4,2019-08-07 08:30:00,NASDAQ,2019-Q2,CSTE,sensing,7,3034,3043,sense,could give us a sense if the amount of
4,2019-08-07 08:30:00,NASDAQ,2019-Q2,CSTE,sensing,8,3068,3077,sense,trying to get a sense of how big that
4,2019-08-07 08:30:00,NASDAQ,2019-Q2,CSTE,sensing,9,4012,4021,sense,could i get a sense of what your price
4,2019-08-07 08:30:00,NASDAQ,2019-Q2,CSTE,sensing,10,4210,4219,sense,could give us a sense of what price what
4,2019-08-07 08:30:00,NASDAQ,2019-Q2,CSTE,sensing,11,4331,4340,sense,trying to get a sense of what percent of
4,2019-08-07 08:30:00,NASDAQ,2019-Q2,CSTE,sensing,12,4372,4381,sense,a partner that makes sense strategically given all the
5,2020-11-04 17:00:00,NYSE,2020-Q3,GDOT,sensing,1,5174,5183,sense,makes a ton of sense my follow up is
5,2020-11-04 17:00:00,NYSE,2020-Q3,GDOT,seizing,1,2483,2492,invest,should be needed to invest in strategic initiatives now
5,2020-11-04 17:00:00,NYSE,2020-Q3,GDOT,seizing,2,3551,3560,invest,see being able to invest in a company like
6,2020-08-05 08:30:00,NYSE,2020-Q2,KAR,sensing,1,3901,3910,sense,think there is some sense of maybe some of
6,2020-08-05 08:30:00,NYSE,2020-Q2,KAR,sensing,2,8237,8246,sense,trying to get a sense of how july looked
6,2020-08-05 08:30:00,NYSE,2020-Q2,KAR,seizing,1,10214,10223,invested,business bret that we invested in and quite frankly
7,2021-03-24 11:00:00,NYSE,2021-Q2,EPAC,sensing,1,4017,4026,sense,vaccines is creating our sense of optimism moving over
7,2021-03-24 11:00:00,NYSE,2021-Q2,EPAC,sensing,2,6460,6469,sense,trying to get a sense of how much pricing
8,2021-06-09 08:30:00,NYSE,2021-Q2,ABM,sensing,1,4216,4225,sense,helpful does that make sense tim mulrooney william blair
8,2021-06-09 08:30:00,NYSE,2021-Q2,ABM,sensing,2,4919,4928,sense,guiding does that makes sense sean eastman keybanc capital
8,2021-06-09 08:30:00,NYSE,2021-Q2,ABM,sensing,3,5602,5611,sense,basis which would make sense for them as well
8,2021-06-09 08:30:00,NYSE,2021-Q2,ABM,sensing,4,5617,5626,sense,inc analyst that makes sense but as we sit
8,2021-06-09 08:30:00,NYSE,2021-Q2,ABM,sensing,5,5765,5774,sense,and effort so my sense is that kind of
8,2021-06-09 08:30:00,NYSE,2021-Q2,ABM,sensing,6,5927,5936,sense,yet does that make sense andrew wittmann robert w
8,2021-06-09 08:30:00,NYSE,2021-Q2,ABM,sensing,7,5942,5951,sense,makes a lot of sense and just on technical
8,2021-06-09 08:30:00,NYSE,2021-Q2,ABM,sensing,8,6472,6481,sense,kind of get a sense of what that line
8,2021-06-09 08:30:00,NYSE,2021-Q2,ABM,seizing,1,453,462,invest,while we continue to invest to support future growth
8,2021-06-09 08:30:00,NYSE,2021-Q2,ABM,seizing,2,1221,1230,invested,support future growth we invested in information technology initiatives
8,2021-06-09 08:30:00,NYSE,2021-Q2,ABM,seizing,3,1235,1244,investing,fiscal and we anticipate investing further during the second
8,2021-06-09 08:30:00,NYSE,2021-Q2,ABM,seizing,4,2820,2829,investing,adding additional growth by investing organically while pursuing potential
8,2021-06-09 08:30:00,NYSE,2021-Q2,ABM,seizing,5,6544,6553,invest,we re continuing to invest in both our talent
8,2021-06-09 08:30:00,NYSE,2021-Q2,ABM,seizing,6,9142,9151,invest,to be looking to invest in both organic as
8,2021-06-09 08:30:00,NYSE,2021-Q2,ABM,seizing,7,9357,9366,invest,spot to continue to invest in and accelerate the
9,2022-08-11 08:30:00,NYSE,2022-Q2,SGHC,seizing,1,1071,1080,investing,considering various opportunities including investing in brand and other
9,2022-08-11 08:30:00,NYSE,2022-Q2,SGHC,seizing,2,2406,2415,investing,because our focus on investing remains for the long
10,2020-07-28 10:00:00,NYSE,2020-Q2,WDR,sensing,1,4948,4957,sense,trying to get a sense of what s more
10,2020-07-28 10:00:00,NYSE,2020-Q2,WDR,seizing,1,466,478,"invest, investing",ivy approach to active investing where we invest based on fundamentals business
10,2020-07-28 10:00:00,NYSE,2020-Q2,WDR,seizing,2,2114,2123,investing,commitment to finding and investing in companies with differentiated
10,2020-07-28 10:00:00,NYSE,2020-Q2,WDR,seizing,3,3083,3092,invest,long term view and invest in the areas we
10,2020-07-28 10:00:00,NYSE,2020-Q2,WDR,seizing,4,8654,8663,invest,and our ability to invest in continuing to build
10,2020-07-28 10:00:00,NYSE,2020-Q2,WDR,transforming,1,2633,2642,transforming,quarter end our progress transforming the wealth management business
10,2020-07-28 10:00:00,NYSE,2020-Q2,WDR,transforming,2,3021,3030,redeployed,higher million as we redeployed travel and entertainment savings
10,2020-07-28 10:00:00,NYSE,2020-Q2,WDR,transforming,3,3632,3641,transformed,we ve kind of transformed the business model along
10,2020-07-28 10:00:00,NYSE,2020-Q2,WDR,transforming,4,3811,3820,transforming,made significant progress in transforming the business model within
11,2021-08-26 09:00:00,NYSE,2022-Q1,SJM,sensing,1,3653,3662,sense,to give you a sense and then i would
11,2021-08-26 09:00:00,NYSE,2022-Q1,SJM,sensing,2,4034,4043,sense,should give you a sense of timing as well
11,2021-08-26 09:00:00,NYSE,2022-Q1,SJM,sensing,3,5842,5851,sense,thanks is there any sense for the magnitude of
11,2021-08-26 09:00:00,NYSE,2022-Q1,SJM,seizing,1,6268,6277,invest,able to continue to invest in our business to
12,2021-11-22 17:15:00,NASDAQ,2022-Q3,URBN,sensing,1,6014,6023,sense,shoes in stores and sense to take that to
12,2021-11-22 17:15:00,NASDAQ,2022-Q3,URBN,sensing,2,7042,7051,sense,it gives you a sense there was a pretty
12,2021-11-22 17:15:00,NASDAQ,2022-Q3,URBN,seizing,1,2502,2511,invested,past few years has invested in infrastructure delivery capabilities
12,2021-11-22 17:15:00,NASDAQ,2022-Q3,URBN,seizing,2,2586,2595,investing,new customer acquisition by investing more in both digital
13,2019-10-30 12:00:00,NYSE,2019-Q3,HESM,seizing,1,2886,2895,invested,speaking has been under invested in water services so
14,2020-07-30 10:00:00,NASDAQ,2020-Q2,SPOK,sensing,1,1597,1606,shape,engage clinicians to help shape the features of the
14,2020-07-30 10:00:00,NASDAQ,2020-Q2,SPOK,seizing,1,534,543,investing,further we believe in investing in and building for
14,2020-07-30 10:00:00,NASDAQ,2020-Q2,SPOK,seizing,2,4705,4714,investing,our quarterly dividend while investing in our future focused
14,2020-07-30 10:00:00,NASDAQ,2020-Q2,SPOK,seizing,3,4939,4948,invest,not doing anything to invest and create future value
14,2020-07-30 10:00:00,NASDAQ,2020-Q2,SPOK,seizing,4,6636,6645,investing,lot of people are investing because they think in
15,2021-01-14 01:00:00,NYSE,2020-Q4,TSM,seizing,1,1044,1053,invested,year our capex is invested in anticipation of the
15,2021-01-14 01:00:00,NYSE,2020-Q4,TSM,seizing,2,4602,4611,invest,think the capex we invest for the future growth
15,2021-01-14 01:00:00,NYSE,2020-Q4,TSM,seizing,3,4847,4856,invest,capex we need to invest jeff su director of
15,2021-01-14 01:00:00,NYSE,2020-Q4,TSM,seizing,4,9154,9163,invest,financial officer rick we invest this year actually for
15,2021-01-14 01:00:00,NYSE,2020-Q4,TSM,transforming,1,9326,9335,redesign,or it needs to redesign the chip based on
16,2021-02-11 08:30:00,NYSE,2020-Q3,MYOV,sensing,1,8028,8037,sense,think to get a sense of the trajectory that
16,2021-02-11 08:30:00,NYSE,2020-Q3,MYOV,seizing,1,1153,1162,invest,now enable us to invest in our pipeline beyond
16,2021-02-11 08:30:00,NYSE,2020-Q3,MYOV,transforming,1,308,317,transform,milestones that have helped transform us into a commercial
17,2021-02-17 09:00:00,NYSE,2020-Q4,GNW,sensing,1,5491,5500,shape,we re in good shape on the in terms
17,2021-02-17 09:00:00,NYSE,2020-Q4,GNW,sensing,2,5588,5597,shape,re in pretty good shape dan i wanted to
17,2021-02-17 09:00:00,NYSE,2020-Q4,GNW,sensing,3,5996,6005,sense,little bit of a sense on this the competitive
18,2022-04-27 04:30:00,NYSE,2022-Q1,WPP,sensing,1,4455,4464,sense,pressures i think my sense is we re in
18,2022-04-27 04:30:00,NYSE,2022-Q1,WPP,sensing,2,7966,7975,sense,is there s this sense that it s all
18,2022-04-27 04:30:00,NYSE,2022-Q1,WPP,sensing,3,8139,8148,sense,revenue growth in the sense that it s these
18,2022-04-27 04:30:00,NYSE,2022-Q1,WPP,sensing,4,8610,8619,sense,citi analyst that makes sense and mark read and
18,2022-04-27 04:30:00,NYSE,2022-Q1,WPP,sensing,5,9488,9497,sense,are specifics in the sense that everyone is trading
18,2022-04-27 04:30:00,NYSE,2022-Q1,WPP,sensing,6,11129,11138,sense,of give us a sense of when decisions might
18,2022-04-27 04:30:00,NYSE,2022-Q1,WPP,seizing,1,636,653,"invest, investing",clients we continue to invest in xaxis and finecast where we re investing in technology innovation and
18,2022-04-27 04:30:00,NYSE,2022-Q1,WPP,seizing,2,2190,2199,invest,is we continue to invest in the company to
18,2022-04-27 04:30:00,NYSE,2022-Q1,WPP,seizing,3,2928,2937,invest,protect their budgets to invest in media and you
18,2022-04-27 04:30:00,NYSE,2022-Q1,WPP,seizing,4,5793,5802,invest,in the business to invest in our future growth
19,2019-11-06 16:30:00,NASDAQ,2019-Q3,DXCM,seizing,1,1078,1087,investing,insulin business we are investing in our new markets
19,2019-11-06 16:30:00,NASDAQ,2019-Q3,DXCM,seizing,2,2085,2094,invest,have flexibility as we invest to lengthen our growth
20,2019-07-30 10:30:00,NYSE,2019-Q2,EME,sensing,1,4489,4498,sense,to get a better sense for second half visibility
20,2019-07-30 10:30:00,NYSE,2019-Q2,EME,seizing,1,2885,2894,invest,as we continue to invest in our business despite
20,2019-07-30 10:30:00,NYSE,2019-Q2,EME,seizing,2,8556,8565,investing,productivity so that means investing in bim prefab digital
20,2019-07-30 10:30:00,NYSE,2019-Q2,EME,seizing,3,9339,9348,invest,to do acquisitions we invest organically because we want
20,2019-07-30 10:30:00,NYSE,2019-Q2,EME,seizing,4,9351,9360,invest,we just don t invest organically because it s
21,2021-02-10 09:00:00,NASDAQ,2020-Q4,EEFT,sensing,1,1826,1835,sense,we think it makes sense to have them including
21,2021-02-10 09:00:00,NASDAQ,2020-Q4,EEFT,sensing,2,5352,5361,sense,performance in if you sense that this excitement is
21,2021-02-10 09:00:00,NASDAQ,2020-Q4,EEFT,sensing,3,7971,7980,sense,company llc analyst makes sense okay and then just
21,2021-02-10 09:00:00,NASDAQ,2020-Q4,EEFT,seizing,1,2664,2673,invested,of years we ve invested a lot of time
21,2021-02-10 09:00:00,NASDAQ,2020-Q4,EEFT,seizing,2,4245,4254,invest,confidence that we could invest in important growth elements
21,2021-02-10 09:00:00,NASDAQ,2020-Q4,EEFT,seizing,3,5278,5287,invest,sheet to grow and invest in our business and
22,2021-03-16 16:30:00,NASDAQ,2021-Q4,COUP,sensing,1,981,990,sense,it gives you a sense of the user centricity
22,2021-03-16 16:30:00,NASDAQ,2021-Q4,COUP,sensing,2,2539,2553,sense,it s about a sense of dignity and a sense of purpose we seek
22,2021-03-16 16:30:00,NASDAQ,2021-Q4,COUP,sensing,3,6022,6031,sense,well at the broader sense i can tell you
22,2021-03-16 16:30:00,NASDAQ,2021-Q4,COUP,sensing,4,7523,7532,sense,you give us a sense of some of the
22,2021-03-16 16:30:00,NASDAQ,2021-Q4,COUP,sensing,5,7554,7563,sense,trying to get a sense for any increase you
22,2021-03-16 16:30:00,NASDAQ,2021-Q4,COUP,sensing,6,9259,9268,sense,in some sort of sense of normalcy whether its
22,2021-03-16 16:30:00,NASDAQ,2021-Q4,COUP,seizing,1,2901,2910,invest,year we continued to invest across our organization and
22,2021-03-16 16:30:00,NASDAQ,2021-Q4,COUP,seizing,2,9164,9173,invest,going to continue to invest in but we think
23,2021-11-03 16:30:00,NASDAQ,2022-Q1,ARAY,sensing,1,3667,3676,sense,wanted to get a sense of the baseline and
24,2021-07-01 08:30:00,NASDAQ,2021-Q3,WBA,sensing,1,2897,2906,shape,past are quickly taking shape our walgreens advertising group
24,2021-07-01 08:30:00,NASDAQ,2021-Q3,WBA,seizing,1,3317,3326,investing,at the same time investing in our future i
24,2021-07-01 08:30:00,NASDAQ,2021-Q3,WBA,seizing,2,5445,5454,invested,year basis that we invested in sg a just
24,2021-07-01 08:30:00,NASDAQ,2021-Q3,WBA,seizing,3,7491,7500,invest,we ll continue to invest but you will see
24,2021-07-01 08:30:00,NASDAQ,2021-Q3,WBA,seizing,4,7523,7532,investing,we re doing and investing in digital and so
24,2021-07-01 08:30:00,NASDAQ,2021-Q3,WBA,seizing,5,7743,7752,invested,that we ve already invested in the rx renewal
24,2021-07-01 08:30:00,NASDAQ,2021-Q3,WBA,seizing,6,8655,8664,invested,million vaccinations and we invested significant dollars to get
24,2021-07-01 08:30:00,NASDAQ,2021-Q3,WBA,transforming,1,582,591,transform,to accelerate digital to transform and restructure our retail
24,2021-07-01 08:30:00,NASDAQ,2021-Q3,WBA,transforming,2,2514,2523,transforming,to make progress in transforming our pharmacy business and
25,2021-05-04 08:30:00,NASDAQ,2021-Q1,ZBRA,sensing,1,1546,1555,sense,solutions with an increased sense of urgency due to
25,2021-05-04 08:30:00,NASDAQ,2021-Q1,ZBRA,sensing,2,2708,2717,sense,analyst okay that makes sense and then i think
25,2021-05-04 08:30:00,NASDAQ,2021-Q1,ZBRA,sensing,3,8976,8985,sensing,is a very exciting sensing and data acquisition technology
25,2021-05-04 08:30:00,NASDAQ,2021-Q1,ZBRA,seizing,1,456,465,invest,time we continued to invest in initiatives to drive
25,2021-05-04 08:30:00,NASDAQ,2021-Q1,ZBRA,seizing,2,945,954,invest,up their plans to invest in digital transformation this
25,2021-05-04 08:30:00,NASDAQ,2021-Q1,ZBRA,seizing,3,1496,1505,invest,we also continue to invest to accelerate the go
25,2021-05-04 08:30:00,NASDAQ,2021-Q1,ZBRA,seizing,4,1539,1548,investing,demand economy enterprises are investing in zebra solutions with
25,2021-05-04 08:30:00,NASDAQ,2021-Q1,ZBRA,seizing,5,3607,3616,investing,of the larger customers investing in e commerce and
25,2021-05-04 08:30:00,NASDAQ,2021-Q1,ZBRA,seizing,6,5746,5755,invested,made more who have invested earlier in those digitization
25,2021-05-04 08:30:00,NASDAQ,2021-Q1,ZBRA,seizing,7,8009,8018,invest,expect to continue to invest in and grow opex
25,2021-05-04 08:30:00,NASDAQ,2021-Q1,ZBRA,seizing,8,8203,8212,invest,attack of continuing to invest in new solutions and
25,2021-05-04 08:30:00,NASDAQ,2021-Q1,ZBRA,seizing,9,8296,8305,invest,something that companies will invest in for several years
25,2021-05-04 08:30:00,NASDAQ,2021-Q1,ZBRA,seizing,10,9100,9109,invest,area for us to invest we acquired a company
25,2021-05-04 08:30:00,NASDAQ,2021-Q1,ZBRA,transforming,1,1314,1323,transform,complex operational challenges and transform their frontline workflows to
27,2021-05-21 09:00:00,NYSE,2021-Q1,FL,sensing,1,1870,1879,shape,is only just taking shape many parts of the
27,2021-05-21 09:00:00,NYSE,2021-Q1,FL,sensing,2,1947,1956,shape,position is in excellent shape and our bench of
27,2021-05-21 09:00:00,NYSE,2021-Q1,FL,sensing,3,4633,4642,sense,base and then any sense of how much sales
27,2021-05-21 09:00:00,NYSE,2021-Q1,FL,seizing,1,1695,1704,invest,mall while continuing to invest in our community and
27,2021-05-21 09:00:00,NYSE,2021-Q1,FL,seizing,2,2794,2803,invest,we also continue to invest in growing our membership
27,2021-05-21 09:00:00,NYSE,2021-Q1,FL,seizing,3,4100,4109,invested,up in q we invested approximately million into our
28,,NYSE,2018-Q4,BC,sensing,1,3541,3550,sense,want to get a sense of first are my
28,,NYSE,2018-Q4,BC,seizing,1,2614,2623,invest,we will continue to invest in growth with capital
29,2021-04-08 11:30:00,NYSE,2021-Q4,STZ,sensing,1,8805,8814,sense,trying to get a sense for the scale of
29,2021-04-08 11:30:00,NYSE,2021-Q4,STZ,sensing,2,11160,11169,shape,additional expansion would take shape outside those two facilities
29,2021-04-08 11:30:00,NYSE,2021-Q4,STZ,seizing,1,570,579,invest,vision fund designed to invest in minority owned businesses
29,2021-04-08 11:30:00,NYSE,2021-Q4,STZ,seizing,2,1420,1429,invest,corona originals we will invest in national media spending
29,2021-04-08 11:30:00,NYSE,2021-Q4,STZ,seizing,3,2009,2018,invest,limonada we plan to invest approximately million across all
29,2021-04-08 11:30:00,NYSE,2021-Q4,STZ,seizing,4,2638,2647,invest,have developed plans to invest in the next incremental
29,2021-04-08 11:30:00,NYSE,2021-Q4,STZ,seizing,5,3698,3707,invest,we ll continue to invest in dtc and e
29,2021-04-08 11:30:00,NYSE,2021-Q4,STZ,seizing,6,4160,4169,invest,we will continue to invest aggressively to accelerate growth
29,2021-04-08 11:30:00,NYSE,2021-Q4,STZ,seizing,7,6323,6332,invest,is essential that we invest appropriately in order to
29,2021-04-08 11:30:00,NYSE,2021-Q4,STZ,seizing,8,10251,10268,"invest, investing",have the flexibility to invest in our business as we talked about investing significantly in mexico to
29,2021-04-08 11:30:00,NYSE,2021-Q4,STZ,seizing,9,10363,10372,invest,money in share repurchases invest behind the brands maintain
29,2021-04-08 11:30:00,NYSE,2021-Q4,STZ,seizing,10,10935,10944,investing,that we were already investing against that capability and
29,2021-04-08 11:30:00,NYSE,2021-Q4,STZ,seizing,11,11030,11039,invested,and we ve also invested in that area you
29,2021-04-08 11:30:00,NYSE,2021-Q4,STZ,seizing,12,12058,12067,investing,the position to continue investing in mexico and enhancing
30,2022-05-05 17:00:00,NYSE,2022-Q1,NET,sensing,1,1000,1009,sense,and made far more sense for them to join
30,2022-05-05 17:00:00,NYSE,2022-Q1,NET,sensing,2,1019,1028,sense,me give you a sense of how that s
30,2022-05-05 17:00:00,NYSE,2022-Q1,NET,sensing,3,4185,4194,sense,of sitewide licenses make sense and i think that
30,2022-05-05 17:00:00,NYSE,2022-Q1,NET,sensing,4,5039,5048,sense,just a ton of sense for us to do
30,2022-05-05 17:00:00,NYSE,2022-Q1,NET,sensing,5,5277,5286,sense,makes a ton of sense for us to have
31,2020-04-23 09:30:00,NYSE,2020-Q2,HZO,sensing,1,2863,2872,sense,of give us a sense of what you could
31,2020-04-23 09:30:00,NYSE,2020-Q2,HZO,sensing,2,3037,3046,sense,would make the most sense eric wold b riley
31,2020-04-23 09:30:00,NYSE,2020-Q2,HZO,sensing,3,5257,5266,sense,to give us a sense of how positive we
31,2020-04-23 09:30:00,NYSE,2020-Q2,HZO,sensing,4,5309,5318,sense,just give us a sense maybe of how up
31,2020-04-23 09:30:00,NYSE,2020-Q2,HZO,sensing,5,5980,5989,sense,wedbush securities analyst makes sense and then you touched
31,2020-04-23 09:30:00,NYSE,2020-Q2,HZO,sensing,6,7419,7428,sense,related to good business sense but also just where
31,2020-04-23 09:30:00,NYSE,2020-Q2,HZO,sensing,7,7464,7473,sense,sure yes that makes sense and then last question
31,2020-04-23 09:30:00,NYSE,2020-Q2,HZO,sensing,8,7682,7691,sense,come up with some sense of what historically the
31,2020-04-23 09:30:00,NYSE,2020-Q2,HZO,seizing,1,853,862,investing,quarter our strategy of investing in high margin businesses
31,2020-04-23 09:30:00,NYSE,2020-Q2,HZO,seizing,2,4877,4886,invested,tools that we ve invested in that brett mentioned
32,2021-02-17 08:30:00,NYSE,2021-Q3,LZB,seizing,1,1600,1609,investing,channel offering and are investing in robust plans for
32,2021-02-17 08:30:00,NYSE,2021-Q3,LZB,seizing,2,1757,1766,investing,the gross margin and investing in marketing to drive
32,2021-02-17 08:30:00,NYSE,2021-Q3,LZB,seizing,3,2542,2551,invested,to date we have invested million in capital primarily
32,2021-02-17 08:30:00,NYSE,2021-Q3,LZB,seizing,4,3416,3425,invest,mean and flexibility to invest in opportunities that will
32,2021-02-17 08:30:00,NYSE,2021-Q3,LZB,seizing,5,5937,5946,invest,basically stopped all capital invest and so we knew
32,2021-02-17 08:30:00,NYSE,2021-Q3,LZB,seizing,6,5961,5970,investing,on obviously we re investing in our new locations
32,2021-02-17 08:30:00,NYSE,2021-Q3,LZB,seizing,7,5999,6008,investing,paused there we are investing in our retail stores
33,2021-02-25 10:30:00,NYSE,2020-Q4,USPH,sensing,1,333,342,shape,one piece and good shape if that was possible
33,2021-02-25 10:30:00,NYSE,2020-Q4,USPH,sensing,2,4252,4261,shape,it really in good shape so again i think
33,2021-02-25 10:30:00,NYSE,2020-Q4,USPH,sensing,3,4641,4650,shape,in a little better shape lawrence scott solow cjs
33,2021-02-25 10:30:00,NYSE,2020-Q4,USPH,sensing,4,6883,6892,sense,do you have any sense like currently or in
34,2020-05-09 20:30:00,NASDAQ,2020-Q1,MRNA,sensing,1,4870,4879,sense,first is the overall sense of a dose response
34,2020-05-09 20:30:00,NASDAQ,2020-Q1,MRNA,sensing,2,5744,5753,sense,closer to it my sense is that we re
34,2020-05-09 20:30:00,NASDAQ,2020-Q1,MRNA,sensing,3,5757,5766,sense,binary event in the sense that one day we
34,2020-05-09 20:30:00,NASDAQ,2020-Q1,MRNA,sensing,4,5871,5880,sense,then to get a sense that the vaccine is
34,2020-05-09 20:30:00,NASDAQ,2020-Q1,MRNA,sensing,5,7667,7676,shape,find every way to shape a deal process without
34,2020-05-09 20:30:00,NASDAQ,2020-Q1,MRNA,sensing,6,9468,9477,sense,the allocation that makes sense for the country alec
34,2020-05-09 20:30:00,NASDAQ,2020-Q1,MRNA,sensing,7,9785,9794,sense,able to have a sense of the cases and
34,2020-05-09 20:30:00,NASDAQ,2020-Q1,MRNA,sensing,8,10161,10170,sense,where it actually makes sense to run many vaccines
34,2020-05-09 20:30:00,NASDAQ,2020-Q1,MRNA,sensing,9,10534,10543,sense,of data that makes sense and is complete and
34,2020-05-09 20:30:00,NASDAQ,2020-Q1,MRNA,sensing,10,10834,10843,sense,the stop lane my sense is very few of
34,2020-05-09 20:30:00,NASDAQ,2020-Q1,MRNA,sensing,11,11426,11435,shape,most that will take shape over the coming weeks
34,2020-05-09 20:30:00,NASDAQ,2020-Q1,MRNA,seizing,1,491,500,invest,want to scale and invest and exploratory comodalities that
34,2020-05-09 20:30:00,NASDAQ,2020-Q1,MRNA,seizing,2,568,577,investing,safely we spent years investing and developing mrna science
34,2020-05-09 20:30:00,NASDAQ,2020-Q1,MRNA,seizing,3,703,712,invest,modalities and continue to invest aggressively in early research
34,2020-05-09 20:30:00,NASDAQ,2020-Q1,MRNA,seizing,4,1389,1398,invest,billion of capital to invest to create value and
34,2020-05-09 20:30:00,NASDAQ,2020-Q1,MRNA,seizing,5,3393,3402,investing,supplies we are also investing in preparedness for the
34,2020-05-09 20:30:00,NASDAQ,2020-Q1,MRNA,seizing,6,3502,3511,invest,funding we have to invest and create value we
34,2020-05-09 20:30:00,NASDAQ,2020-Q1,MRNA,seizing,7,3604,3613,invest,a strong ability to invest for the long run
34,2020-05-09 20:30:00,NASDAQ,2020-Q1,MRNA,seizing,8,3763,3772,invested,to come we ve invested heavily in the platform
34,2020-05-09 20:30:00,NASDAQ,2020-Q1,MRNA,seizing,9,3805,3814,invest,enable the company to invest appropriately in the business
34,2020-05-09 20:30:00,NASDAQ,2020-Q1,MRNA,seizing,10,4355,4364,invest,up to billion to invest in the business and
34,2020-05-09 20:30:00,NASDAQ,2020-Q1,MRNA,seizing,11,4438,4447,investing,the company we re investing in the processes to
34,2020-05-09 20:30:00,NASDAQ,2020-Q1,MRNA,seizing,12,9134,9143,investing,having the capability and investing to sell the products
34,2020-05-09 20:30:00,NASDAQ,2020-Q1,MRNA,seizing,13,10803,10812,investing,project might just stop investing because we are deploying
34,2020-05-09 20:30:00,NASDAQ,2020-Q1,MRNA,transforming,1,7925,7934,transformed,moderna brand has been transformed in the last few
35,2021-08-04 16:30:00,NASDAQ,2021-Q2,MELI,sensing,1,4827,4836,sense,to get a better sense of purchasing power and
35,2021-08-04 16:30:00,NASDAQ,2021-Q2,MELI,sensing,2,4885,4894,sense,codes where it makes sense to aim for same
35,2021-08-04 16:30:00,NASDAQ,2021-Q2,MELI,seizing,1,891,900,invest,basis we continue to invest in product breadth and
35,2021-08-04 16:30:00,NASDAQ,2021-Q2,MELI,seizing,2,2056,2065,investing,users are keen on investing their savings in the
35,2021-08-04 16:30:00,NASDAQ,2021-Q2,MELI,seizing,3,2885,2894,investing,believe that we are investing toward sustainable growth and
35,2021-08-04 16:30:00,NASDAQ,2021-Q2,MELI,seizing,4,2974,2983,investing,will continue committed to investing in both user acquisition
35,2021-08-04 16:30:00,NASDAQ,2021-Q2,MELI,seizing,5,2984,2993,investing,well as improving and investing behind more features and
35,2021-08-04 16:30:00,NASDAQ,2021-Q2,MELI,seizing,6,3755,3764,invested,the way money gets invested across a year sometimes
36,2021-04-26 17:00:00,NASDAQ,2021-Q1,CDNS,sensing,1,793,802,shaping,quarter with multiple market shaping customers successfully hitting out
36,2021-04-26 17:00:00,NASDAQ,2021-Q1,CDNS,sensing,2,933,942,shaping,serdes ip by market shaping customers for their next
36,2021-04-26 17:00:00,NASDAQ,2021-Q1,CDNS,seizing,1,1497,1506,invest,q we continue to invest heavily in building out
36,2021-04-26 17:00:00,NASDAQ,2021-Q1,CDNS,seizing,2,1739,1748,invest,as we continue to invest in our expanding multiphysics
36,2021-04-26 17:00:00,NASDAQ,2021-Q1,CDNS,seizing,3,3304,3313,invest,we are continuing to invest in this space and
36,2021-04-26 17:00:00,NASDAQ,2021-Q1,CDNS,seizing,4,5769,5778,investing,we are very heavily investing in that because every
36,2021-04-26 17:00:00,NASDAQ,2021-Q1,CDNS,seizing,5,6348,6357,invested,d we have already invested and we ll go
36,2021-04-26 17:00:00,NASDAQ,2021-Q1,CDNS,seizing,6,7503,7512,investing,said we re heavily investing in building out a
36,2021-04-26 17:00:00,NASDAQ,2021-Q1,CDNS,transforming,1,671,680,transforming,data analytics are helping transforming that data through intelligence
37,2021-05-12 09:00:00,NYSE,2021-Q1,VIV,seizing,1,1043,1052,invest,are gradually starting to invest again cloud revenues are
37,2021-05-12 09:00:00,NYSE,2021-Q1,VIV,seizing,2,2188,2197,investing,new revenue streams and investing in the shift toward
37,2021-05-12 09:00:00,NYSE,2021-Q1,VIV,seizing,3,2994,3003,invest,allowed us to positively invest in our core businesses
38,2021-01-28 08:30:00,NASDAQ,2021-Q3,NTCT,sensing,1,3661,3670,sense,makes a ton of sense thanks guys jean bua
38,2021-01-28 08:30:00,NASDAQ,2021-Q3,NTCT,sensing,2,4712,4721,sense,the moment it makes sense to pay down the
38,2021-01-28 08:30:00,NASDAQ,2021-Q3,NTCT,sensing,3,6294,6303,sense,mean it just makes sense with the vaccines and
39,2022-08-09 17:00:00,NYSE,2022-Q2,U,seizing,1,2175,2184,invest,we re continuing to invest in functionality and partnerships
39,2022-08-09 17:00:00,NYSE,2022-Q2,U,seizing,2,2197,2206,investing,this space this includes investing in product innovation like
39,2022-08-09 17:00:00,NYSE,2022-Q2,U,seizing,3,3671,3680,seized,during this time we seized an opportunity and announce
39,2022-08-09 17:00:00,NYSE,2022-Q2,U,seizing,4,5048,5057,invest,market we continue to invest to strengthen our products
39,2022-08-09 17:00:00,NYSE,2022-Q2,U,seizing,5,7633,7642,invest,services you need to invest and i think we
39,2022-08-09 17:00:00,NYSE,2022-Q2,U,seizing,6,8323,8332,invest,of the opportunity to invest in a market where
40,2021-02-11 10:00:00,NASDAQ,2020-Q4,RUSHA,sensing,1,3858,3867,sense,if that makes any sense what i m talking
40,2021-02-11 10:00:00,NASDAQ,2020-Q4,RUSHA,sensing,2,8048,8057,sense,little bit of a sense of your best guess
40,2021-02-11 10:00:00,NASDAQ,2020-Q4,RUSHA,sensing,3,8735,8744,shape,balance sheets in good shape okay ma am i
40,2021-02-11 10:00:00,NASDAQ,2020-Q4,RUSHA,sensing,4,9196,9205,shape,utilization is in good shape from the rental perspective
40,2021-02-11 10:00:00,NASDAQ,2020-Q4,RUSHA,sensing,5,9961,9970,shape,things in a better shape they ve ever been
40,2021-02-11 10:00:00,NASDAQ,2020-Q4,RUSHA,sensing,6,9973,9982,shape,it s in great shape so we feel good
40,2021-02-11 10:00:00,NASDAQ,2020-Q4,RUSHA,sensing,7,10151,10160,sense,little bit of a sense of what s behind
40,2021-02-11 10:00:00,NASDAQ,2020-Q4,RUSHA,sensing,8,10608,10617,sense,if that makes any sense so joel tiss bmo
40,2021-02-11 10:00:00,NASDAQ,2020-Q4,RUSHA,seizing,1,7842,7851,invest,we re continuing to invest and spend money in
40,2021-02-11 10:00:00,NASDAQ,2020-Q4,RUSHA,seizing,2,7903,7912,invest,up to continue to invest and continue to grow
42,2021-02-24 08:30:00,NASDAQ,2020-Q4,VCEL,sensing,1,2234,2243,sense,and just get your sense around timing of that
42,2021-02-24 08:30:00,NASDAQ,2020-Q4,VCEL,sensing,2,2840,2849,sense,wanted to get a sense of the same store
42,2021-02-24 08:30:00,NASDAQ,2020-Q4,VCEL,sensing,3,3307,3316,sense,great no that makes sense and then i think
43,2021-01-28 17:00:00,NASDAQ,2020-Q4,MSTR,sensing,1,5527,5536,sense,we think it makes sense to it would be
43,2021-01-28 17:00:00,NASDAQ,2020-Q4,MSTR,seizing,1,598,607,invest,to hold our bitcoin invest additional excess cash flows
43,2021-01-28 17:00:00,NASDAQ,2020-Q4,MSTR,seizing,2,974,983,investing,and we will continue investing to further broaden and
43,2021-01-28 17:00:00,NASDAQ,2020-Q4,MSTR,seizing,3,2306,2315,invested,treasury reserve policy we invested the net proceeds from
43,2021-01-28 17:00:00,NASDAQ,2020-Q4,MSTR,seizing,4,5593,5602,invest,our bitcoin we will invest additional excess cash flows
43,2021-01-28 17:00:00,NASDAQ,2020-Q4,MSTR,seizing,5,6396,6412,invest,company might decide to invest in bitcoin if they decide to invest in a fund it
43,2021-01-28 17:00:00,NASDAQ,2020-Q4,MSTR,seizing,6,6432,6441,invest,if they decide to invest directly into bitcoin on
43,2021-01-28 17:00:00,NASDAQ,2020-Q4,MSTR,seizing,7,6480,6489,invest,if somebody wanted to invest via a fund and
44,2021-05-06 08:00:00,NASDAQ,2021-Q1,MRNA,sensing,1,5973,5982,sense,that has a strong sense of responsibility we want
44,2021-05-06 08:00:00,NASDAQ,2021-Q1,MRNA,sensing,2,7237,7246,sense,of give you a sense on the dynamics stephen
44,2021-05-06 08:00:00,NASDAQ,2021-Q1,MRNA,sensing,3,12382,12391,sense,could give us a sense maybe even qualitatively in
44,2021-05-06 08:00:00,NASDAQ,2021-Q1,MRNA,seizing,1,872,881,invest,strong balance sheet to invest to scale moderna these
44,2021-05-06 08:00:00,NASDAQ,2021-Q1,MRNA,seizing,2,966,975,investing,to years we re investing intensively in digital automation
44,2021-05-06 08:00:00,NASDAQ,2021-Q1,MRNA,seizing,3,978,987,invest,plan for is to invest three times more in
44,2021-05-06 08:00:00,NASDAQ,2021-Q1,MRNA,seizing,4,997,1006,invest,we have decided to invest to increase our supply
44,2021-05-06 08:00:00,NASDAQ,2021-Q1,MRNA,seizing,5,1021,1030,invest,to our board to invest at that scale first
44,2021-05-06 08:00:00,NASDAQ,2021-Q1,MRNA,seizing,6,1700,1709,invest,continue to accelerate and invest to allow moderna to
44,2021-05-06 08:00:00,NASDAQ,2021-Q1,MRNA,seizing,7,5159,5168,investing,look into we are investing to distribute and dose
44,2021-05-06 08:00:00,NASDAQ,2021-Q1,MRNA,seizing,8,5325,5334,invest,why we decided to invest for more supply in
44,2021-05-06 08:00:00,NASDAQ,2021-Q1,MRNA,seizing,9,5375,5384,investing,industry and we re investing more in research to
44,2021-05-06 08:00:00,NASDAQ,2021-Q1,MRNA,seizing,10,5430,5439,invest,continuing to innovate and invest in science like for
44,2021-05-06 08:00:00,NASDAQ,2021-Q1,MRNA,seizing,11,5462,5471,investing,more impact we are investing aggressively we are accelerating
44,2021-05-06 08:00:00,NASDAQ,2021-Q1,MRNA,seizing,12,5481,5490,invested,of million in we invested around million in in
44,2021-05-06 08:00:00,NASDAQ,2021-Q1,MRNA,seizing,13,5498,5507,investing,million in we re investing across the world in
44,2021-05-06 08:00:00,NASDAQ,2021-Q1,MRNA,seizing,14,5525,5534,investing,clinical operations we are investing in digital to ensure
44,2021-05-06 08:00:00,NASDAQ,2021-Q1,MRNA,seizing,15,6627,6636,invest,invent the manufacturing process invest verification processes analytical processes
44,2021-05-06 08:00:00,NASDAQ,2021-Q1,MRNA,seizing,16,12281,12290,invest,we ll continue to invest appropriately to drive the
44,2021-05-06 08:00:00,NASDAQ,2021-Q1,MRNA,seizing,17,13049,13058,invest,we ll continue to invest in our own capacity
44,2021-05-06 08:00:00,NASDAQ,2021-Q1,MRNA,transforming,1,5520,5529,transform,to ensure we can transform clinical operations we are
44,2021-05-06 08:00:00,NASDAQ,2021-Q1,MRNA,transforming,2,6261,6270,transform,next five years to transform medicines potentially like no
45,2021-05-20 08:00:00,NASDAQ,2021-Q1,CSIQ,sensing,1,4897,4906,sense,give us some rough sense of the delta and
45,2021-05-20 08:00:00,NASDAQ,2021-Q1,CSIQ,sensing,2,7639,7648,sense,trying to get a sense of how those price
45,2021-05-20 08:00:00,NASDAQ,2021-Q1,CSIQ,seizing,1,4610,4619,investing,are very keen on investing their money at today
46,2020-04-30 17:00:00,NASDAQ,2020-Q2,AAPL,seizing,1,1919,1928,investing,by doubling down and investing in the next generation
46,2020-04-30 17:00:00,NASDAQ,2020-Q2,AAPL,seizing,2,3917,3926,invest,unchanged we continue to invest confidently in our future
46,2020-04-30 17:00:00,NASDAQ,2020-Q2,AAPL,seizing,3,4092,4101,invest,we have continued to invest in the business and
46,2020-04-30 17:00:00,NASDAQ,2020-Q2,AAPL,seizing,4,4112,4121,investing,what we do best investing in our product and
46,2020-04-30 17:00:00,NASDAQ,2020-Q2,AAPL,seizing,5,4812,4821,invest,we will continue to invest in our pipeline we
46,2020-04-30 17:00:00,NASDAQ,2020-Q2,AAPL,seizing,6,4832,4841,invest,we will continue to invest there obviously we are
46,2020-04-30 17:00:00,NASDAQ,2020-Q2,AAPL,seizing,7,4907,4916,invest,need to continue to invest during difficult circumstances and
46,2020-04-30 17:00:00,NASDAQ,2020-Q2,AAPL,seizing,8,5023,5032,investing,apple pull back from investing and you as a
47,2021-08-04 16:35:00,NASDAQ,2021-Q3,CENT,sensing,1,4328,4337,shape,to be in good shape in terms of these
47,2021-08-04 16:35:00,NASDAQ,2021-Q3,CENT,seizing,1,677,686,investing,consumers love we re investing in consumer insights strengthening
47,2021-08-04 16:35:00,NASDAQ,2021-Q3,CENT,seizing,2,1934,1943,investing,you recall we are investing in capacity expansion and
47,2021-08-04 16:35:00,NASDAQ,2021-Q3,CENT,seizing,3,2762,2771,invested,during the quarter we invested primarily in our dog
47,2021-08-04 16:35:00,NASDAQ,2021-Q3,CENT,seizing,4,5633,5642,invest,factor in continuing to invest in sg a i
47,2021-08-04 16:35:00,NASDAQ,2021-Q3,CENT,seizing,5,5850,5859,invest,is the time to invest and so we re
48,2021-10-27 17:00:00,NASDAQ,2021-Q3,BCOV,seizing,1,956,965,invested,innovation we have heavily invested in r d and
48,2021-10-27 17:00:00,NASDAQ,2021-Q3,BCOV,seizing,2,3460,3469,invest,providing additional resources to invest in our growth initiatives
48,2021-10-27 17:00:00,NASDAQ,2021-Q3,BCOV,seizing,3,6427,6436,invest,whatsoever we want to invest in the things that
48,2021-10-27 17:00:00,NASDAQ,2021-Q3,BCOV,transforming,1,1595,1604,revamped,differentiator for brightcove our revamped onboarding program includes free
49,2022-03-08 16:30:00,NASDAQ,2021-Q4,FLNT,seizing,1,741,750,invest,we continue to appropriately invest in our growth agenda
49,2022-03-08 16:30:00,NASDAQ,2021-Q4,FLNT,seizing,2,942,951,investing,transition we are consciously investing margin to establish our
49,2022-03-08 16:30:00,NASDAQ,2021-Q4,FLNT,seizing,3,2915,2924,invest,q we continue to invest in margins while driving
49,2022-03-08 16:30:00,NASDAQ,2021-Q4,FLNT,seizing,4,3019,3028,invest,as we continue to invest in technology and analytics
49,2022-03-08 16:30:00,NASDAQ,2021-Q4,FLNT,seizing,5,4211,4220,investing,we might not be investing enough into that business
49,2022-03-08 16:30:00,NASDAQ,2021-Q4,FLNT,seizing,6,4729,4738,investing,line perspective we are investing from a perspective of
50,2021-02-11 08:30:00,NASDAQ,2020-Q4,ACLS,sensing,1,2989,2998,sense,we can get a sense of how far out
50,2021-02-11 08:30:00,NASDAQ,2020-Q4,ACLS,sensing,2,4679,4688,shape,re are in good shape tom tom diffely d
50,2021-02-11 08:30:00,NASDAQ,2020-Q4,ACLS,sensing,3,5564,5573,sense,you give us any sense is that going to
50,2021-02-11 08:30:00,NASDAQ,2020-Q4,ACLS,seizing,1,1102,1111,invest,we will continue to invest in products evaluation tools
51,2021-05-10 11:00:00,NYSE,2021-Q1,GEO,sensing,1,4919,4928,sense,speaking of occupancy any sense i mean we see
51,2021-05-10 11:00:00,NYSE,2021-Q1,GEO,seizing,1,836,845,investing,increasing testing capabilities including investing approximately million to acquire
52,2021-05-05 09:00:00,NYSE,2021-Q1,DFIN,sensing,1,3371,3380,sense,we can get a sense of where we are
53,2021-05-26 08:00:00,NYSE,2021-Q1,GOTU,seizing,1,3121,3130,invest,from social platforms and invest more on innovation channels
54,2021-02-11 09:30:00,NYSE,2020-Q4,MT,sensing,1,1423,1432,sense,to give you a sense of numbers just these
54,2021-02-11 09:30:00,NYSE,2020-Q4,MT,sensing,2,1467,1476,sense,this gives you a sense of the three key
54,2021-02-11 09:30:00,NYSE,2020-Q4,MT,sensing,3,3952,3961,sense,the buyback in that sense we remain flexible the
54,2021-02-11 09:30:00,NYSE,2020-Q4,MT,sensing,4,4712,4721,sense,little bit in the sense that in june of
54,2021-02-11 09:30:00,NYSE,2020-Q4,MT,sensing,5,7144,7153,sense,to give us any sense of the range of
54,2021-02-11 09:30:00,NYSE,2020-Q4,MT,sensing,6,7454,7463,sense,at that in the sense of q and q
54,2021-02-11 09:30:00,NYSE,2020-Q4,MT,sensing,7,8213,8222,shape,and how that would shape up clearly consolidation is
54,2021-02-11 09:30:00,NYSE,2020-Q4,MT,seizing,1,1348,1357,invested,capital has already been invested in brazil the market
55,2020-10-29 08:30:00,NYSE,2020-Q3,SHOP,sensing,1,3606,3615,shape,re thinking about the shape of the holiday season
55,2020-10-29 08:30:00,NYSE,2020-Q3,SHOP,sensing,2,6239,6248,shape,better idea for the shape of what s happened
55,2020-10-29 08:30:00,NYSE,2020-Q3,SHOP,sensing,3,7334,7343,sense,health so just make sense harley finkelstein president yes
55,2020-10-29 08:30:00,NYSE,2020-Q3,SHOP,seizing,1,6614,6623,invest,medium business would not invest in this kind of
55,2020-10-29 08:30:00,NYSE,2020-Q3,SHOP,seizing,2,6860,6869,investing,we re spending time investing in the marketing channels
55,2020-10-29 08:30:00,NYSE,2020-Q3,SHOP,seizing,3,6957,6966,invest,they can go and invest further in those channels
55,2020-10-29 08:30:00,NYSE,2020-Q3,SHOP,seizing,4,7898,7907,investing,medium term philosophy on investing in that sales and
56,2020-08-20 09:30:00,NYSE,2020-Q4,EL,sensing,1,5495,5504,sense,to give you a sense a few data points
56,2020-08-20 09:30:00,NYSE,2020-Q4,EL,sensing,2,6752,6761,sense,return and in that sense we really look at
56,2020-08-20 09:30:00,NYSE,2020-Q4,EL,sensing,3,7128,7137,sense,you give us some sense of what that footprint
56,2020-08-20 09:30:00,NYSE,2020-Q4,EL,seizing,1,459,468,investing,black professionals we are investing for change through a
56,2020-08-20 09:30:00,NYSE,2020-Q4,EL,seizing,2,2240,2249,investing,fiscal year we are investing in several strategic priorities
56,2020-08-20 09:30:00,NYSE,2020-Q4,EL,seizing,3,2351,2360,invest,resources enabling us to invest in the greatest opportunities
56,2020-08-20 09:30:00,NYSE,2020-Q4,EL,seizing,4,4384,4393,invest,us the flexibility to invest more in digital marketing
56,2020-08-20 09:30:00,NYSE,2020-Q4,EL,seizing,5,4440,4449,invest,as we continue to invest in additional manufacturing and
56,2020-08-20 09:30:00,NYSE,2020-Q4,EL,seizing,6,4648,4657,invest,protecting our agility to invest appropriately for both the
56,2020-08-20 09:30:00,NYSE,2020-Q4,EL,seizing,7,5067,5076,investing,we are doing is investing and creating better omnichannel
56,2020-08-20 09:30:00,NYSE,2020-Q4,EL,seizing,8,7588,7597,invested,reinvested it will be invested in making the remaining
56,2020-08-20 09:30:00,NYSE,2020-Q4,EL,seizing,9,7792,7801,invest,from being able to invest behind recruiting new consumers
56,2020-08-20 09:30:00,NYSE,2020-Q4,EL,seizing,10,9625,9634,investing,we are doing is investing in advertising so even
56,2020-08-20 09:30:00,NYSE,2020-Q4,EL,seizing,11,11040,11049,invest,preserve the resources to invest in growth so the
56,2020-08-20 09:30:00,NYSE,2020-Q4,EL,seizing,12,11114,11123,invest,profitable growth and to invest in them over proportionally
57,2021-02-23 12:30:00,NASDAQ,2020-Q4,LGIH,sensing,1,3558,3567,sense,jmp securities analyst makes sense there thanks for the
57,2021-02-23 12:30:00,NASDAQ,2020-Q4,LGIH,sensing,2,5092,5101,sense,just to get a sense of that magnitude that
57,2021-02-23 12:30:00,NASDAQ,2020-Q4,LGIH,sensing,3,6459,6468,sense,to give us a sense of sometimes you re
57,2021-02-23 12:30:00,NASDAQ,2020-Q4,LGIH,sensing,4,6896,6905,sense,get any kind of sense of historically i think
57,2021-02-23 12:30:00,NASDAQ,2020-Q4,LGIH,seizing,1,4504,4513,invest,first priority is to invest in projects and continue
57,2021-02-23 12:30:00,NASDAQ,2020-Q4,LGIH,seizing,2,4523,4532,investing,land deals we re investing more in raw land
57,2021-02-23 12:30:00,NASDAQ,2020-Q4,LGIH,seizing,3,4559,4568,invest,be to continue to invest in inventory and have
57,2021-02-23 12:30:00,NASDAQ,2020-Q4,LGIH,seizing,4,6799,6812,invest,remarks around trying to invest in continue to invest in development opportunities that
57,2021-02-23 12:30:00,NASDAQ,2020-Q4,LGIH,transforming,1,917,926,redesigned,quarter we launched a redesigned website utilizing modern design
58,2021-02-18 17:00:00,NYSE,2020-Q4,EBS,sensing,1,2235,2244,shape,sheet is in excellent shape with the liquidity and
58,2021-02-18 17:00:00,NYSE,2020-Q4,EBS,seizing,1,2009,2018,invest,ll also continue to invest in r d efforts
58,2021-02-18 17:00:00,NYSE,2020-Q4,EBS,seizing,2,7510,7519,invest,capital expenditures as we invest in expanding the capabilities
58,2021-02-18 17:00:00,NYSE,2020-Q4,EBS,seizing,3,8223,8232,invest,to be made to invest in a facility to
58,2021-02-18 17:00:00,NYSE,2020-Q4,EBS,seizing,4,8317,8326,invest,we might have to invest or get reimbursed on
59,2021-05-06 08:30:00,NASDAQ,2021-Q1,REGN,sensing,1,6058,6067,sense,if you have a sense of the remaining hurdles
59,2021-05-06 08:30:00,NASDAQ,2021-Q1,REGN,sensing,2,8270,8279,sense,you give us a sense of what s the
61,2021-01-27 17:00:00,NASDAQ,2020-Q4,META,sensing,1,349,358,sense,those numbers give a sense of scale but some
61,2021-01-27 17:00:00,NASDAQ,2020-Q4,META,sensing,2,660,669,sense,where we feel a sense of purpose and belonging
61,2021-01-27 17:00:00,NASDAQ,2020-Q4,META,sensing,3,2753,2762,sense,just delivers this magical sense of presence that you
61,2021-01-27 17:00:00,NASDAQ,2020-Q4,META,sensing,4,6564,6573,sense,year is there any sense you can give us
61,2021-01-27 17:00:00,NASDAQ,2020-Q4,META,sensing,5,7550,7559,shaping,this is sort of shaping up that we face
61,2021-01-27 17:00:00,NASDAQ,2020-Q4,META,sensing,6,10210,10219,sense,services and that makes sense big businesses we can
61,2021-01-27 17:00:00,NASDAQ,2020-Q4,META,seizing,1,3209,3218,investing,re going to keep investing in and innovating on
61,2021-01-27 17:00:00,NASDAQ,2020-Q4,META,seizing,2,3741,3750,invest,we also continued to invest in making our products
61,2021-01-27 17:00:00,NASDAQ,2020-Q4,META,seizing,3,5958,5967,invest,products we continue to invest to improve our exposure
62,2019-12-04 16:30:00,NYSE,2020-Q2,HRB,transforming,1,1289,1298,redesigned,return and we ve redesigned the workflow and streamlined
62,2019-12-04 16:30:00,NYSE,2020-Q2,HRB,transforming,2,1363,1372,redesign,through new tools and redesign tax prep experience through
63,2020-08-10 11:00:00,NASDAQ,2020-Q2,STRS,seizing,1,2119,2128,investing,capital expenditures reflected in investing cash flows totaled million
63,2020-08-10 11:00:00,NASDAQ,2020-Q2,STRS,transforming,1,780,789,redesign,seen continued progress and redesign of sections klo and
64,2021-05-01 12:00:00,NYSE,2021-Q1,TTE,sensing,1,3520,3529,sense,project if it makes sense and that means that
64,2021-05-01 12:00:00,NYSE,2021-Q1,TTE,sensing,2,4952,4961,sense,if it makes no sense and it does not
64,2021-05-01 12:00:00,NYSE,2021-Q1,TTE,sensing,3,7277,7286,sense,of course it makes sense particularly in our ongoing
64,2021-05-01 12:00:00,NYSE,2021-Q1,TTE,seizing,1,1076,1085,invest,implementing a strategy to invest in resilience low breakeven
64,2021-05-01 12:00:00,NYSE,2021-Q1,TTE,seizing,2,1369,1378,invest,our strategy is to invest responsibly in profitable projects
64,2021-05-01 12:00:00,NYSE,2021-Q1,TTE,seizing,3,1479,1488,invest,flow allocation are to invest in growing and transforming
64,2021-05-01 12:00:00,NYSE,2021-Q1,TTE,seizing,4,3417,3426,invest,our priority is to invest in profitable projects that
64,2021-05-01 12:00:00,NYSE,2021-Q1,TTE,seizing,5,4834,4843,invest,to keep the discipline invest only in profitable projects
64,2021-05-01 12:00:00,NYSE,2021-Q1,TTE,seizing,6,6433,6442,seize,to capture and to seize these opportunities we have
64,2021-05-01 12:00:00,NYSE,2021-Q1,TTE,seizing,7,8827,8836,invest,access to capital to invest in these renewable projects
64,2021-05-01 12:00:00,NYSE,2021-Q1,TTE,transforming,1,1219,1228,transform,the group ability to transform and adjust to the
64,2021-05-01 12:00:00,NYSE,2021-Q1,TTE,transforming,2,1483,1492,transforming,invest in growing and transforming the company to support
64,2021-05-01 12:00:00,NYSE,2021-Q1,TTE,transforming,3,1656,1665,transforming,on a worldwide scale transforming the group into a
66,2023-02-01 08:30:00,NYSE,2022-Q4,OTIS,sensing,1,6704,6713,sense,wolfe research analyst makes sense i guess that was
66,2023-02-01 08:30:00,NYSE,2022-Q4,OTIS,sensing,2,7481,7490,sense,you give us a sense why margins in china
66,2023-02-01 08:30:00,NYSE,2022-Q4,OTIS,sensing,3,7843,7852,sense,just give us a sense on the spread between
66,2023-02-01 08:30:00,NYSE,2022-Q4,OTIS,seizing,1,5826,5835,invest,mean you continue to invest i think it s
66,2023-02-01 08:30:00,NYSE,2022-Q4,OTIS,seizing,2,6464,6473,invest,we ll continue to invest and still grow our
67,2021-01-26 08:30:00,NYSE,2021-Q1,DHI,sensing,1,3685,3694,sense,makes a lot of sense and then how are
67,2021-01-26 08:30:00,NYSE,2021-Q1,DHI,sensing,2,8286,8295,sense,you got you makes sense so second question i
67,2021-01-26 08:30:00,NYSE,2021-Q1,DHI,seizing,1,2677,2686,invest,our disciplined approach to invest in capital to enhance
68,2021-02-12 10:00:00,NASDAQ,2020-Q4,AIMC,sensing,1,3441,3450,sense,wanted to get a sense of what s built
68,2021-02-12 10:00:00,NASDAQ,2020-Q4,AIMC,sensing,2,5834,5843,shape,s in pretty good shape i think of i
68,2021-02-12 10:00:00,NASDAQ,2020-Q4,AIMC,sensing,3,6251,6260,shape,balance sheet in good shape and certainly by the
68,2021-02-12 10:00:00,NASDAQ,2020-Q4,AIMC,sensing,4,6293,6302,sense,halloran baird analyst makes sense i appreciate it thanks
68,2021-02-12 10:00:00,NASDAQ,2020-Q4,AIMC,sensing,5,7735,7744,sense,give us a little sense of maybe some of
68,2021-02-12 10:00:00,NASDAQ,2020-Q4,AIMC,sensing,6,8240,8249,shape,sheet and even better shape and we nurture some
68,2021-02-12 10:00:00,NASDAQ,2020-Q4,AIMC,seizing,1,2801,2810,investing,and preserve optionality for investing in future growth while
68,2021-02-12 10:00:00,NASDAQ,2020-Q4,AIMC,seizing,2,4613,4622,invest,if people start to invest in their factories again
69,2020-05-07 10:00:00,NYSE,2020-Q1,HLT,sensing,1,740,749,shape,owners and to help shape the broader recovery given
69,2020-05-07 10:00:00,NYSE,2020-Q1,HLT,sensing,2,3574,3583,sense,deal might not make sense but generally once the
69,2020-05-07 10:00:00,NYSE,2020-Q1,HLT,sensing,3,6415,6424,sense,but any sort of sense of magnitude of either
69,2020-05-07 10:00:00,NYSE,2020-Q1,HLT,sensing,4,6664,6673,shape,it in any way shape or form but we
69,2020-05-07 10:00:00,NYSE,2020-Q1,HLT,sensing,5,7128,7137,sense,that we think makes sense to create more efficiency
69,2020-05-07 10:00:00,NYSE,2020-Q1,HLT,seizing,1,4528,4537,investing,think about hiring and investing and all those fun
69,2020-05-07 10:00:00,NYSE,2020-Q1,HLT,seizing,2,7483,7492,investing,for us they re investing all the capital they
70,2021-10-07 08:30:00,NASDAQ,2022-Q1,TLRY,sensing,1,7069,7078,sense,show why legalization made sense and what happened in
70,2021-10-07 08:30:00,NASDAQ,2022-Q1,TLRY,sensing,2,8183,8192,sense,market if it made sense it was accretive we
70,2021-10-07 08:30:00,NASDAQ,2022-Q1,TLRY,sensing,3,10460,10469,sense,pressures and just a sense of the magnitude there
71,2021-02-03 16:30:00,NASDAQ,2020-Q4,ALGN,sensing,1,4602,4611,sense,digital in a macro sense covid has accentuated the
71,2021-02-03 16:30:00,NASDAQ,2020-Q4,ALGN,sensing,2,5508,5517,sense,been responsible in that sense but at the same
71,2021-02-03 16:30:00,NASDAQ,2020-Q4,ALGN,sensing,3,5653,5662,sense,correlation coefficient in the sense of here we invest
71,2021-02-03 16:30:00,NASDAQ,2020-Q4,ALGN,sensing,4,8644,8653,sense,been tremendous in that sense your question about orthodontists
71,2021-02-03 16:30:00,NASDAQ,2020-Q4,ALGN,sensing,5,8770,8779,sense,communication tool in a sense of where is your
71,2021-02-03 16:30:00,NASDAQ,2020-Q4,ALGN,sensing,6,8872,8881,shape,is in good enough shape to able to except
71,2021-02-03 16:30:00,NASDAQ,2020-Q4,ALGN,sensing,7,9220,9229,sense,head office just made sense to us elizabeth anderson
71,2021-02-03 16:30:00,NASDAQ,2020-Q4,ALGN,sensing,8,9365,9374,sense,waterfall anymore in the sense waterfall used to be
71,2021-02-03 16:30:00,NASDAQ,2020-Q4,ALGN,sensing,9,9427,9436,sense,isi analyst makes total sense thank you so much
71,2021-02-03 16:30:00,NASDAQ,2020-Q4,ALGN,sensing,10,9862,9871,sense,trying to get a sense for kind of what
71,2021-02-03 16:30:00,NASDAQ,2020-Q4,ALGN,sensing,11,10103,10112,sense,keep ahead in that sense so i feel we
71,2021-02-03 16:30:00,NASDAQ,2020-Q4,ALGN,sensing,12,11079,11088,shape,we re in good shape with that we re
71,2021-02-03 16:30:00,NASDAQ,2020-Q4,ALGN,seizing,1,4289,4298,investing,us confidence to continue investing in sales marketing innovation
71,2021-02-03 16:30:00,NASDAQ,2020-Q4,ALGN,seizing,2,4392,4401,invested,past years align has invested billions in technology innovation
71,2021-02-03 16:30:00,NASDAQ,2020-Q4,ALGN,seizing,3,4415,4424,invest,we will continue to invest in this business to
71,2021-02-03 16:30:00,NASDAQ,2020-Q4,ALGN,seizing,4,5657,5666,invest,sense of here we invest and how much we
71,2021-02-03 16:30:00,NASDAQ,2020-Q4,ALGN,seizing,5,11474,11483,invest,terms of how we invest and where and so
71,2021-02-03 16:30:00,NASDAQ,2020-Q4,ALGN,seizing,6,11496,11505,invested,forward investments we re invested into that under penetrated
71,2021-02-03 16:30:00,NASDAQ,2020-Q4,ALGN,transforming,1,828,837,transform,enable doctors to digitally transform their practices in q
71,2021-02-03 16:30:00,NASDAQ,2020-Q4,ALGN,transforming,2,2364,2373,transform,massive market opportunity to transform million smiles educating consumers
71,2021-02-03 16:30:00,NASDAQ,2020-Q4,ALGN,transforming,3,4557,4566,transform,opportunity we have to transform smiles and change lives
72,2021-04-29 16:30:00,NASDAQ,2021-Q1,SGEN,sensing,1,4937,4946,sense,just give us a sense of how many tumor
72,2021-04-29 16:30:00,NASDAQ,2021-Q1,SGEN,seizing,1,492,501,invest,research and development and invest in our business as
72,2021-04-29 16:30:00,NASDAQ,2021-Q1,SGEN,seizing,2,660,669,investing,enabling us to continue investing in our pipeline in
72,2021-04-29 16:30:00,NASDAQ,2021-Q1,SGEN,seizing,3,1344,1353,invest,and we continue to invest in our commercial capabilities
72,2021-04-29 16:30:00,NASDAQ,2021-Q1,SGEN,seizing,4,2938,2947,invest,forward we continue to invest in the development of
73,2020-02-04 17:00:00,NYSE,2019-Q4,F,sensing,1,7414,7423,sense,world does it make sense to you what s
73,2020-02-04 17:00:00,NYSE,2019-Q4,F,seizing,1,1876,1885,invest,is we continue to invest in and expand our
73,2020-02-04 17:00:00,NYSE,2019-Q4,F,seizing,2,2956,2965,invest,as we continue to invest in the transformation of
73,2020-02-04 17:00:00,NYSE,2019-Q4,F,seizing,3,8726,8735,invest,in a position to invest in our long term
73,2020-02-04 17:00:00,NYSE,2019-Q4,F,transforming,1,498,507,redesign,we undertook a fundamental redesign of the company to
73,2020-02-04 17:00:00,NYSE,2019-Q4,F,transforming,2,782,791,redesign,progress on our global redesign in we took tough
73,2020-02-04 17:00:00,NYSE,2019-Q4,F,transforming,3,1671,1680,redesign,in terms of global redesign ford took decisive actions
73,2020-02-04 17:00:00,NYSE,2019-Q4,F,transforming,4,2094,2103,redesign,the right steps to redesign and restructure our business
73,2020-02-04 17:00:00,NYSE,2019-Q4,F,transforming,5,2127,2136,redesigned,the year we completely redesigned the f the year
73,2020-02-04 17:00:00,NYSE,2019-Q4,F,transforming,6,2603,2612,redesign,progress on our global redesign making tough choices to
73,2020-02-04 17:00:00,NYSE,2019-Q4,F,transforming,7,2812,2821,redesign,the benefits of our redesign fitness initiatives and stronger
73,2020-02-04 17:00:00,NYSE,2019-Q4,F,transforming,8,2884,2893,redesign,improved fitness and global redesign actions the decline in
73,2020-02-04 17:00:00,NYSE,2019-Q4,F,transforming,9,3382,3391,redesign,carrying out a dramatic redesign of our business wholesale
73,2020-02-04 17:00:00,NYSE,2019-Q4,F,transforming,10,3446,3455,redesign,an outcome of our redesign and portfolio shift as
73,2020-02-04 17:00:00,NYSE,2019-Q4,F,transforming,11,3525,3534,redesign,lower structural costs our redesign and portfolio shift in
73,2020-02-04 17:00:00,NYSE,2019-Q4,F,transforming,12,3771,3780,redesign,related to our global redesign accounted for billion in
73,2020-02-04 17:00:00,NYSE,2019-Q4,F,transforming,13,3815,3824,redesign,plans for a global redesign which included a potential
73,2020-02-04 17:00:00,NYSE,2019-Q4,F,transforming,14,4202,4211,redesign,benefits from our global redesign and the non repeat
73,2020-02-04 17:00:00,NYSE,2019-Q4,F,transforming,15,4455,4464,redesign,each quarter for global redesign we expect to incur
73,2020-02-04 17:00:00,NYSE,2019-Q4,F,transforming,16,4904,4913,redesign,there s the global redesign and as we look
73,2020-02-04 17:00:00,NYSE,2019-Q4,F,transforming,17,5024,5033,redesign,point on the global redesign is that the kind
73,2020-02-04 17:00:00,NYSE,2019-Q4,F,transforming,18,5109,5118,redesign,point on the global redesign jim hackett president and
73,2020-02-04 17:00:00,NYSE,2019-Q4,F,transforming,19,5424,5433,redesign,can address the global redesign the thing i just
73,2020-02-04 17:00:00,NYSE,2019-Q4,F,transforming,20,5436,5445,redesign,in on the global redesign this is this has
73,2020-02-04 17:00:00,NYSE,2019-Q4,F,transforming,21,5469,5478,redesign,in parallel as they redesign the company and there
73,2020-02-04 17:00:00,NYSE,2019-Q4,F,transforming,22,5518,5527,redesign,yeah so from a redesign standpoint we made as
73,2020-02-04 17:00:00,NYSE,2019-Q4,F,transforming,23,5546,5555,redesign,strong execution of the redesign of its business announced
73,2020-02-04 17:00:00,NYSE,2019-Q4,F,transforming,24,5671,5680,redesign,the benefits of the redesign as well as the
73,2020-02-04 17:00:00,NYSE,2019-Q4,F,transforming,25,6651,6660,redesign,fitness and the global redesign and of course the
73,2020-02-04 17:00:00,NYSE,2019-Q4,F,transforming,26,7076,7085,redesign,mean on the global redesign we don t have
74,2020-08-06 08:30:00,NYSE,2020-Q3,ADNT,sensing,1,7360,7369,sense,analyst okay that makes sense and then lastly the
74,2020-08-06 08:30:00,NYSE,2020-Q3,ADNT,sensing,2,8766,8775,sense,weird quarter in the sense that it wasn t
74,2020-08-06 08:30:00,NYSE,2020-Q3,ADNT,transforming,1,1079,1088,revamp,the u k operations revamp production adient sales improved
76,2021-05-06 16:30:00,NYSE,2021-Q1,AL,sensing,1,1126,1135,sense,are profitable and makes sense for alc over the
76,2021-05-06 16:30:00,NYSE,2021-Q1,AL,sensing,2,7544,7553,sense,got it that makes sense and then if i
76,2021-05-06 16:30:00,NYSE,2021-Q1,AL,sensing,3,10011,10020,sense,yes okay that makes sense and then i guess
77,2022-11-02 09:30:00,NYSE,2022-Q3,MKL,sensing,1,369,378,sense,you enjoy the same sense of progress and optimism
77,2022-11-02 09:30:00,NYSE,2022-Q3,MKL,sensing,2,701,710,sensed,it better we ve sensed internally the things have
77,2022-11-02 09:30:00,NYSE,2022-Q3,MKL,seizing,1,1240,1249,investing,has grown we re investing those profits at positive
77,2022-11-02 09:30:00,NYSE,2022-Q3,MKL,seizing,2,2061,2070,investing,continue to maintain our investing discipline understanding the periodic
77,2022-11-02 09:30:00,NYSE,2022-Q3,MKL,seizing,3,4033,4042,invested,on investor returns we invested the estimated losses were
77,2022-11-02 09:30:00,NYSE,2022-Q3,MKL,seizing,4,6484,6493,investing,cash and we are investing the cash at higher
77,2022-11-02 09:30:00,NYSE,2022-Q3,MKL,seizing,5,6765,6774,invest,today and would you invest some of that cash
77,2022-11-02 09:30:00,NYSE,2022-Q3,MKL,seizing,6,6865,6874,invest,is to continue to invest in a methodical and
77,2022-11-02 09:30:00,NYSE,2022-Q3,MKL,seizing,7,7179,7188,investing,so the equity method investing and believe me that
78,2021-01-21 12:00:00,NASDAQ,2020-Q4,INBK,sensing,1,4684,4693,sense,that s helpful makes sense and if i could
78,2021-01-21 12:00:00,NASDAQ,2020-Q4,INBK,sensing,2,5061,5070,sense,make a lot of sense but there are a
78,2021-01-21 12:00:00,NASDAQ,2020-Q4,INBK,sensing,3,5617,5626,sense,today that will make sense for us but there
78,2021-01-21 12:00:00,NASDAQ,2020-Q4,INBK,seizing,1,3384,3393,investing,which you might be investing in how we should
78,2021-01-21 12:00:00,NASDAQ,2020-Q4,INBK,seizing,2,3521,3530,invest,we obviously continue to invest in we ll have
78,2021-01-21 12:00:00,NASDAQ,2020-Q4,INBK,transforming,1,1800,1809,redeployment,sheet liquidity and the redeployment of cash from the
79,2019-10-30 11:00:00,NASDAQ,2019-Q3,AAWW,sensing,1,3296,3305,shaping,how the peak is shaping up how are you
79,2019-10-30 11:00:00,NASDAQ,2019-Q3,AAWW,sensing,2,5808,5817,sense,does that question make sense kind of maybe looking
79,2019-10-30 11:00:00,NASDAQ,2019-Q3,AAWW,sensing,3,6888,6897,sense,okay is there a sense of where you are
79,2019-10-30 11:00:00,NASDAQ,2019-Q3,AAWW,seizing,1,7189,7198,investing,a strong balance sheet investing in aircraft when it
79,2019-10-30 11:00:00,NASDAQ,2019-Q3,AAWW,seizing,2,7982,7991,invested,yes dave we have invested a lot in parts
79,2019-10-30 11:00:00,NASDAQ,2019-Q3,AAWW,transforming,1,1567,1576,redeployment,and the short term redeployment of two to the
79,2019-10-30 11:00:00,NASDAQ,2019-Q3,AAWW,transforming,2,1629,1638,redeployment,by earnings from the redeployment of aircraft from acmi
80,2021-02-25 16:30:00,NASDAQ,2020-Q4,CARA,sensing,1,5293,5302,sense,but what is your sense of vaccine uptake among
81,2019-08-07 09:00:00,NASDAQ,2019-Q2,LILAK,sensing,1,3950,3959,sense,makes a lot of sense we are more heavily
81,2019-08-07 09:00:00,NASDAQ,2019-Q2,LILAK,transforming,1,1812,1821,transforming,we are committed to transforming our business to improve
82,2019-11-05 10:30:00,NYSE,2019-Q3,SXC,seizing,1,2696,2705,invest,us significant flexibility to invest in our business manage
83,2021-07-20 16:30:00,NYSE,2021-Q2,CNI,sensing,1,5970,5979,sense,provide you a good sense of what we broadly
83,2021-07-20 16:30:00,NYSE,2021-Q2,CNI,sensing,2,8357,8366,shape,we re in good shape to meet the need
83,2021-07-20 16:30:00,NYSE,2021-Q2,CNI,sensing,3,10129,10138,sense,gupta scotiabank analyst makes sense thank you jean jacques
83,2021-07-20 16:30:00,NYSE,2021-Q2,CNI,seizing,1,2426,2435,invest,to grow their business invest capital and provide the
83,2021-07-20 16:30:00,NYSE,2021-Q2,CNI,seizing,2,10568,10577,invest,james you continue to invest into the long term
84,2021-07-22 09:00:00,NYSE,2021-Q2,BX,sensing,1,4729,4738,sense,products gives you a sense of the potential here
84,2021-07-22 09:00:00,NYSE,2021-Q2,BX,sensing,2,5844,5853,sense,makes a lot of sense the way we ve
84,2021-07-22 09:00:00,NYSE,2021-Q2,BX,sensing,3,6460,6469,sense,think reinforce the our sense of optimism around it
84,2021-07-22 09:00:00,NYSE,2021-Q2,BX,seizing,1,597,606,invested,to alternatives we ve invested significantly over the last
84,2021-07-22 09:00:00,NYSE,2021-Q2,BX,seizing,2,2070,2079,invested,can deploy capital we invested billion in the quarter
84,2021-07-22 09:00:00,NYSE,2021-Q2,BX,seizing,3,2218,2227,investing,when it comes to investing in closing our mission
84,2021-07-22 09:00:00,NYSE,2021-Q2,BX,seizing,4,3055,3064,invested,time the firm s invested performance revenue eligible aum
84,2021-07-22 09:00:00,NYSE,2021-Q2,BX,seizing,5,3209,3218,invest,capabilities we will also invest billion for a stake
84,2021-07-22 09:00:00,NYSE,2021-Q2,BX,seizing,6,5790,5799,investing,liabilities or do spread investing really want to be
85,2023-01-09 11:00:00,NYSE,2023-Q1,CMC,sensing,1,2059,2068,sense,activity to give a sense of magnitude the value
85,2023-01-09 11:00:00,NYSE,2023-Q1,CMC,sensing,2,4480,4489,sense,you ve got a sense of what volume expectations
85,2023-01-09 11:00:00,NYSE,2023-Q1,CMC,sensing,3,6021,6030,sense,s helpful and makes sense i guess as a
85,2023-01-09 11:00:00,NYSE,2023-Q1,CMC,seizing,1,685,694,invested,an annualized return on invested capital of results for
85,2023-01-09 11:00:00,NYSE,2023-Q1,CMC,seizing,2,4082,4091,invest,outlook we expect to invest between million and million
85,2023-01-09 11:00:00,NYSE,2023-Q1,CMC,seizing,3,4585,4594,invest,deliberate investment strategy to invest in merchant and even
86,2021-07-22 18:00:00,NASDAQ,2021-Q2,SIVB,sensing,1,3190,3199,sense,should give you a sense of where that run
86,2021-07-22 18:00:00,NASDAQ,2021-Q2,SIVB,sensing,2,5010,5019,sense,we think to makes sense bill carcache wolfe research
86,2021-07-22 18:00:00,NASDAQ,2021-Q2,SIVB,sensing,3,6914,6923,shape,are in really good shape and considering the substantial
86,2021-07-22 18:00:00,NASDAQ,2021-Q2,SIVB,seizing,1,671,680,investing,lot of people are investing in that and we
86,2021-07-22 18:00:00,NASDAQ,2021-Q2,SIVB,seizing,2,2947,2956,investing,of this relates to investing in the business and
86,2021-07-22 18:00:00,NASDAQ,2021-Q2,SIVB,seizing,3,3473,3482,investing,like what you re investing in is it including
86,2021-07-22 18:00:00,NASDAQ,2021-Q2,SIVB,seizing,4,3899,3908,invest,that that continue to invest and where would be
86,2021-07-22 18:00:00,NASDAQ,2021-Q2,SIVB,seizing,5,4896,4905,invest,and to continue to invest in treasury shorter treasury
86,2021-07-22 18:00:00,NASDAQ,2021-Q2,SIVB,seizing,6,5883,5892,investing,be an alternative to investing in high growth stocks
87,2021-02-11 10:00:00,NYSE,2020-Q4,GNRC,sensing,1,9149,9158,sense,absolute number just some sense of like how it
87,2021-02-11 10:00:00,NYSE,2020-Q4,GNRC,sensing,2,9174,9183,sense,to get a better sense of the production versus
87,2021-02-11 10:00:00,NYSE,2020-Q4,GNRC,sensing,3,9327,9336,shape,were in pretty good shape and then the demand
88,2021-02-02 07:30:00,NYSE,2021-Q3,BABA,sensing,1,4498,4507,sense,social responsibility in the sense is conducive to driving
88,2021-02-02 07:30:00,NYSE,2021-Q3,BABA,seizing,1,1100,1114,investing,even more committed to investing in these core areas investing for innovation for value
88,2021-02-02 07:30:00,NYSE,2021-Q3,BABA,seizing,2,1160,1169,invest,mau base and further invest in expansion of the
88,2021-02-02 07:30:00,NYSE,2021-Q3,BABA,seizing,3,1288,1297,investing,this opportunity to continue investing to strengthen our local
88,2021-02-02 07:30:00,NYSE,2021-Q3,BABA,seizing,4,1398,1407,invest,applications while continuing to invest for growth finally for
88,2021-02-02 07:30:00,NYSE,2021-Q3,BABA,seizing,5,1934,1943,investing,our steadfast approach of investing in our businesses for
88,2021-02-02 07:30:00,NYSE,2021-Q3,BABA,seizing,6,2077,2086,invested,core commerce we further invested in local service new
88,2021-02-02 07:30:00,NYSE,2021-Q3,BABA,seizing,7,3082,3091,invest,we will continue to invest in user growth user
88,2021-02-02 07:30:00,NYSE,2021-Q3,BABA,seizing,8,4770,4779,invest,always said we always invest for the future and
88,2021-02-02 07:30:00,NYSE,2021-Q3,BABA,seizing,9,5049,5058,invest,we will continue to invest in the live streaming
88,2021-02-02 07:30:00,NYSE,2021-Q3,BABA,seizing,10,5280,5289,invest,we will continue to invest in this business but
88,2021-02-02 07:30:00,NYSE,2021-Q3,BABA,seizing,11,5305,5314,investing,retail business in our investing companies and in our
88,2021-02-02 07:30:00,NYSE,2021-Q3,BABA,seizing,12,5363,5372,invest,are very confident to invest more in this area
88,2021-02-02 07:30:00,NYSE,2021-Q3,BABA,seizing,13,5816,5825,invested,technology for years we invested in the cutting edge
88,2021-02-02 07:30:00,NYSE,2021-Q3,BABA,seizing,14,5924,5933,invest,officer in summary we invest a lot in technologies
88,2021-02-02 07:30:00,NYSE,2021-Q3,BABA,seizing,15,6301,6310,investing,instead we would prioritize investing in our future growth
88,2021-02-02 07:30:00,NYSE,2021-Q3,BABA,seizing,16,6334,6343,investing,about we are always investing in future growth maggie
88,2021-02-02 07:30:00,NYSE,2021-Q3,BABA,seizing,17,6419,6428,invest,ability to continue to invest you can also look
88,2021-02-02 07:30:00,NYSE,2021-Q3,BABA,seizing,18,6474,6483,invest,strategy we continue to invest in the future and
88,2021-02-02 07:30:00,NYSE,2021-Q3,BABA,seizing,19,6553,6562,invest,be to continue to invest to scale up our
88,2021-02-02 07:30:00,NYSE,2021-Q3,BABA,seizing,20,7239,7248,invest,once again we will invest for the technologies to
88,2021-02-02 07:30:00,NYSE,2021-Q3,BABA,seizing,21,7313,7322,investing,new businesses you re investing in i m wondering
88,2021-02-02 07:30:00,NYSE,2021-Q3,BABA,seizing,22,7609,7618,investing,and we re indeed investing in some even earlier
90,2022-08-09 16:30:00,NASDAQ,2022-Q2,OPRX,sensing,1,3262,3271,sense,you give us a sense of given that the
90,2022-08-09 16:30:00,NASDAQ,2022-Q2,OPRX,sensing,2,5333,5342,sense,do you have a sense of how patient cohorts
90,2022-08-09 16:30:00,NASDAQ,2022-Q2,OPRX,seizing,1,1962,1971,investing,in our approach to investing for profitable growth now
91,2019-07-24 17:00:00,NASDAQ,2020-Q1,XLNX,sensing,1,2919,2928,sense,give us some rough sense of how large it
91,2019-07-24 17:00:00,NASDAQ,2020-Q1,XLNX,sensing,2,2948,2957,sense,that but any rough sense would be really helpful
91,2019-07-24 17:00:00,NASDAQ,2020-Q1,XLNX,sensing,3,8195,8204,shape,re in really good shape very excited about that
91,2019-07-24 17:00:00,NASDAQ,2020-Q1,XLNX,seizing,1,3402,3411,investing,said and we are investing in order to stay
91,2019-07-24 17:00:00,NASDAQ,2020-Q1,XLNX,seizing,2,6405,6414,investing,no change everybody is investing for kind of that
91,2019-07-24 17:00:00,NASDAQ,2020-Q1,XLNX,seizing,3,8815,8824,invested,going to we ve invested a lot in it
91,2019-07-24 17:00:00,NASDAQ,2020-Q1,XLNX,seizing,4,8841,8850,investing,developers so we are investing a lot we re
91,2019-07-24 17:00:00,NASDAQ,2020-Q1,XLNX,seizing,5,8879,8888,investing,good point we are investing a lot it is
92,2020-11-06 09:00:00,NYSE,2021-Q2,MOD,sensing,1,4398,4407,sense,you give us some sense of how much of
92,2020-11-06 09:00:00,NYSE,2021-Q2,MOD,sensing,2,4620,4629,sense,a little bit of sense as to what your
92,2020-11-06 09:00:00,NYSE,2021-Q2,MOD,sensing,3,5066,5075,sense,you give us any sense of how large that
92,2020-11-06 09:00:00,NYSE,2021-Q2,MOD,seizing,1,1041,1050,invest,year we continue to invest in our coating business
93,2020-08-06 09:00:00,NASDAQ,2020-Q2,LAMR,sensing,1,2502,2511,shape,you re in good shape i know you guys
94,2021-04-20 09:00:00,NYSE,2021-Q1,TRV,sensing,1,5445,5454,sense,and it makes more sense just to fold it
94,2021-04-20 09:00:00,NYSE,2021-Q1,TRV,sensing,2,5573,5582,sense,l didn t make sense not that it moved
94,2021-04-20 09:00:00,NYSE,2021-Q1,TRV,sensing,3,6865,6874,sense,can give us a sense other commercial long tail
94,2021-04-20 09:00:00,NYSE,2021-Q1,TRV,sensing,4,7761,7770,sense,llc us analyst makes sense and then can i
94,2021-04-20 09:00:00,NYSE,2021-Q1,TRV,sensing,5,8262,8271,sense,in time it makes sense to really be prudent
94,2021-04-20 09:00:00,NYSE,2021-Q1,TRV,seizing,1,2512,2521,invest,down our commitment to invest in product development and
94,2021-04-20 09:00:00,NYSE,2021-Q1,TRV,seizing,2,2706,2715,invest,and we continue to invest in the business for
94,2021-04-20 09:00:00,NYSE,2021-Q1,TRV,seizing,3,5508,5517,investing,the business we re investing in frankly it s
94,2021-04-20 09:00:00,NYSE,2021-Q1,TRV,seizing,4,5871,5880,investing,that but we are investing in it it is
94,2021-04-20 09:00:00,NYSE,2021-Q1,TRV,seizing,5,5921,5930,investing,same and we re investing in capabilities to make
94,2021-04-20 09:00:00,NYSE,2021-Q1,TRV,seizing,6,5979,5988,invested,uk but we ve invested in infrastructure in the
94,2021-04-20 09:00:00,NYSE,2021-Q1,TRV,seizing,7,8010,8019,investing,flatter where are you investing there michael f klein
94,2021-04-20 09:00:00,NYSE,2021-Q1,TRV,transforming,1,2545,2554,redesigned,ve highlighted our completely redesigned bop small commercial product
95,2021-02-17 16:30:00,NASDAQ,2020-Q4,LOPE,seizing,1,517,526,invest,financial position and can invest in educational infrastructure to
95,2021-02-17 16:30:00,NASDAQ,2020-Q4,LOPE,seizing,2,912,921,invested,to students gce has invested heavily in personnel technology
95,2021-02-17 16:30:00,NASDAQ,2020-Q4,LOPE,seizing,3,1363,1372,invested,state two gcu has invested billion in educational infrastructure
95,2021-02-17 16:30:00,NASDAQ,2020-Q4,LOPE,seizing,4,1464,1473,invest,areas six university will invest million additional in the
95,2021-02-17 16:30:00,NASDAQ,2020-Q4,LOPE,seizing,5,1594,1603,invested,campaigns nine gce has invested heavily in building out
95,2021-02-17 16:30:00,NASDAQ,2020-Q4,LOPE,seizing,6,2463,2472,invest,together we continue to invest in a major partnership
95,2021-02-17 16:30:00,NASDAQ,2020-Q4,LOPE,seizing,7,2486,2495,invested,over million have been invested in this initiative it
95,2021-02-17 16:30:00,NASDAQ,2020-Q4,LOPE,seizing,8,7658,7667,invested,place simulations that we invested a lot of money
95,2021-02-17 16:30:00,NASDAQ,2020-Q4,LOPE,transforming,1,2276,2285,transform,the goal was to transform an inner city neighborhood
96,2021-05-12 21:00:00,NYSE,2021-Q1,OCFT,sensing,1,2286,2295,sense,you with a better sense of our business and
97,2021-02-09 17:00:00,NYSE,2020-Q4,AYX,sensing,1,314,323,sense,and transform with the sense of urgency that i
97,2021-02-09 17:00:00,NYSE,2020-Q4,AYX,sensing,2,2531,2540,shape,fourth quarter given the shape of our typical revenue
97,2021-02-09 17:00:00,NYSE,2020-Q4,AYX,sensing,3,3545,3554,sense,cost with the right sense of urgency and do
97,2021-02-09 17:00:00,NYSE,2020-Q4,AYX,sensing,4,5452,5461,sense,in alteryx it makes sense that the partnerships are
97,2021-02-09 17:00:00,NYSE,2020-Q4,AYX,sensing,5,7228,7237,sense,wanted to get a sense for how much change
97,2021-02-09 17:00:00,NYSE,2020-Q4,AYX,sensing,6,7940,7949,sense,makes a lot of sense we ve talked for
97,2021-02-09 17:00:00,NYSE,2020-Q4,AYX,seizing,1,2347,2356,invest,where we expect to invest and the implications to
97,2021-02-09 17:00:00,NYSE,2020-Q4,AYX,seizing,2,2373,2382,investing,means we will be investing now to drive the
97,2021-02-09 17:00:00,NYSE,2020-Q4,AYX,seizing,3,5447,5456,invested,re all massively accenture invested in alteryx it makes
97,2021-02-09 17:00:00,NYSE,2020-Q4,AYX,seizing,4,6135,6144,investing,you you talked about investing more specifically in product
97,2021-02-09 17:00:00,NYSE,2020-Q4,AYX,seizing,5,6386,6395,invest,but i wanted to invest a lot more in
97,2021-02-09 17:00:00,NYSE,2020-Q4,AYX,seizing,6,7060,7078,investing,to be comfortable about investing either staying with alteryx in the future or investing even more with us
97,2021-02-09 17:00:00,NYSE,2020-Q4,AYX,seizing,7,9158,9167,invest,exist internationally we will invest heavily in capturing that
97,2021-02-09 17:00:00,NYSE,2020-Q4,AYX,seizing,8,9289,9298,seize,and we plan to seize the opportunities in front
97,2021-02-09 17:00:00,NYSE,2020-Q4,AYX,transforming,1,311,320,transform,the world adapt and transform with the sense of
97,2021-02-09 17:00:00,NYSE,2020-Q4,AYX,transforming,2,356,365,transform,submit that one cannot transform without harnessing control of
97,2021-02-09 17:00:00,NYSE,2020-Q4,AYX,transforming,3,1404,1413,transform,education and upskilling can transform people s lives the
97,2021-02-09 17:00:00,NYSE,2020-Q4,AYX,transforming,4,3388,3397,transforming,as we can while transforming the business right and
97,2021-02-09 17:00:00,NYSE,2020-Q4,AYX,transforming,5,3889,3898,transform,important like helping customers transform their businesses and so
97,2021-02-09 17:00:00,NYSE,2020-Q4,AYX,transforming,6,5797,5806,transforming,have that we re transforming the output for data
97,2021-02-09 17:00:00,NYSE,2020-Q4,AYX,transforming,7,6531,6540,transform,alteryx to continue to transform itself to becoming a
97,2021-02-09 17:00:00,NYSE,2020-Q4,AYX,transforming,8,6717,6726,transform,comments about continuing to transform the business and trend
98,2021-02-12 10:00:00,NYSE,2020-Q4,HUN,sensing,1,3572,3581,sense,to try to make sense of the seemingly ever
98,2021-02-12 10:00:00,NYSE,2020-Q4,HUN,sensing,2,8257,8266,sense,capex uptick which makes sense in what you ve
99,2021-03-02 09:00:00,NYSE,2020-Q4,TGT,sensing,1,3333,3342,shaped,particular category instead we shaped our business decisions around
99,2021-03-02 09:00:00,NYSE,2020-Q4,TGT,sensing,2,4236,4245,shaping,the things that are shaping their world and meeting
99,2021-03-02 09:00:00,NYSE,2020-Q4,TGT,sensing,3,6534,6543,sense,expertise empowerment and a sense of ownership in how
99,2021-03-02 09:00:00,NYSE,2020-Q4,TGT,sensing,4,10629,10638,sense,store would only make sense if it drove incremental
99,2021-03-02 09:00:00,NYSE,2020-Q4,TGT,sensing,5,18910,18919,sense,of a lot of sense because of the way
99,2021-03-02 09:00:00,NYSE,2020-Q4,TGT,seizing,1,468,477,invested,designed our strategy and invested accordingly we relentlessly asked
99,2021-03-02 09:00:00,NYSE,2020-Q4,TGT,seizing,2,1298,1307,invested,hour we ve consistently invested in our merchandising strength
99,2021-03-02 09:00:00,NYSE,2020-Q4,TGT,seizing,3,1354,1363,investing,and digital shopping experience investing billions in store remodels
99,2021-03-02 09:00:00,NYSE,2020-Q4,TGT,seizing,4,1392,1401,invest,we re continuing to invest in our team even
99,2021-03-02 09:00:00,NYSE,2020-Q4,TGT,seizing,5,1450,1459,invested,in january when we invested another million to reward
99,2021-03-02 09:00:00,NYSE,2020-Q4,TGT,seizing,6,3590,3599,invested,beloved brand because we invested in co creating this
99,2021-03-02 09:00:00,NYSE,2020-Q4,TGT,seizing,7,4404,4413,investing,morning we have been investing in them for years
99,2021-03-02 09:00:00,NYSE,2020-Q4,TGT,seizing,8,6771,6780,invest,we do we ll invest in more capacity and
99,2021-03-02 09:00:00,NYSE,2020-Q4,TGT,seizing,9,8217,8226,investing,our guests we re investing in a lot of
99,2021-03-02 09:00:00,NYSE,2020-Q4,TGT,seizing,10,9448,9457,invest,more effectively we can invest in what they want
99,2021-03-02 09:00:00,NYSE,2020-Q4,TGT,seizing,11,9469,9478,invest,lives easier if we invest the right way guests
99,2021-03-02 09:00:00,NYSE,2020-Q4,TGT,seizing,12,9490,9499,invest,create additional opportunities to invest our success in which
99,2021-03-02 09:00:00,NYSE,2020-Q4,TGT,seizing,13,10205,10214,invest,day services while we invest to broaden shipt s
99,2021-03-02 09:00:00,NYSE,2020-Q4,TGT,seizing,14,10293,10302,investing,john covered we re investing to modernize our network
99,2021-03-02 09:00:00,NYSE,2020-Q4,TGT,seizing,15,10777,10786,invest,opportunity nearby we can invest in another of these
99,2021-03-02 09:00:00,NYSE,2020-Q4,TGT,seizing,16,10944,10953,invest,remodels we ll also invest in ulta beauty shop
99,2021-03-02 09:00:00,NYSE,2020-Q4,TGT,seizing,17,11047,11056,investing,our laser focus on investing for the long term
99,2021-03-02 09:00:00,NYSE,2020-Q4,TGT,seizing,18,12293,12302,invest,while we continue to invest in long term growth
99,2021-03-02 09:00:00,NYSE,2020-Q4,TGT,seizing,19,12629,12638,invest,first we look to invest in the business in
99,2021-03-02 09:00:00,NYSE,2020-Q4,TGT,seizing,20,12824,12833,invest,outlined our plan to invest about billion this year
99,2021-03-02 09:00:00,NYSE,2020-Q4,TGT,seizing,21,13232,13241,invested,an increase in the invested capital portion of this
99,2021-03-02 09:00:00,NYSE,2020-Q4,TGT,seizing,22,13366,13375,investing,said we d be investing to put our stores
99,2021-03-02 09:00:00,NYSE,2020-Q4,TGT,seizing,23,13438,13447,invest,but we continued to invest with a long view
99,2021-03-02 09:00:00,NYSE,2020-Q4,TGT,seizing,24,13492,13501,investing,on playing offense and investing in continued growth just
99,2021-03-02 09:00:00,NYSE,2020-Q4,TGT,seizing,25,15215,15224,invest,brands and continue to invest in building a trusted
99,2021-03-02 09:00:00,NYSE,2020-Q4,TGT,seizing,26,15549,15558,investing,a long history of investing in our team that
99,2021-03-02 09:00:00,NYSE,2020-Q4,TGT,seizing,27,17507,17516,invest,of capital we d invest in stores in remodeling
99,2021-03-02 09:00:00,NYSE,2020-Q4,TGT,seizing,28,17562,17576,investing,commitment to our team investing in wages and benefits investing in training and crew
99,2021-03-02 09:00:00,NYSE,2020-Q4,TGT,seizing,29,17666,17675,invested,leadership position with wages invested in our team provided
99,2021-03-02 09:00:00,NYSE,2020-Q4,TGT,seizing,30,17715,17724,invest,to make sure we invest in our team to
99,2021-03-02 09:00:00,NYSE,2020-Q4,TGT,seizing,31,19182,19191,investing,of where we re investing going forward is to
100,2022-03-03 05:00:00,NYSE,2021-Q4,SBSW,sensing,1,3202,3211,shape,that are going to shape the fifth industrial revolution
100,2022-03-03 05:00:00,NYSE,2021-Q4,SBSW,sensing,2,10124,10133,sense,values it may make sense now i need to
100,2022-03-03 05:00:00,NYSE,2021-Q4,SBSW,sensing,3,10158,10167,sense,of course it makes sense to use our currency
100,2022-03-03 05:00:00,NYSE,2021-Q4,SBSW,seizing,1,8795,8804,invest,are making commitments to invest in social upliftment to
101,2020-08-06 09:30:00,(NYSE,2020-Q2,STNG),sensing,1,8268,8277,sense,to get a better sense for an updated kind
101,2020-08-06 09:30:00,(NYSE,2020-Q2,STNG),sensing,2,9397,9406,sense,to you which makes sense how do you think
102,2019-10-31 11:00:00,NYSE,2019-Q3,WWE,sensing,1,2754,2763,shaping,and how that s shaping up george a barrios
102,2019-10-31 11:00:00,NYSE,2019-Q3,WWE,sensing,2,6924,6933,sense,so you get a sense of the scale of
102,2019-10-31 11:00:00,NYSE,2019-Q3,WWE,seizing,1,421,430,investing,our brands this included investing in our core in
102,2019-10-31 11:00:00,NYSE,2019-Q3,WWE,seizing,2,2293,2302,investing,about where you re investing more in content now
102,2019-10-31 11:00:00,NYSE,2019-Q3,WWE,seizing,3,6448,6457,invest,structure and continue to invest in that and strengthen
102,2019-10-31 11:00:00,NYSE,2019-Q3,WWE,seizing,4,7296,7305,investing,forward and also just investing in the core in
102,2019-10-31 11:00:00,NYSE,2019-Q3,WWE,seizing,5,8968,8977,invested,content and certainly we invested in our core in
102,2019-10-31 11:00:00,NYSE,2019-Q3,WWE,transforming,1,2153,2162,transform,we believe we can transform our business drive growth
103,2021-04-28 07:00:00,NYSE,2021-Q1,DB,sensing,1,10698,10707,sense,quarter is in a sense calling a turn in
103,2021-04-28 07:00:00,NYSE,2021-Q1,DB,transforming,1,186,195,transform,gave ourselves quarters to transform deutsche bank and quarters
104,2021-06-08 08:00:00,NYSE,2021-Q1,CHS,sensing,1,1151,1160,sense,proofing are driving a sense of urgency for customer
104,2021-06-08 08:00:00,NYSE,2021-Q1,CHS,sensing,2,1317,1326,sense,or buyouts make economic sense we have lease flexibility
104,2021-06-08 08:00:00,NYSE,2021-Q1,CHS,transforming,1,621,630,transformed,years we have successfully transformed into a seamless digital
105,2021-05-04 17:00:00,NASDAQ,2021-Q3,MRCY,sensing,1,6032,6041,sense,in an absolute dollar sense is pretty large for
105,2021-05-04 17:00:00,NASDAQ,2021-Q3,MRCY,seizing,1,396,405,investing,continue to execute strategically investing in r d and
105,2021-05-04 17:00:00,NASDAQ,2021-Q3,MRCY,seizing,2,1730,1739,invest,the second is to invest in new technologies our
105,2021-05-04 17:00:00,NASDAQ,2021-Q3,MRCY,seizing,3,1780,1789,investing,allow us to continue investing in organic growth while
105,2021-05-04 17:00:00,NASDAQ,2021-Q3,MRCY,seizing,4,2849,2858,invest,have significant capacity to invest for organic growth as
105,2021-05-04 17:00:00,NASDAQ,2021-Q3,MRCY,seizing,5,3314,3323,invest,as we continue to invest in growing the business
105,2021-05-04 17:00:00,NASDAQ,2021-Q3,MRCY,seizing,6,6756,6765,invested,ve talked about we invested in inventory to derisk
105,2021-05-04 17:00:00,NASDAQ,2021-Q3,MRCY,transforming,1,7146,7155,transform,available silicon and then transform it for use for
106,2021-06-02 17:00:00,NYSE,2021-Q4,AI,sensing,1,8478,8487,sense,wanted to get a sense of what s driving
106,2021-06-02 17:00:00,NYSE,2021-Q4,AI,sensing,2,8859,8868,sense,analyst it makes total sense though the follow up
106,2021-06-02 17:00:00,NYSE,2021-Q4,AI,sensing,3,9834,9843,sense,wanted to get a sense of how conservative your
106,2021-06-02 17:00:00,NYSE,2021-Q4,AI,seizing,1,1544,1553,investing,segments we are aggressively investing to extend our product
106,2021-06-02 17:00:00,NYSE,2021-Q4,AI,seizing,2,2381,2399,"invest, invested",increase of we thoughtfully invested throughout the year and we will continue to invest with focus on expanding
106,2021-06-02 17:00:00,NYSE,2021-Q4,AI,seizing,3,2696,2705,invest,noting that we will invest thoughtfully to expand our
106,2021-06-02 17:00:00,NYSE,2021-Q4,AI,seizing,4,6668,6677,investing,expect us to be investing this year in a
106,2021-06-02 17:00:00,NYSE,2021-Q4,AI,seizing,5,10540,10549,seize,been better positioned to seize the market opportunity so
108,2021-04-29 09:00:00,NYSE,2021-Q1,FCN,sensing,1,631,640,sense,i think we can sense at least the beginning
108,2021-04-29 09:00:00,NYSE,2021-Q1,FCN,sensing,2,3695,3704,sense,that to get a sense of maybe some of
108,2021-04-29 09:00:00,NYSE,2021-Q1,FCN,sensing,3,6766,6775,sense,securities analyst that makes sense do you have an
108,2021-04-29 09:00:00,NYSE,2021-Q1,FCN,sensing,4,7546,7555,sense,it has to make sense for us and we
108,2021-04-29 09:00:00,NYSE,2021-Q1,FCN,sensing,5,7559,7568,sense,standards and what makes sense for us but there
108,2021-04-29 09:00:00,NYSE,2021-Q1,FCN,sensing,6,8033,8042,sense,yeah absolutely makes perfect sense thank you for your
108,2021-04-29 09:00:00,NYSE,2021-Q1,FCN,seizing,1,6113,6122,invest,mean any time you invest for growth do often
108,2021-04-29 09:00:00,NYSE,2021-Q1,FCN,seizing,2,6496,6511,invest,with ambition both to invest behind our core and also invest in adjacencies so i
108,2021-04-29 09:00:00,NYSE,2021-Q1,FCN,seizing,3,7017,7026,invested,segment s history we invested and i think we
108,2021-04-29 09:00:00,NYSE,2021-Q1,FCN,seizing,4,7253,7262,invest,we re going to invest in that business and
109,2021-07-09 12:00:00,NASDAQ,2021-Q3,PSMT,seizing,1,2299,2308,investing,be buoyed by further investing in talent and technology
109,2021-07-09 12:00:00,NASDAQ,2021-Q3,PSMT,seizing,2,3885,3894,investing,net cash used in investing activities decreased by million
109,2021-07-09 12:00:00,NASDAQ,2021-Q3,PSMT,seizing,3,4050,4059,invest,while also continuing to invest in the future therefore
109,2021-07-09 12:00:00,NASDAQ,2021-Q3,PSMT,seizing,4,4875,4884,invest,you to continue to invest in that area but
109,2021-07-09 12:00:00,NASDAQ,2021-Q3,PSMT,seizing,5,4937,4946,investing,sure that we are investing appropriately to build the
110,2022-05-04 08:30:00,NASDAQ,2022-Q3,LITE,sensing,1,546,555,sensing,performance lasers for d sensing and lidar are expanding
110,2022-05-04 08:30:00,NASDAQ,2022-Q3,LITE,sensing,2,1228,1244,sensing,expected due to d sensing seasonality we are expanding our d sensing and lidar platforms into
110,2022-05-04 08:30:00,NASDAQ,2022-Q3,LITE,sensing,3,1279,1288,sensing,time of flight d sensing together with ambarella s
110,2022-05-04 08:30:00,NASDAQ,2022-Q3,LITE,sensing,4,3809,3818,sensing,talked about the d sensing business as kind of
110,2022-05-04 08:30:00,NASDAQ,2022-Q3,LITE,sensing,5,3949,3958,sensing,outsized share in d sensing that share normalization being
110,2022-05-04 08:30:00,NASDAQ,2022-Q3,LITE,sensing,6,4022,4031,sensing,current situation in d sensing or industrial and consumer
110,2022-05-04 08:30:00,NASDAQ,2022-Q3,LITE,sensing,7,4838,4847,sense,wanted to get a sense for how large you
110,2022-05-04 08:30:00,NASDAQ,2022-Q3,LITE,sensing,8,6169,6178,sensing,commentary suggested maybe external sensing coming a little closer
110,2022-05-04 08:30:00,NASDAQ,2022-Q3,LITE,sensing,9,6235,6244,sensing,on application for external sensing chris coldren chief strategy
110,2022-05-04 08:30:00,NASDAQ,2022-Q3,LITE,sensing,10,6637,6646,sensing,analyst on the d sensing side just to follow
110,2022-05-04 08:30:00,NASDAQ,2022-Q3,LITE,sensing,11,6751,6760,sensing,give a specific d sensing number for the june
110,2022-05-04 08:30:00,NASDAQ,2022-Q3,LITE,sensing,12,6813,6822,sensing,year decline in d sensing for example in the
110,2022-05-04 08:30:00,NASDAQ,2022-Q3,LITE,sensing,13,6876,6885,shaped,little b or u shaped if you were to
110,2022-05-04 08:30:00,NASDAQ,2022-Q3,LITE,sensing,14,8388,8397,sensing,which increasingly leverage d sensing and lidar capabilities at
110,2022-05-04 08:30:00,NASDAQ,2022-Q3,LITE,seizing,1,7262,7271,invest,we ve continued to invest in r d and
111,2021-08-05 17:00:00,NASDAQ,2021-Q2,HCAT,sensing,1,3538,3547,sense,needed it does make sense for your comments ryan
111,2021-08-05 17:00:00,NASDAQ,2021-Q2,HCAT,sensing,2,6541,6550,sense,james analyst that makes sense and i think you
111,2021-08-05 17:00:00,NASDAQ,2021-Q2,HCAT,sensing,3,6854,6863,sense,a little bit more sense of normalcy in capital
111,2021-08-05 17:00:00,NASDAQ,2021-Q2,HCAT,sensing,4,7426,7435,sense,right now to a sense that on balance we
111,2021-08-05 17:00:00,NASDAQ,2021-Q2,HCAT,sensing,5,7599,7608,sense,corp analyst and any sense for the attach rates
111,2021-08-05 17:00:00,NASDAQ,2021-Q2,HCAT,seizing,1,3558,3567,investing,we have consistently been investing from an r d
111,2021-08-05 17:00:00,NASDAQ,2021-Q2,HCAT,seizing,2,3595,3604,invest,d perspective to meaningfully invest in this suite as
111,2021-08-05 17:00:00,NASDAQ,2021-Q2,HCAT,seizing,3,4495,4504,investing,make sure we re investing in understanding guidelines that
111,2021-08-05 17:00:00,NASDAQ,2021-Q2,HCAT,seizing,4,8620,8629,investing,have to date been investing organically as a company
111,2021-08-05 17:00:00,NASDAQ,2021-Q2,HCAT,seizing,5,8755,8764,invest,we ll continue to invest organically as a company
112,2021-04-19 08:30:00,NYSE,2021-Q1,KO,sensing,1,3632,3641,sense,just in a normal sense it s early in
112,2021-04-19 08:30:00,NYSE,2021-Q1,KO,sensing,2,3906,3922,sense,not in a business sense but in a lockdown and reopening sense and the reality is
112,2021-04-19 08:30:00,NYSE,2021-Q1,KO,sensing,3,4487,4496,shape,covered and in good shape and so when you
112,2021-04-19 08:30:00,NYSE,2021-Q1,KO,sensing,4,5169,5178,sense,global solution makes total sense we ve had examples
112,2021-04-19 08:30:00,NYSE,2021-Q1,KO,sensing,5,5844,5853,sense,you give us a sense of where you are
112,2021-04-19 08:30:00,NYSE,2021-Q1,KO,sensing,6,6943,6952,sense,you know in a sense april last year was
112,2021-04-19 08:30:00,NYSE,2021-Q1,KO,seizing,1,753,762,invest,out and we ll invest to drive momentum with
112,2021-04-19 08:30:00,NYSE,2021-Q1,KO,seizing,2,4025,4034,investing,judicious and focused on investing where we believe reopening
112,2021-04-19 08:30:00,NYSE,2021-Q1,KO,seizing,3,4037,4046,investing,coming back and not investing if we don t
112,2021-04-19 08:30:00,NYSE,2021-Q1,KO,seizing,4,4172,4181,invest,judiciously and wanting to invest to drive growth and
112,2021-04-19 08:30:00,NYSE,2021-Q1,KO,seizing,5,5401,5410,invest,comments on wanting to invest to support recovery is
112,2021-04-19 08:30:00,NYSE,2021-Q1,KO,seizing,6,7878,7887,invest,other companies other companies invest in in into the
112,2021-04-19 08:30:00,NYSE,2021-Q1,KO,seizing,7,9169,9178,investing,we re kind of investing both in the consumer
112,2021-04-19 08:30:00,NYSE,2021-Q1,KO,seizing,8,9182,9191,investing,doing a great job investing for the customers and
113,2021-02-23 08:30:00,NASDAQ,2020-Q4,CMLS,sensing,1,2478,2487,sense,you give us a sense of where those costs
113,2021-02-23 08:30:00,NASDAQ,2020-Q4,CMLS,sensing,2,2721,2730,sense,you give us a sense of what political was
113,2021-02-23 08:30:00,NASDAQ,2020-Q4,CMLS,sensing,3,2781,2790,sense,you give us a sense of what that is
113,2021-02-23 08:30:00,NASDAQ,2020-Q4,CMLS,sensing,4,2867,2876,sense,can you this a sense of what are there
113,2021-02-23 08:30:00,NASDAQ,2020-Q4,CMLS,sensing,5,2891,2900,sense,of give us a sense of the geography of
113,2021-02-23 08:30:00,NASDAQ,2020-Q4,CMLS,sensing,6,3050,3059,shaping,on how that s shaping up frank lopez balboa
113,2021-02-23 08:30:00,NASDAQ,2020-Q4,CMLS,sensing,7,3540,3549,sense,can give us a sense of how big you
113,2021-02-23 08:30:00,NASDAQ,2020-Q4,CMLS,sensing,8,3841,3850,sense,financial analyst that makes sense thank you very much
113,2021-02-23 08:30:00,NASDAQ,2020-Q4,CMLS,sensing,9,4260,4269,sense,it ok that makes sense that s all i
114,2021-08-11 08:00:00,(NYSE,2021-Q2,ATC),sensing,1,5107,5116,sense,kind of get the sense that you re going
114,2021-08-11 08:00:00,(NYSE,2021-Q2,ATC),sensing,2,6137,6146,sense,you give us a sense for just how much
114,2021-08-11 08:00:00,(NYSE,2021-Q2,ATC),seizing,1,2337,2346,investing,when it comes to investing for future growth our
114,2021-08-11 08:00:00,(NYSE,2021-Q2,ATC),seizing,2,6904,6915,invest,our customers here we invest we invest for internal capabilities as
114,2021-08-11 08:00:00,(NYSE,2021-Q2,ATC),seizing,3,7086,7095,invest,and the ability to invest for further growth in
115,2021-02-17 17:00:00,NASDAQ,2020-Q4,TLRY,sensing,1,7320,7329,sense,just doesn t make sense at all and then
115,2021-02-17 17:00:00,NASDAQ,2020-Q4,TLRY,transforming,1,3359,3368,transform,significant progress during to transform and strengthen our business
116,2019-11-18 08:00:00,NYSE,2019-Q3,CTK,seizing,1,990,999,investing,vertical area we are investing to firmly establish and
116,2019-11-18 08:00:00,NYSE,2019-Q3,CTK,seizing,2,1216,1225,invest,will continue to strongly invest in both advertising technology
116,2019-11-18 08:00:00,NYSE,2019-Q3,CTK,seizing,3,2442,2451,invest,will continue to strongly invest in both advertising technologies
116,2019-11-18 08:00:00,NYSE,2019-Q3,CTK,seizing,4,2500,2509,invest,we are confident to invest more and user acquisition
116,2019-11-18 08:00:00,NYSE,2019-Q3,CTK,seizing,5,3411,3420,investing,yes so we are investing more to acquire users
117,2021-03-11 17:00:00,NYSE,2021-Q4,ZUO,seizing,1,392,401,invested,alliances and partnerships and invested in our product road
117,2021-03-11 17:00:00,NYSE,2021-Q4,ZUO,seizing,2,708,717,invest,faster we continue to invest in customer success this
117,2021-03-11 17:00:00,NYSE,2021-Q4,ZUO,seizing,3,1622,1631,invest,prime practices where they invest in and strengthen their
117,2021-03-11 17:00:00,NYSE,2021-Q4,ZUO,transforming,1,5613,5622,transform,and is looking to transform right we re more
118,2020-05-26 17:00:00,NYSE,2020-Q1,OOMA,sensing,1,4940,4949,sense,you can give a sense of what percentage of
119,2021-04-29 17:00:00,NASDAQ,2021-Q1,MVIS,sensing,1,6271,6280,sense,very unique in that sense but if a rear
119,2021-04-29 17:00:00,NASDAQ,2021-Q1,MVIS,sensing,2,6949,6961,sense,right it makes total sense makes total sense right lets you be
119,2021-04-29 17:00:00,NASDAQ,2021-Q1,MVIS,sensing,3,7306,7315,sense,nobody can save any sense of refinery or not
119,2021-04-29 17:00:00,NASDAQ,2021-Q1,MVIS,sensing,4,7588,7597,sense,about consolidation is common sense and you re not
119,2021-04-29 17:00:00,NASDAQ,2021-Q1,MVIS,sensing,5,10107,10116,sense,investor ok that makes sense to me thank you
119,2021-04-29 17:00:00,NASDAQ,2021-Q1,MVIS,sensing,6,10463,10472,sense,picked one that makes sense what we re doing
119,2021-04-29 17:00:00,NASDAQ,2021-Q1,MVIS,seizing,1,300,309,investing,risk factors associated with investing in microvision these risk
120,2021-02-11 17:00:00,NASDAQ,2020-Q4,BJRI,sensing,1,4354,4363,sense,baird analyst that makes sense and then if i
120,2021-02-11 17:00:00,NASDAQ,2020-Q4,BJRI,sensing,2,4519,4528,sense,volumes or in traditional sense november december we re
120,2021-02-11 17:00:00,NASDAQ,2020-Q4,BJRI,sensing,3,4723,4732,sense,foremost if that makes sense so that we don
120,2021-02-11 17:00:00,NASDAQ,2020-Q4,BJRI,sensing,4,5733,5742,sense,trying to get your sense for the the labor
120,2021-02-11 17:00:00,NASDAQ,2020-Q4,BJRI,sensing,5,9077,9086,sense,channels if that makes sense right but the more
120,2021-02-11 17:00:00,NASDAQ,2020-Q4,BJRI,sensing,6,9296,9305,sense,co inc analyst makes sense thanks for all the
120,2021-02-11 17:00:00,NASDAQ,2020-Q4,BJRI,seizing,1,1001,1010,invest,a strong position to invest in the right growth
120,2021-02-11 17:00:00,NASDAQ,2020-Q4,BJRI,seizing,2,2670,2679,invest,restaurant expansion and further invest in our sales driving
120,2021-02-11 17:00:00,NASDAQ,2020-Q4,BJRI,seizing,3,6138,6147,invest,areas we will always invest in technology we always
120,2021-02-11 17:00:00,NASDAQ,2020-Q4,BJRI,seizing,4,6309,6318,invest,but we ll always invest in technology if we
120,2021-02-11 17:00:00,NASDAQ,2020-Q4,BJRI,seizing,5,6374,6383,invest,we ll continue to invest on that aspect of
121,2021-07-27 08:30:00,NASDAQ,2021-Q2,AGNC,sensing,1,6194,6203,sense,good to get a sense for how much extension
122,2021-08-06 14:30:00,NASDAQ,2021-Q2,LHCG,sensing,1,556,565,sense,healthcare policy this common sense legislation will allow qualifying
122,2021-08-06 14:30:00,NASDAQ,2021-Q2,LHCG,sensing,2,2305,2314,shaping,following acquisition while is shaping up to be a
122,2021-08-06 14:30:00,NASDAQ,2021-Q2,LHCG,sensing,3,3712,3721,sense,you give us a sense of kind of what
122,2021-08-06 14:30:00,NASDAQ,2021-Q2,LHCG,sensing,4,6652,6661,sense,just give us a sense for how you re
122,2021-08-06 14:30:00,NASDAQ,2021-Q2,LHCG,sensing,5,7676,7685,sense,analyst right it makes sense and i guess on
122,2021-08-06 14:30:00,NASDAQ,2021-Q2,LHCG,sensing,6,10365,10374,sense,do you have a sense that maybe this is
122,2021-08-06 14:30:00,NASDAQ,2021-Q2,LHCG,sensing,7,10717,10726,sense,that you provided any sense would there be a
122,2021-08-06 14:30:00,NASDAQ,2021-Q2,LHCG,seizing,1,3036,3045,invested,josh the company has invested intently on increasing and
122,2021-08-06 14:30:00,NASDAQ,2021-Q2,LHCG,seizing,2,4903,4912,invested,structure what we ve invested in education in tuition
122,2021-08-06 14:30:00,NASDAQ,2021-Q2,LHCG,seizing,3,5069,5078,invested,so we ve really invested a lot in them
122,2021-08-06 14:30:00,NASDAQ,2021-Q2,LHCG,seizing,4,5177,5186,invested,there but we ve invested in that too over
122,2021-08-06 14:30:00,NASDAQ,2021-Q2,LHCG,seizing,5,5353,5362,invested,on it we have invested in our people for
122,2021-08-06 14:30:00,NASDAQ,2021-Q2,LHCG,seizing,6,10245,10254,investing,mean we ve been investing in culture for about
123,2022-11-07 16:30:00,NASDAQ,2023-Q2,TTWO,sensing,1,4074,4083,shape,ll be in good shape eric handler mkm partners
123,2022-11-07 16:30:00,NASDAQ,2023-Q2,TTWO,sensing,2,7136,7145,sense,game concepts that make sense from a commercial perspective
123,2022-11-07 16:30:00,NASDAQ,2023-Q2,TTWO,sensing,3,8413,8422,sense,really doesn t make sense for us to give
123,2022-11-07 16:30:00,NASDAQ,2023-Q2,TTWO,sensing,4,9027,9036,sense,offerings when it makes sense for us and my
123,2022-11-07 16:30:00,NASDAQ,2023-Q2,TTWO,sensing,5,9120,9129,sense,subscription makes as much sense for interactive entertainment as
123,2022-11-07 16:30:00,NASDAQ,2023-Q2,TTWO,sensing,6,9149,9158,sense,was whether it made sense and this is a
123,2022-11-07 16:30:00,NASDAQ,2023-Q2,TTWO,sensing,7,9183,9200,sense,think that ever made sense i still don t think it makes sense and i believe that
123,2022-11-07 16:30:00,NASDAQ,2023-Q2,TTWO,sensing,8,9206,9215,sense,it doesn t make sense it s just a
123,2022-11-07 16:30:00,NASDAQ,2023-Q2,TTWO,sensing,9,9869,9878,sense,see when it makes sense for us to do
123,2022-11-07 16:30:00,NASDAQ,2023-Q2,TTWO,seizing,1,5005,5023,"invest, investing",can see the company investing in that over time and we continue to invest that and as we
123,2022-11-07 16:30:00,NASDAQ,2023-Q2,TTWO,seizing,2,5111,5120,invest,going to continue to invest in that you saw
124,2022-10-27 17:30:00,NASDAQ,2022-Q3,AMZN,sensing,1,2494,2503,shaping,optimize in what is shaping up as a tough
124,2022-10-27 17:30:00,NASDAQ,2022-Q3,AMZN,seizing,1,1339,1348,invest,re also continuing to invest in new infrastructure to
124,2022-10-27 17:30:00,NASDAQ,2022-Q3,AMZN,seizing,2,1722,1731,investing,the right balance between investing for our customers for
125,,NASDAQ,2018-Q4,BCOR,sensing,1,1680,1689,sense,for our customers our sense of these initiatives will
125,,NASDAQ,2018-Q4,BCOR,sensing,2,6122,6131,sense,do you have a sense john where you re
125,,NASDAQ,2018-Q4,BCOR,sensing,3,6397,6406,sense,just give us a sense of when are you
125,,NASDAQ,2018-Q4,BCOR,sensing,4,7180,7189,shaping,march so it s shaping up in terms of
125,,NASDAQ,2018-Q4,BCOR,sensing,5,7904,7913,sense,the season but any sense of what the average
125,,NASDAQ,2018-Q4,BCOR,sensing,6,7921,7930,sense,and maybe even a sense of the economics of
125,,NASDAQ,2018-Q4,BCOR,sensing,7,8093,8102,sense,is their s economic sense for our value card
125,,NASDAQ,2018-Q4,BCOR,seizing,1,3777,3786,invested,strengthened our platform we invested for future growth we
125,,NASDAQ,2018-Q4,BCOR,transforming,1,2433,2442,transformed,months that has created transformed advisor experience with next
126,2021-11-08 04:00:00,NASDAQ,2021-Q3,IMOS,seizing,1,1572,1581,invested,expenditures and depreciation we invested twd million in capex
127,2021-02-18 17:00:00,NASDAQ,2020-Q4,ROKU,sensing,1,2015,2024,sense,into that in the sense that it s premium
127,2021-02-18 17:00:00,NASDAQ,2020-Q4,ROKU,sensing,2,4543,4552,sense,countries as that make sense and then i think
127,2021-02-18 17:00:00,NASDAQ,2020-Q4,ROKU,seizing,1,1442,1451,invest,will continue to aggressively invest in our business to
127,2021-02-18 17:00:00,NASDAQ,2020-Q4,ROKU,seizing,2,3138,3147,investing,the importance of advertisers investing in ott so all
127,2021-02-18 17:00:00,NASDAQ,2020-Q4,ROKU,seizing,3,3904,3913,investing,why we ve been investing in oneview and we
127,2021-02-18 17:00:00,NASDAQ,2020-Q4,ROKU,seizing,4,4135,4144,investing,here but we are investing internationally and i would
127,2021-02-18 17:00:00,NASDAQ,2020-Q4,ROKU,seizing,5,5343,5352,investing,push the gas on investing in the business with
127,2021-02-18 17:00:00,NASDAQ,2020-Q4,ROKU,seizing,6,5482,5500,"invest, investing",re going to keep investing in we re going to invest in growth investing and expanding our competitive
127,2021-02-18 17:00:00,NASDAQ,2020-Q4,ROKU,seizing,7,5757,5766,investing,we feel more comfortable investing aggressively i d point
127,2021-02-18 17:00:00,NASDAQ,2020-Q4,ROKU,seizing,8,5785,5794,invest,we re going to invest certainly we re an
127,2021-02-18 17:00:00,NASDAQ,2020-Q4,ROKU,seizing,9,5846,5855,investing,other thing we re investing for the future and
127,2021-02-18 17:00:00,NASDAQ,2020-Q4,ROKU,seizing,10,7459,7468,invest,s important is to invest to maintain and grow
127,2021-02-18 17:00:00,NASDAQ,2020-Q4,ROKU,seizing,11,7483,7492,invest,going to continue to invest aggressively in different aspects
127,2021-02-18 17:00:00,NASDAQ,2020-Q4,ROKU,seizing,12,8036,8049,invest,who either couldn t invest or couldn t invest much in television because
127,2021-02-18 17:00:00,NASDAQ,2020-Q4,ROKU,seizing,13,8076,8085,invested,who may have historically invested much more heavily in
127,2021-02-18 17:00:00,NASDAQ,2020-Q4,ROKU,seizing,14,9139,9148,invested,example they re heavily invested in hulu they didn
127,2021-02-18 17:00:00,NASDAQ,2020-Q4,ROKU,seizing,15,9185,9194,invest,other reasons that advertisers invest directly with us one
127,2021-02-18 17:00:00,NASDAQ,2020-Q4,ROKU,seizing,16,9204,9213,investing,mean we ve been investing for years in our
127,2021-02-18 17:00:00,NASDAQ,2020-Q4,ROKU,seizing,17,9266,9275,investing,and frequency and performance investing with roku is a
127,2021-02-18 17:00:00,NASDAQ,2020-Q4,ROKU,seizing,18,9296,9305,invested,the reasons we ve invested so heavily in the
128,2021-02-26 20:30:00,NASDAQ,2020-Q4,CGEN,sensing,1,7132,7141,sense,just trying to get sense as to whether or
128,2021-02-26 20:30:00,NASDAQ,2020-Q4,CGEN,sensing,2,7961,7970,sense,trying to get a sense for if you have
128,2021-02-26 20:30:00,NASDAQ,2020-Q4,CGEN,sensing,3,8852,8861,sense,trying to get a sense as to how you
128,2021-02-26 20:30:00,NASDAQ,2020-Q4,CGEN,sensing,4,9951,9960,sense,some sort of a sense to that and perhaps
128,2021-02-26 20:30:00,NASDAQ,2020-Q4,CGEN,seizing,1,2616,2625,invest,in we continued to invest in our early stage
129,2021-02-04 16:30:00,NYSE,2020-Q4,ONTO,sensing,1,3010,3019,sense,end weighted linearity any sense from your end in
129,2021-02-04 16:30:00,NYSE,2020-Q4,ONTO,seizing,1,2335,2344,investing,led by logic customers investing in both nanometer and
130,2022-11-08 09:00:00,NASDAQ,2022-Q3,MNKD,sensing,1,244,253,shape,is really starting to shape up as you look
130,2022-11-08 09:00:00,NASDAQ,2022-Q3,MNKD,sensing,2,6208,6217,sense,trying to get a sense of the potential ramp
130,2022-11-08 09:00:00,NASDAQ,2022-Q3,MNKD,sensing,3,7384,7393,shape,is in the best shape it s ever been
130,2022-11-08 09:00:00,NASDAQ,2022-Q3,MNKD,seizing,1,2110,2119,invest,we re able to invest behind our pipeline and
130,2022-11-08 09:00:00,NASDAQ,2022-Q3,MNKD,seizing,2,3658,3672,invest,information that should we invest more in should we invest harder in pediatrics let
130,2022-11-08 09:00:00,NASDAQ,2022-Q3,MNKD,seizing,3,3819,3828,invest,is there ways to invest to bring more efficiencies
130,2022-11-08 09:00:00,NASDAQ,2022-Q3,MNKD,seizing,4,5449,5458,invest,here we expect to invest in that product and
130,2022-11-08 09:00:00,NASDAQ,2022-Q3,MNKD,transforming,1,7084,7093,transform,game changing opportunity to transform growth to and then
131,2021-05-07 20:00:00,NYSE,2021-Q1,HR,sensing,1,4856,4865,sense,analyst okay that makes sense and then kris just
131,2021-05-07 20:00:00,NYSE,2021-Q1,HR,sensing,2,5996,6005,sense,stanley analyst that makes sense man give it given
131,2021-05-07 20:00:00,NYSE,2021-Q1,HR,sensing,3,6263,6272,sense,rate levels and make sense of them and a
131,2021-05-07 20:00:00,NYSE,2021-Q1,HR,sensing,4,6354,6363,sense,got it that makes sense and then just one
131,2021-05-07 20:00:00,NYSE,2021-Q1,HR,sensing,5,11496,11505,sense,we can make better sense of it or maybe
131,2021-05-07 20:00:00,NYSE,2021-Q1,HR,seizing,1,688,697,invest,relationships this helps us invest in more than our
131,2021-05-07 20:00:00,NYSE,2021-Q1,HR,seizing,2,719,728,invest,campus we will also invest selectively in higher yielding
131,2021-05-07 20:00:00,NYSE,2021-Q1,HR,seizing,3,1435,1444,investing,to a solid start investing this year our relationships
131,2021-05-07 20:00:00,NYSE,2021-Q1,HR,seizing,4,5697,5706,invest,we ll continue to invest in both aggressively but
131,2021-05-07 20:00:00,NYSE,2021-Q1,HR,seizing,5,8867,8876,investing,sure that we are investing the capital and ti
132,2021-02-25 10:00:00,NYSE,2020-Q4,CLF,sensing,1,4379,4388,shape,pretty much in good shape the equipment at arcelormittal
132,2021-02-25 10:00:00,NYSE,2020-Q4,CLF,sensing,2,6058,6067,shaping,states so everything is shaping up extremely well for
132,2021-02-25 10:00:00,NYSE,2020-Q4,CLF,sensing,3,7454,7463,sense,makes a lot of sense for example we are
132,2021-02-25 10:00:00,NYSE,2020-Q4,CLF,sensing,4,8427,8436,shape,now are in good shape on behalf of our
132,2021-02-25 10:00:00,NYSE,2020-Q4,CLF,seizing,1,2280,2289,invest,employee you can t invest capital to protect the
132,2021-02-25 10:00:00,NYSE,2020-Q4,CLF,seizing,2,2325,2334,invested,to generate return on invested capital and not for
132,2021-02-25 10:00:00,NYSE,2020-Q4,CLF,seizing,3,4175,4184,invest,there any need to invest more capex going forward
132,2021-02-25 10:00:00,NYSE,2020-Q4,CLF,seizing,4,6305,6318,"invest, investing",ready so we are investing real money we invest billion in that plant
132,2021-02-25 10:00:00,NYSE,2020-Q4,CLF,seizing,5,8282,8311,"invest, investing",convinced that people that invest on cleveland cliffs they re not investing for business they are investing for and if they are they are investing in their own company
132,2021-02-25 10:00:00,NYSE,2020-Q4,CLF,seizing,6,8437,8446,invested,to generate return on invested capital one year from
132,2021-02-25 10:00:00,NYSE,2020-Q4,CLF,seizing,7,8646,8655,invested,so we have already invested that massive amount everything
132,2021-02-25 10:00:00,NYSE,2020-Q4,CLF,transforming,1,2913,2922,transformed,emissions while we have transformed as a business we
132,2021-02-25 10:00:00,NYSE,2020-Q4,CLF,transforming,2,5678,5687,transformed,can say that i transformed my yearly revenues and
132,2021-02-25 10:00:00,NYSE,2020-Q4,CLF,transforming,3,6221,6230,transform,years to years to transform the steel business in
133,2021-04-28 08:00:00,NYSE,2021-Q1,SIX,sensing,1,3581,3590,sense,base which has made sense because we were underpenetrated
133,2021-04-28 08:00:00,NYSE,2021-Q1,SIX,sensing,2,7242,7251,shape,be in pretty good shape good that s supply
133,2021-04-28 08:00:00,NYSE,2021-Q1,SIX,seizing,1,2484,2493,investing,we will also be investing in our park infrastructure
133,2021-04-28 08:00:00,NYSE,2021-Q1,SIX,seizing,2,7343,7352,invest,first priority is to invest in our base business
133,2021-04-28 08:00:00,NYSE,2021-Q1,SIX,transforming,1,2052,2061,redesign,million from our organizational redesign and other fixed cost
133,2021-04-28 08:00:00,NYSE,2021-Q1,SIX,transforming,2,3083,3092,transform,we are taking to transform our company will drive
135,2021-05-06 17:00:00,NASDAQ,2021-Q1,OLED,sensing,1,2149,2158,shaping,heart in elevating and shaping universal display s accomplishments
135,2021-05-06 17:00:00,NASDAQ,2021-Q1,OLED,seizing,1,1123,1132,investing,materials front we are investing innovating and commercializing new
135,2021-05-06 17:00:00,NASDAQ,2021-Q1,OLED,seizing,2,2030,2039,invested,inception in we have invested approximately million in research
135,2021-05-06 17:00:00,NASDAQ,2021-Q1,OLED,seizing,3,2058,2067,invest,and we continue to invest heavily in a number
135,2021-05-06 17:00:00,NASDAQ,2021-Q1,OLED,transforming,1,5440,5449,redesign,so it is a redesign it isn t new
135,2021-05-06 17:00:00,NASDAQ,2021-Q1,OLED,transforming,2,5451,5460,redesign,is really just a redesign so as they introduce
136,2022-11-09 09:00:00,NASDAQ,2023-Q1,COHR,sensing,1,2236,2245,sensing,revenue quarter for our sensing business multiple factors have
136,2022-11-09 09:00:00,NASDAQ,2023-Q1,COHR,sensing,2,5314,5323,sensing,electronics market for d sensing giovanni barbarossa chief strategy
136,2022-11-09 09:00:00,NASDAQ,2023-Q1,COHR,sensing,3,5344,5357,sensing,our numbers were about sensing which includes d sensing and so you know
136,2022-11-09 09:00:00,NASDAQ,2023-Q1,COHR,sensing,4,6704,6713,sense,to give us some sense of what s driving
136,2022-11-09 09:00:00,NASDAQ,2023-Q1,COHR,sensing,5,8159,8168,sense,it may not make sense to have absolutely everything
136,2022-11-09 09:00:00,NASDAQ,2023-Q1,COHR,sensing,6,9987,9996,sensing,a record quarter in sensing it seems like that
136,2022-11-09 09:00:00,NASDAQ,2023-Q1,COHR,sensing,7,10037,10046,sensing,december quarter for d sensing and that s it
136,2022-11-09 09:00:00,NASDAQ,2023-Q1,COHR,sensing,8,10172,10181,sensing,ll talk about the sensing outlook we said that
136,2022-11-09 09:00:00,NASDAQ,2023-Q1,COHR,sensing,9,10322,10337,sensing,you know the general sensing market which does include d sensing chuck mattera chief executive
136,2022-11-09 09:00:00,NASDAQ,2023-Q1,COHR,sensing,10,11026,11035,sensing,december quarter in the sensing business could you just
136,2022-11-09 09:00:00,NASDAQ,2023-Q1,COHR,seizing,1,4114,4123,invest,we are able to invest that money well particularly
136,2022-11-09 09:00:00,NASDAQ,2023-Q1,COHR,seizing,2,8368,8377,invest,that we continue to invest and making very very
136,2022-11-09 09:00:00,NASDAQ,2023-Q1,COHR,seizing,3,8922,8931,invest,anything we continue to invest to support the capacity
136,2022-11-09 09:00:00,NASDAQ,2023-Q1,COHR,transforming,1,645,654,transformed,vision of a world transformed through innovations vital to
137,2021-10-29 10:00:00,NYSE,2021-Q3,ABR,sensing,1,3039,3048,sense,very unique in the sense that we are one
137,2021-10-29 10:00:00,NYSE,2021-Q3,ABR,sensing,2,7045,7054,sense,become infinite in the sense because the gain on
137,2021-10-29 10:00:00,NYSE,2021-Q3,ABR,seizing,1,1879,1888,investing,always prided ourselves on investing heavily in our asset
138,2021-06-23 10:00:00,NYSE,2021-Q3,WGO,sensing,1,4674,4683,sense,we think it makes sense to do so in
138,2021-06-23 10:00:00,NYSE,2021-Q3,WGO,sensing,2,5821,5830,sense,maybe give us a sense of where you re
138,2021-06-23 10:00:00,NYSE,2021-Q3,WGO,sensing,3,8450,8459,sense,tailwind in a positive sense for a consumer discretionary
138,2021-06-23 10:00:00,NYSE,2021-Q3,WGO,sensing,4,8880,8889,shape,is in very good shape and even though there
138,2021-06-23 10:00:00,NYSE,2021-Q3,WGO,seizing,1,776,785,invest,time and income to invest in a lifestyle that
138,2021-06-23 10:00:00,NYSE,2021-Q3,WGO,seizing,2,1439,1448,invest,are sequentially determined to invest in finding ways to
138,2021-06-23 10:00:00,NYSE,2021-Q3,WGO,seizing,3,2645,2654,invest,strong financial flexibility to invest in the business pursue
138,2021-06-23 10:00:00,NYSE,2021-Q3,WGO,seizing,4,2829,2838,investing,priorities are focused on investing in organic growth opportunities
138,2021-06-23 10:00:00,NYSE,2021-Q3,WGO,seizing,5,3568,3577,invest,we are continuing to invest in our business to
138,2021-06-23 10:00:00,NYSE,2021-Q3,WGO,seizing,6,10572,10581,investing,we would not be investing significant capital into capacity
139,2021-02-03 13:00:00,NYSE,2020-Q4,APAM,sensing,1,5952,5961,sense,all right it makes sense thanks a lot operator
139,2021-02-03 13:00:00,NYSE,2020-Q4,APAM,seizing,1,403,412,invest,for investment talent we invest in technology data and
139,2021-02-03 13:00:00,NYSE,2020-Q4,APAM,seizing,2,414,423,investing,support high value added investing to find the right
139,2021-02-03 13:00:00,NYSE,2020-Q4,APAM,seizing,3,943,952,invest,slide we continued to invest in our business in
139,2021-02-03 13:00:00,NYSE,2020-Q4,APAM,seizing,4,975,984,investing,focused on post venture investing in greater china including
139,2021-02-03 13:00:00,NYSE,2020-Q4,APAM,seizing,5,1094,1103,invest,firms set up to invest and operate outside of
139,2021-02-03 13:00:00,NYSE,2020-Q4,APAM,seizing,6,1111,1120,investing,and non u s investing has fueled much of
139,2021-02-03 13:00:00,NYSE,2020-Q4,APAM,seizing,7,1177,1186,investing,we believe that private investing is a long term
139,2021-02-03 13:00:00,NYSE,2020-Q4,APAM,seizing,8,1223,1232,invested,of our teams have invested in chinese companies for
139,2021-02-03 13:00:00,NYSE,2020-Q4,APAM,seizing,9,1295,1304,investing,both china and private investing turning to slide since
139,2021-02-03 13:00:00,NYSE,2020-Q4,APAM,seizing,10,1554,1563,invested,franchise capital will be invested in the investment team
139,2021-02-03 13:00:00,NYSE,2020-Q4,APAM,seizing,11,5107,5116,investing,on value versus yolo investing we also added some
139,2021-02-03 13:00:00,NYSE,2020-Q4,APAM,seizing,12,5520,5529,investing,is a crossover strategy investing in both public and
139,2021-02-03 13:00:00,NYSE,2020-Q4,APAM,seizing,13,5813,5822,invest,be launching strategies that invest in private companies eric
139,2021-02-03 13:00:00,NYSE,2020-Q4,APAM,seizing,14,6074,6083,investing,all of the forfeiture investing provisions are the same
140,2020-10-28 17:00:00,NASDAQ,2020-Q4,CASH,seizing,1,4430,4439,invest,as we prepared to invest for i would expect
141,2019-04-25 08:30:00,NYSE,2019-Q1,MSA,sensing,1,3882,3891,sense,just to get a sense as we kind of
141,2019-04-25 08:30:00,NYSE,2019-Q1,MSA,seizing,1,826,835,invest,while continuing to organically invest in and grow our
141,2019-04-25 08:30:00,NYSE,2019-Q1,MSA,seizing,2,2225,2234,invest,execute our strategy and invest in our business as
141,2019-04-25 08:30:00,NYSE,2019-Q1,MSA,seizing,3,2404,2413,invest,flow while continuing to invest in programs and products
142,2019-10-24 10:00:00,NYSE,2019-Q3,GPI,sensing,1,5281,5290,sense,it doesn t make sense or is that the
142,2019-10-24 10:00:00,NYSE,2019-Q3,GPI,seizing,1,1923,1932,invested,another million that was invested in our floorplan offset
142,2019-10-24 10:00:00,NYSE,2019-Q3,GPI,seizing,2,4455,4464,invest,careful in how we invest money in that external
143,2021-08-11 08:00:00,NYSE,2021-Q2,CYD,seizing,1,1094,1103,investing,billion or million after investing almost more in r
144,2020-08-10 08:30:00,NASDAQ,2020-Q2,ICPT,sensing,1,7739,7748,sense,could give us a sense of how that million
144,2020-08-10 08:30:00,NASDAQ,2020-Q2,ICPT,seizing,1,2449,2458,invest,the fda continue to invest in our growing pbc
144,2020-08-10 08:30:00,NASDAQ,2020-Q2,ICPT,seizing,2,4298,4307,seized,the agency has become seized of the fact that
144,2020-08-10 08:30:00,NASDAQ,2020-Q2,ICPT,transforming,1,1812,1821,redeployed,acted quickly and have redeployed our field teams to
144,2020-08-10 08:30:00,NASDAQ,2020-Q2,ICPT,transforming,2,6581,6590,redeployed,the ocaliva revenue guidance redeployed pbc field force does
145,2021-02-26 22:00:00,NASDAQ,2020-Q4,ZEUS,sensing,1,5824,5833,shape,and in very good shape to be able to
146,2021-02-25 16:30:00,NASDAQ,2020-Q4,VLDR,sensing,1,6111,6120,sense,we get a better sense of people coming back
146,2021-02-25 16:30:00,NASDAQ,2020-Q4,VLDR,seizing,1,7143,7152,invested,companies that they ve invested in are capable of
147,2021-07-14 11:30:00,NYSE,2021-Q2,WFC,sensing,1,3660,3669,shape,level of rates the shape of the curve and
147,2021-07-14 11:30:00,NYSE,2021-Q2,WFC,sensing,2,5414,5423,sense,you give us some sense as to which parts
147,2021-07-14 11:30:00,NYSE,2021-Q2,WFC,sensing,3,9131,9140,shape,charlie said exactly what shape that will take is
147,2021-07-14 11:30:00,NYSE,2021-Q2,WFC,sensing,4,10415,10424,sense,you a pretty good sense of what the impact
147,2021-07-14 11:30:00,NYSE,2021-Q2,WFC,seizing,1,5705,5714,invest,have the ability to invest significantly inside the company
147,2021-07-14 11:30:00,NYSE,2021-Q2,WFC,transforming,1,2320,2329,transform,multi year process to transform wells fargo i want
149,2021-05-06 10:00:00,NYSE,2021-Q1,PRI,seizing,1,907,916,invest,helped motivate clients to invest for the future as
149,2021-05-06 10:00:00,NYSE,2021-Q1,PRI,seizing,2,2363,2372,invested,turning to slide our invested assets portfolio remains well
149,2021-05-06 10:00:00,NYSE,2021-Q1,PRI,seizing,3,2416,2425,invested,over year on slide invested assets and cash at
149,2021-05-06 10:00:00,NYSE,2021-Q1,PRI,seizing,4,2448,2457,invested,we expect holding company invested assets and cash to
150,2021-04-28 08:30:00,NYSE,2021-Q1,CB,sensing,1,640,649,sense,give you a better sense of the rate environment
150,2021-04-28 08:30:00,NYSE,2021-Q1,CB,sensing,2,1136,1145,shape,taking continued action to shape this portfolio to that
150,2021-04-28 08:30:00,NYSE,2021-Q1,CB,sensing,3,4621,4630,sense,got it that makes sense thanks for that and
150,2021-04-28 08:30:00,NYSE,2021-Q1,CB,sensing,4,6000,6009,sense,doesn t make any sense to me at this
150,2021-04-28 08:30:00,NYSE,2021-Q1,CB,sensing,5,6387,6396,sense,ll have a better sense and then it s
150,2021-04-28 08:30:00,NYSE,2021-Q1,CB,sensing,6,6748,6757,sense,analyst got you make sense thank you evan greenberg
150,2021-04-28 08:30:00,NYSE,2021-Q1,CB,seizing,1,1768,1777,investing,our superior operating and investing performance our operating cash
151,2021-02-18 16:30:00,NYSE,2020-Q4,ANET,sensing,1,1252,1261,sense,but it makes no sense today where security is
151,2021-02-18 16:30:00,NYSE,2020-Q4,ANET,sensing,2,5841,5850,sense,while now but any sense you can give us
151,2021-02-18 16:30:00,NYSE,2020-Q4,ANET,seizing,1,4139,4148,invest,s one thing to invest in it but customers
151,2021-02-18 16:30:00,NYSE,2020-Q4,ANET,seizing,2,4693,4702,investing,when a provider is investing so i think our
152,2021-03-09 17:00:00,NASDAQ,2020-Q4,ARRY,sensing,1,2751,2760,sense,you give us a sense of where that s
152,2021-03-09 17:00:00,NASDAQ,2020-Q4,ARRY,sensing,2,3804,3813,sense,of give us some sense there jim fusaro chief
152,2021-03-09 17:00:00,NASDAQ,2020-Q4,ARRY,sensing,3,5365,5374,sense,that make the most sense since they re the
152,2021-03-09 17:00:00,NASDAQ,2020-Q4,ARRY,sensing,4,5934,5943,shaped,from odd lot odd shaped lots or more difficult
152,2021-03-09 17:00:00,NASDAQ,2020-Q4,ARRY,sensing,5,6054,6063,shaped,terrain flexibility the odd shaped sizes themselves we ve
152,2021-03-09 17:00:00,NASDAQ,2020-Q4,ARRY,seizing,1,1788,1797,invest,payroll costs as we invest in critical resources to
152,2021-03-09 17:00:00,NASDAQ,2020-Q4,ARRY,seizing,2,2042,2051,investing,priority and we are investing in it in addition
152,2021-03-09 17:00:00,NASDAQ,2020-Q4,ARRY,seizing,3,2061,2070,investing,additional engineering resources and investing more in r d
152,2021-03-09 17:00:00,NASDAQ,2020-Q4,ARRY,seizing,4,2111,2120,investing,margins second we are investing in the sales supply
152,2021-03-09 17:00:00,NASDAQ,2020-Q4,ARRY,seizing,5,3421,3430,invest,at our capital structures invest in high roi projects
152,2021-03-09 17:00:00,NASDAQ,2020-Q4,ARRY,seizing,6,3871,3880,investing,the short term while investing in long term so
152,2021-03-09 17:00:00,NASDAQ,2020-Q4,ARRY,seizing,7,4787,4796,invested,mentioned that you re invested in a new technology
152,2021-03-09 17:00:00,NASDAQ,2020-Q4,ARRY,seizing,8,5374,5383,investing,ones that are actually investing and connecting to the
152,2021-03-09 17:00:00,NASDAQ,2020-Q4,ARRY,seizing,9,7358,7367,investing,to see you all investing in r d for
153,2022-10-13 02:00:00,NYSE,2022-Q3,TSM,sensing,1,4528,4537,sense,i guess just a sense because it s still
153,2022-10-13 02:00:00,NYSE,2022-Q3,TSM,seizing,1,1160,1169,invest,long term capacity and invest in leading edge and
153,2022-10-13 02:00:00,NYSE,2022-Q3,TSM,seizing,2,3173,3182,invest,with our customers to invest for the long term
153,2022-10-13 02:00:00,NYSE,2022-Q3,TSM,seizing,3,5163,5172,invest,be better kept to invest in our capital expenditure
153,2022-10-13 02:00:00,NYSE,2022-Q3,TSM,seizing,4,7083,7092,invest,of view when we invest heavily to capture the
154,,NYSE,2018-Q4,HMLP,sensing,1,1737,1746,sense,wanted to get a sense operationally what happened in
154,,NYSE,2018-Q4,HMLP,sensing,2,2082,2091,sense,trying to get a sense of maybe how you
154,,NYSE,2018-Q4,HMLP,sensing,3,2303,2312,sense,you give us a sense of the coverage ratio
155,2021-08-02 11:00:00,NYSE,2021-Q2,ITCB,transforming,1,387,396,transforming,the initiatives that are transforming indecipherable to a bank
155,2021-08-02 11:00:00,NYSE,2021-Q2,ITCB,transforming,2,1856,1865,transforming,pillar we are also transforming our technological architecture to
155,2021-08-02 11:00:00,NYSE,2021-Q2,ITCB,transforming,3,2135,2144,transforming,in this model completely transforming the way our teams
155,2021-08-02 11:00:00,NYSE,2021-Q2,ITCB,transforming,4,2639,2648,transformed,bank will also be transformed with key initiatives around
156,2022-05-04 17:00:00,NASDAQ,2022-Q1,SEER,sensing,1,3890,3899,sense,thank you that makes sense on opex can you
156,2022-05-04 17:00:00,NASDAQ,2022-Q1,SEER,seizing,1,4007,4016,invest,we will continue to invest to obviously realize that
156,2022-05-04 17:00:00,NASDAQ,2022-Q1,SEER,transforming,1,3040,3049,transform,novel biological insights to transform our understanding of human
157,2021-01-25 10:00:00,NYSE,2020-Q4,KMB,sensing,1,7953,7962,sense,makes a lot of sense so when if you
157,2021-01-25 10:00:00,NYSE,2020-Q4,KMB,sensing,2,8662,8671,sense,behaved similarly in the sense of volume i think
157,2021-01-25 10:00:00,NYSE,2020-Q4,KMB,seizing,1,892,901,invested,year financially while we invested more in the business
157,2021-01-25 10:00:00,NYSE,2020-Q4,KMB,seizing,2,1014,1023,invested,portfolio gained market share invested to strengthen long term
157,2021-01-25 10:00:00,NYSE,2020-Q4,KMB,seizing,3,5518,5527,invest,ll also continue to invest in the business and
157,2021-01-25 10:00:00,NYSE,2020-Q4,KMB,seizing,4,5676,5685,invest,expect to continue to invest in capability building and
157,2021-01-25 10:00:00,NYSE,2020-Q4,KMB,seizing,5,6038,6047,invest,we are going to invest in other capability areas
157,2021-01-25 10:00:00,NYSE,2020-Q4,KMB,seizing,6,6067,6084,"invested, investing",that we ve continued invested in terms of capability we ll be investing more in our cost
157,2021-01-25 10:00:00,NYSE,2020-Q4,KMB,seizing,7,6104,6113,investing,and we ll be investing to take the organization
157,2021-01-25 10:00:00,NYSE,2020-Q4,KMB,seizing,8,9662,9671,invested,s why we ve invested in capability and brought
158,2020-08-13 11:30:00,NASDAQ,2020-Q2,GMLP,sensing,1,4335,4344,sense,wouldn t necessarily make sense and it would be
158,2020-08-13 11:30:00,NASDAQ,2020-Q2,GMLP,sensing,2,4722,4731,sense,and it still makes sense for them now i
158,2020-08-13 11:30:00,NASDAQ,2020-Q2,GMLP,sensing,3,5803,5812,sense,edge analyst certainly makes sense that is tremendous color
158,2020-08-13 11:30:00,NASDAQ,2020-Q2,GMLP,sensing,4,6173,6182,sense,edge analyst certainly makes sense final question looking at
158,2020-08-13 11:30:00,NASDAQ,2020-Q2,GMLP,sensing,5,6484,6493,sense,edge analyst certainly makes sense thanks for your time
158,2020-08-13 11:30:00,NASDAQ,2020-Q2,GMLP,transforming,1,5996,6005,transforming,very long way in transforming especially some of these
159,2023-01-05 10:30:00,NYSE,2023-Q3,STZ,sensing,1,421,430,shape,emerging trends and consistently shape our portfolio for growth
159,2023-01-05 10:30:00,NYSE,2023-Q3,STZ,sensing,2,700,709,shaping,consumer led innovation and shaping our portfolio for growth
159,2023-01-05 10:30:00,NYSE,2023-Q3,STZ,seizing,1,2152,2161,invest,channels we continue to invest in the growth of
159,2023-01-05 10:30:00,NYSE,2023-Q3,STZ,seizing,2,2442,2451,invest,chelada brands as we invest in marketing to the
159,2023-01-05 10:30:00,NYSE,2023-Q3,STZ,seizing,3,10167,10176,invest,well we continue to invest behind our brands to
160,2021-05-06 17:00:00,NASDAQ,2021-Q1,GPRO,sensing,1,1682,1691,shape,we re in good shape there i mean it
160,2021-05-06 17:00:00,NASDAQ,2021-Q1,GPRO,sensing,2,2582,2591,sense,doesn t really make sense for them except you
160,2021-05-06 17:00:00,NASDAQ,2021-Q1,GPRO,sensing,3,2637,2646,sense,subscription doesn t make sense also we re aware
161,,NYSE,2019-Q1,ACM,sensing,1,634,643,shaping,the second quarter is shaping up to be another
161,,NYSE,2019-Q1,ACM,sensing,2,5412,5421,sense,sure ok that makes sense and then i guess
161,,NYSE,2019-Q1,ACM,sensing,3,7378,7387,sense,this gives you a sense for the long tail
161,,NYSE,2019-Q1,ACM,sensing,4,7886,7895,sense,so we can get sense for what the go
161,,NYSE,2019-Q1,ACM,seizing,1,2198,2207,invested,a high return on invested capital with very little
161,,NYSE,2019-Q1,ACM,seizing,2,4882,4891,invested,very high return on invested capital a very low
161,,NYSE,2019-Q1,ACM,seizing,3,6757,6766,invest,continues to perform well invest wisely and capture business
162,2021-04-29 09:00:00,NYSE,2021-Q2,VVV,sensing,1,2781,2790,sense,can you give a sense for the raw material
162,2021-04-29 09:00:00,NYSE,2021-Q2,VVV,sensing,2,3075,3084,shape,be in pretty good shape as we start the
162,2021-04-29 09:00:00,NYSE,2021-Q2,VVV,sensing,3,6084,6093,sense,do you have a sense how much you benefit
162,2021-04-29 09:00:00,NYSE,2021-Q2,VVV,sensing,4,6123,6132,sense,do you have any sense of that i mean
162,2021-04-29 09:00:00,NYSE,2021-Q2,VVV,sensing,5,8933,8942,sense,analyst alright that makes sense thanks very much operator
162,2021-04-29 09:00:00,NYSE,2021-Q2,VVV,seizing,1,990,999,invested,for our customers we invested in our supply chain
162,2021-04-29 09:00:00,NYSE,2021-Q2,VVV,seizing,2,4401,4410,investing,stores we ve been investing in new store growth
162,2021-04-29 09:00:00,NYSE,2021-Q2,VVV,seizing,3,5862,5871,investing,where we ve been investing in building a strong
162,2021-04-29 09:00:00,NYSE,2021-Q2,VVV,seizing,4,7116,7125,invested,and so we ve invested and been developing a
162,2021-04-29 09:00:00,NYSE,2021-Q2,VVV,seizing,5,7634,7643,invest,do to continue to invest in ppe for our
162,2021-04-29 09:00:00,NYSE,2021-Q2,VVV,seizing,6,8698,8707,invest,continuing to learn and invest appropriately in that side
163,2022-02-03 17:00:00,NYSE,2021-Q4,SNAP,sensing,1,9255,9264,sense,gives you a good sense of what s happening
163,2022-02-03 17:00:00,NYSE,2021-Q4,SNAP,seizing,1,1329,1338,investing,france we are also investing in content from underrepresented
163,2022-02-03 17:00:00,NYSE,2021-Q4,SNAP,seizing,2,1811,1820,investing,by how creators are investing in the platform today
163,2022-02-03 17:00:00,NYSE,2021-Q4,SNAP,seizing,3,2160,2169,investing,being of our community investing in new technologies and
163,2022-02-03 17:00:00,NYSE,2021-Q4,SNAP,seizing,4,2257,2266,investing,and our business while investing in the future of
163,2022-02-03 17:00:00,NYSE,2021-Q4,SNAP,seizing,5,2410,2419,investing,optimization and measurement second investing in our sales and
163,2022-02-03 17:00:00,NYSE,2021-Q4,SNAP,seizing,6,3071,3080,invest,target we continue to invest in our sales and
163,2022-02-03 17:00:00,NYSE,2021-Q4,SNAP,seizing,7,3196,3205,investing,principles first we are investing in markets where snapchat
163,2022-02-03 17:00:00,NYSE,2021-Q4,SNAP,seizing,8,3339,3348,invest,impact we continue to invest heavily in our video
163,2022-02-03 17:00:00,NYSE,2021-Q4,SNAP,seizing,9,3529,3538,invested,e commerce we ve invested heavily into building tools
163,2022-02-03 17:00:00,NYSE,2021-Q4,SNAP,seizing,10,3848,3857,invest,we re excited to invest in this for we
163,2022-02-03 17:00:00,NYSE,2021-Q4,SNAP,seizing,11,3920,3929,investing,through optimization and measurement investing in our sales and
163,2022-02-03 17:00:00,NYSE,2021-Q4,SNAP,seizing,12,4969,4978,invest,as we continue to invest in marketing programs to
163,2022-02-03 17:00:00,NYSE,2021-Q4,SNAP,seizing,13,5015,5024,invest,as we continue to invest in the future of
163,2022-02-03 17:00:00,NYSE,2021-Q4,SNAP,seizing,14,5455,5464,invested,of while we have invested aggressively in the future
163,2022-02-03 17:00:00,NYSE,2021-Q4,SNAP,seizing,15,5732,5741,invest,opportunities we see to invest productively in our business
163,2022-02-03 17:00:00,NYSE,2021-Q4,SNAP,seizing,16,7225,7234,investing,screen and we re investing heavily to build out
163,2022-02-03 17:00:00,NYSE,2021-Q4,SNAP,seizing,17,7295,7304,investing,do and we re investing heavily in executing against
163,2022-02-03 17:00:00,NYSE,2021-Q4,SNAP,seizing,18,8592,8601,invest,and we continue to invest in them learn with
163,2022-02-03 17:00:00,NYSE,2021-Q4,SNAP,seizing,19,9548,9557,invest,against that playbook and invest in our platform and
163,2022-02-03 17:00:00,NYSE,2021-Q4,SNAP,seizing,20,9761,9770,investing,reality where we re investing a lot of our
163,2022-02-03 17:00:00,NYSE,2021-Q4,SNAP,seizing,21,10078,10087,invest,and more businesses to invest in augmented reality you
163,2022-02-03 17:00:00,NYSE,2021-Q4,SNAP,seizing,22,10152,10161,invested,their businesses we ve invested really heavily into building
163,2022-02-03 17:00:00,NYSE,2021-Q4,SNAP,seizing,23,10665,10674,investing,and we re heavily investing in the advertising capabilities
163,2022-02-03 17:00:00,NYSE,2021-Q4,SNAP,seizing,24,10704,10713,investing,term but we are investing to grow these platforms
163,2022-02-03 17:00:00,NYSE,2021-Q4,SNAP,transforming,1,3625,3634,transforming,are seeing with ar transforming e commerce we believe
163,2022-02-03 17:00:00,NYSE,2021-Q4,SNAP,transforming,2,8486,8495,redeployed,supply chain we ve redeployed resources to many of
163,2022-02-03 17:00:00,NYSE,2021-Q4,SNAP,transforming,3,10310,10319,transforming,re seeing with ar transforming e commerce and e
164,2021-05-26 17:00:00,NASDAQ,2022-Q1,OKTA,sensing,1,8807,8816,sense,just give us a sense of maybe how often
164,2021-05-26 17:00:00,NASDAQ,2022-Q1,OKTA,sensing,2,9473,9482,sense,makes a lot of sense like if you bring
164,2021-05-26 17:00:00,NASDAQ,2022-Q1,OKTA,sensing,3,9619,9628,sense,public cloud it makes sense that over time you
164,2021-05-26 17:00:00,NASDAQ,2022-Q1,OKTA,sensing,4,9958,9967,sense,call and obviously makes sense given the auth transaction
164,2021-05-26 17:00:00,NASDAQ,2022-Q1,OKTA,seizing,1,1412,1421,invest,going to maintain and invest in both platforms and
164,2021-05-26 17:00:00,NASDAQ,2022-Q1,OKTA,seizing,2,1839,1848,invest,we will continue to invest in driving product innovation
164,2021-05-26 17:00:00,NASDAQ,2022-Q1,OKTA,seizing,3,1875,1884,invest,we may elect to invest more while balancing free
164,2021-05-26 17:00:00,NASDAQ,2022-Q1,OKTA,seizing,4,3048,3057,investing,it has been aggressively investing to capture the massive
164,2021-05-26 17:00:00,NASDAQ,2022-Q1,OKTA,seizing,5,3325,3334,invest,we may elect to invest more while balancing free
164,2021-05-26 17:00:00,NASDAQ,2022-Q1,OKTA,seizing,6,3619,3628,investing,we re really really investing for growth this is
164,2021-05-26 17:00:00,NASDAQ,2022-Q1,OKTA,seizing,7,4778,4787,invest,we re going to invest and do a massive
164,2021-05-26 17:00:00,NASDAQ,2022-Q1,OKTA,seizing,8,5179,5188,invest,that people had to invest in so we haven
164,2021-05-26 17:00:00,NASDAQ,2022-Q1,OKTA,seizing,9,8439,8448,invest,see us continue to invest in the times ahead
164,2021-05-26 17:00:00,NASDAQ,2022-Q1,OKTA,seizing,10,9015,9024,invest,really well as people invest in automating more of
164,2021-05-26 17:00:00,NASDAQ,2022-Q1,OKTA,transforming,1,1240,1249,transformed,an organization has dramatically transformed we ve received positive
165,2022-03-09 17:00:00,NASDAQ,2021-Q4,TIG,sensing,1,2804,2813,sense,makes the most financial sense at the time and
165,2022-03-09 17:00:00,NASDAQ,2021-Q4,TIG,seizing,1,991,1000,invested,in addition in we invested significantly and prudently in
165,2022-03-09 17:00:00,NASDAQ,2021-Q4,TIG,seizing,2,4360,4372,invest,re also planning to invest continue to invest in the company in
166,2021-02-09 16:30:00,NYSE,2020-Q4,NCR,sensing,1,4259,4268,shape,is that just changing shape of seasonality because of
166,2021-02-09 16:30:00,NYSE,2020-Q4,NCR,sensing,2,7619,7628,sense,just give us a sense of what capital allocation
166,2021-02-09 16:30:00,NYSE,2020-Q4,NCR,sensing,3,7908,7917,sense,rate that makes good sense we ve got tremendous
166,2021-02-09 16:30:00,NYSE,2020-Q4,NCR,seizing,1,958,967,invest,strategy we continue to invest in our strategic growth
166,2021-02-09 16:30:00,NYSE,2020-Q4,NCR,seizing,2,7744,7753,invest,we will continue to invest organically obtain the capital
166,2021-02-09 16:30:00,NYSE,2020-Q4,NCR,seizing,3,8849,8858,investing,out there the citis investing a lot of money
167,2021-01-28 14:00:00,NYSE,2020-Q4,NUE,sensing,1,3905,3914,sense,a bit of a sense as to what your
167,2021-01-28 14:00:00,NYSE,2020-Q4,NUE,sensing,2,5365,5374,sense,makes a lot of sense but if you listen
167,2021-01-28 14:00:00,NYSE,2020-Q4,NUE,sensing,3,5469,5478,sense,think that it makes sense to expand your position
167,2021-01-28 14:00:00,NYSE,2020-Q4,NUE,sensing,4,9764,9773,sense,member feels a strong sense of belonging and ownership
167,2021-01-28 14:00:00,NYSE,2020-Q4,NUE,seizing,1,2113,2122,invested,louisiana in and have invested approximately million to enhance
167,2021-01-28 14:00:00,NYSE,2020-Q4,NUE,seizing,2,8384,8393,investing,we are doing some investing in our process gas
168,2020-08-04 16:30:00,NYSE,2020-Q3,DIS,sensing,1,4434,4443,shape,should be in good shape once consumer confidence sort
168,2020-08-04 16:30:00,NYSE,2020-Q3,DIS,sensing,2,4724,4733,sense,just give us a sense for the strategy there
168,2020-08-04 16:30:00,NYSE,2020-Q3,DIS,sensing,3,5221,5230,sense,see whether that makes sense all i ll say
168,2020-08-04 16:30:00,NYSE,2020-Q3,DIS,sensing,4,7791,7800,sense,analyst that makes perfect sense but none of that
168,2020-08-04 16:30:00,NYSE,2020-Q3,DIS,sensing,5,8774,8783,sense,does it make more sense to kind of go
168,2020-08-04 16:30:00,NYSE,2020-Q3,DIS,seizing,1,3449,3458,invest,uncertainty and continue to invest in the long term
168,2020-08-04 16:30:00,NYSE,2020-Q3,DIS,seizing,2,6678,6687,invest,we are going to invest in businesses that we
168,2020-08-04 16:30:00,NYSE,2020-Q3,DIS,seizing,3,9384,9393,invest,plan to do is invest even more in our
168,2020-08-04 16:30:00,NYSE,2020-Q3,DIS,seizing,4,9437,9446,investing,so we ll be investing in content first and
169,2021-02-25 16:30:00,NYSE,2020-Q4,MED,seizing,1,2539,2548,invest,branded products and further invest in our supply chain
169,2021-02-25 16:30:00,NYSE,2020-Q4,MED,seizing,2,2763,2772,investing,to begin more heavily investing in supply chain and
170,2022-11-02 08:00:00,NYSE,2022-Q3,UNM,sensing,1,4532,4541,shape,and remains in excellent shape the weighted average risk
170,2022-11-02 08:00:00,NYSE,2022-Q3,UNM,sensing,2,9835,9844,shape,assuming a more normal shape of the yield curve
170,2022-11-02 08:00:00,NYSE,2022-Q3,UNM,sensing,3,9876,9885,shape,considering the current inverted shape of the yield curve
170,2022-11-02 08:00:00,NYSE,2022-Q3,UNM,sensing,4,10185,10194,shape,little bit more normal shape of the curve that
170,2022-11-02 08:00:00,NYSE,2022-Q3,UNM,seizing,1,667,676,invest,us the ability to invest in our growth and
171,2021-02-10 08:00:00,NASDAQ,2020-Q4,CRTO,sensing,1,1519,1528,sense,and ai to make sense of this massive data
171,2021-02-10 08:00:00,NASDAQ,2020-Q4,CRTO,sensing,2,1734,1743,shape,we re in great shape outside of what will
171,2021-02-10 08:00:00,NASDAQ,2020-Q4,CRTO,sensing,3,2976,2985,shape,partnership with google to shape the end solution accordingly
171,2021-02-10 08:00:00,NASDAQ,2020-Q4,CRTO,seizing,1,2249,2258,investing,to grow we re investing in these new solutions
171,2021-02-10 08:00:00,NASDAQ,2020-Q4,CRTO,seizing,2,4717,4726,invest,time we continued to invest in our growth investments
171,2021-02-10 08:00:00,NASDAQ,2020-Q4,CRTO,seizing,3,4729,4738,investing,cost management we are investing in our transformation of
171,2021-02-10 08:00:00,NASDAQ,2020-Q4,CRTO,seizing,4,7872,7881,invest,hungry to continue to invest in our partnership and
171,2021-02-10 08:00:00,NASDAQ,2020-Q4,CRTO,seizing,5,7902,7911,invested,remarks we are very invested in that at the
171,2021-02-10 08:00:00,NASDAQ,2020-Q4,CRTO,seizing,6,7955,7964,invest,with google on floc invest very very heavily there
171,2021-02-10 08:00:00,NASDAQ,2020-Q4,CRTO,transforming,1,469,478,transform,they ve applied to transform ourselves into the new
171,2021-02-10 08:00:00,NASDAQ,2020-Q4,CRTO,transforming,2,556,565,transform,as we continue to transform ourselves starting with a
171,2021-02-10 08:00:00,NASDAQ,2020-Q4,CRTO,transforming,3,2121,2130,transforming,new clients we re transforming criteo to return to
171,2021-02-10 08:00:00,NASDAQ,2020-Q4,CRTO,transforming,4,5943,5952,transform,investment plans to further transform our business and our
171,2021-02-10 08:00:00,NASDAQ,2020-Q4,CRTO,transforming,5,5961,5970,transforming,strategic plan we re transforming into a new criteo
172,2021-02-10 09:00:00,NYSE,2020-Q4,CCK,sensing,1,2257,2266,sense,do you have a sense as to what the
172,2021-02-10 09:00:00,NYSE,2020-Q4,CCK,sensing,2,4507,4516,sense,evolved over time my sense is the businesses have
172,2021-02-10 09:00:00,NYSE,2020-Q4,CCK,sensing,3,5464,5473,sense,llc analyst okay makes sense and by the way
172,2021-02-10 09:00:00,NYSE,2020-Q4,CCK,sensing,4,5741,5750,sense,just give us a sense of what kind of
172,2021-02-10 09:00:00,NYSE,2020-Q4,CCK,sensing,5,6151,6160,sense,just give it a sense of what percentage your
172,2021-02-10 09:00:00,NYSE,2020-Q4,CCK,sensing,6,6420,6429,sense,do you have a sense on how much of
172,2021-02-10 09:00:00,NYSE,2020-Q4,CCK,sensing,7,8579,8588,sense,do you have any sense of sort of how
172,2021-02-10 09:00:00,NYSE,2020-Q4,CCK,sensing,8,8644,8653,sense,supply just any general sense of that timothy j
172,2021-02-10 09:00:00,NYSE,2020-Q4,CCK,sensing,9,8877,8886,sense,a sort of a sense of when that sort
172,2021-02-10 09:00:00,NYSE,2020-Q4,CCK,seizing,1,475,484,invest,the company continues to invest for future growth with
172,2021-02-10 09:00:00,NYSE,2020-Q4,CCK,seizing,2,1341,1350,invested,recent years we have invested for capacity expansion innovation
173,2021-02-23 16:30:00,NASDAQ,2020-Q4,PODD,sensing,1,7118,7127,sense,guys give us a sense of how big type
173,2021-02-23 16:30:00,NASDAQ,2020-Q4,PODD,seizing,1,1671,1680,invested,consumer access we have invested ahead to build our
173,2021-02-23 16:30:00,NASDAQ,2020-Q4,PODD,seizing,2,1736,1745,invest,will continue to heavily invest clinically and have a
173,2021-02-23 16:30:00,NASDAQ,2020-Q4,PODD,seizing,3,1969,1978,investing,we are committed to investing in future innovations to
173,2021-02-23 16:30:00,NASDAQ,2020-Q4,PODD,seizing,4,2458,2467,invest,imperatives our focus to invest for accelerated revenue growth
173,2021-02-23 16:30:00,NASDAQ,2020-Q4,PODD,seizing,5,3014,3023,invested,employees to be more invested in our company and
173,2021-02-23 16:30:00,NASDAQ,2020-Q4,PODD,seizing,6,3075,3084,invest,year we continue to invest throughout our business including
173,2021-02-23 16:30:00,NASDAQ,2020-Q4,PODD,seizing,7,3290,3299,invest,flexibility to continue to invest in support of our
173,2021-02-23 16:30:00,NASDAQ,2020-Q4,PODD,seizing,8,3669,3678,invest,as we continue to invest and build upon our
173,2021-02-23 16:30:00,NASDAQ,2020-Q4,PODD,seizing,9,5499,5508,invest,is to continue to invest to capitalize on our
173,2021-02-23 16:30:00,NASDAQ,2020-Q4,PODD,seizing,10,5525,5534,invest,us to continue to invest heavily beyond in particular
173,2021-02-23 16:30:00,NASDAQ,2020-Q4,PODD,seizing,11,6168,6177,investing,expansion we re also investing in marketing and direct
173,2021-02-23 16:30:00,NASDAQ,2020-Q4,PODD,transforming,1,8552,8561,transforming,are driving they are transforming the market they are
174,2021-07-20 10:00:00,NASDAQ,2021-Q2,SBNY,sensing,1,2356,2365,sense,you give us a sense how many customers are
174,2021-07-20 10:00:00,NASDAQ,2021-Q2,SBNY,sensing,2,3632,3641,sense,of a lot of sense to invest much and
174,2021-07-20 10:00:00,NASDAQ,2021-Q2,SBNY,sensing,3,3655,3664,sense,for investments that makes sense particularly floating rates to
174,2021-07-20 10:00:00,NASDAQ,2021-Q2,SBNY,sensing,4,5439,5448,sense,but give us a sense of the market joseph
174,2021-07-20 10:00:00,NASDAQ,2021-Q2,SBNY,sensing,5,5809,5818,shape,ratios are in great shape but the tce tier
174,2021-07-20 10:00:00,NASDAQ,2021-Q2,SBNY,sensing,6,6803,6812,sense,that are and make sense along with california on
174,2021-07-20 10:00:00,NASDAQ,2021-Q2,SBNY,sensing,7,7034,7043,sense,business then that makes sense then we can go
174,2021-07-20 10:00:00,NASDAQ,2021-Q2,SBNY,sensing,8,7397,7406,sense,now whether it makes sense for us to prepay
174,2021-07-20 10:00:00,NASDAQ,2021-Q2,SBNY,seizing,1,1491,1500,investing,well as the bank investing in floating rate securities
174,2021-07-20 10:00:00,NASDAQ,2021-Q2,SBNY,seizing,2,1530,1539,invest,windows in which to invest and therefore we were
174,2021-07-20 10:00:00,NASDAQ,2021-Q2,SBNY,seizing,3,3553,3562,investing,are you thinking about investing in additional securities at
174,2021-07-20 10:00:00,NASDAQ,2021-Q2,SBNY,seizing,4,3634,3643,invest,lot of sense to invest much and will be
174,2021-07-20 10:00:00,NASDAQ,2021-Q2,SBNY,transforming,1,421,430,transformed,has grown dramatically and transformed organically we set and
175,2021-04-28 08:00:00,NYSE,2021-Q1,SPOT,sensing,1,1493,1502,sense,what makes the most sense on a hyper local
175,2021-04-28 08:00:00,NYSE,2021-Q1,SPOT,sensing,2,7091,7100,sensing,audience network are you sensing any hesitance to participate
175,2021-04-28 08:00:00,NYSE,2021-Q1,SPOT,sensing,3,7405,7414,sense,when the opportunity makes sense and in this audio
175,2021-04-28 08:00:00,NYSE,2021-Q1,SPOT,seizing,1,1087,1096,invest,to move quickly and invest aggressively when we do
175,2021-04-28 08:00:00,NYSE,2021-Q1,SPOT,seizing,2,4264,4273,investing,tech stack we re investing in we feel really
175,2021-04-28 08:00:00,NYSE,2021-Q1,SPOT,seizing,3,6690,6699,investing,monetization so we are investing massively in all four
176,2021-05-13 16:30:00,NYSE,2021-Q2,DIS,sensing,1,8037,8046,sense,if the economics make sense and i m thinking
177,2020-08-13 17:00:00,NASDAQ,2020-Q2,PAYS,seizing,1,2936,2945,invest,we do continue to invest in people and in
178,2020-06-02 16:30:00,NASDAQ,2020-Q4,APPS,sensing,1,4374,4383,sense,rates and it makes sense right is that here
179,2021-10-19 09:00:00,NASDAQ,2021-Q3,SBNY,sensing,1,2535,2544,sense,trying to get a sense of how that s
179,2021-10-19 09:00:00,NASDAQ,2021-Q3,SBNY,sensing,2,2711,2720,sense,those if that makes sense thanks joseph j depaolo
179,2021-10-19 09:00:00,NASDAQ,2021-Q3,SBNY,sensing,3,5803,5812,sense,trying to get a sense of what s coming
179,2021-10-19 09:00:00,NASDAQ,2021-Q3,SBNY,seizing,1,1566,1575,investing,well as the bank investing in floating rate securities
179,2021-10-19 09:00:00,NASDAQ,2021-Q3,SBNY,seizing,2,1603,1612,investing,a better environment for investing in securities and fortunately
179,2021-10-19 09:00:00,NASDAQ,2021-Q3,SBNY,seizing,3,1632,1641,invest,windows in which to invest and therefore we did
179,2021-10-19 09:00:00,NASDAQ,2021-Q3,SBNY,seizing,4,2261,2270,investing,track record confirms that investing in people is paramount
179,2021-10-19 09:00:00,NASDAQ,2021-Q3,SBNY,seizing,5,2296,2305,invest,we will continue to invest in our colleagues whose
179,2021-10-19 09:00:00,NASDAQ,2021-Q3,SBNY,seizing,6,3749,3758,invest,environment that we can invest in today that s
179,2021-10-19 09:00:00,NASDAQ,2021-Q3,SBNY,seizing,7,7770,7779,invest,and we need to invest in our people and
180,2021-07-29 09:00:00,NASDAQ,2021-Q2,CHDN,sensing,1,8409,8418,sense,the demographics that make sense for that monday through
180,2021-07-29 09:00:00,NASDAQ,2021-Q2,CHDN,sensing,2,9234,9243,sense,susquehanna analyst that makes sense and then bill i
180,2021-07-29 09:00:00,NASDAQ,2021-Q2,CHDN,seizing,1,1004,1013,invest,products through industry partnerships invest capital wisely and build
180,2021-07-29 09:00:00,NASDAQ,2021-Q2,CHDN,seizing,2,1860,1869,invest,club we plan to invest approximately million to transform
180,2021-07-29 09:00:00,NASDAQ,2021-Q2,CHDN,seizing,3,2826,2835,investing,potential we will be investing approximately million to expand
180,2021-07-29 09:00:00,NASDAQ,2021-Q2,CHDN,seizing,4,2924,2933,invest,working and we will invest where things are going
180,2021-07-29 09:00:00,NASDAQ,2021-Q2,CHDN,seizing,5,3090,3099,invest,a great time to invest in our hometown and
180,2021-07-29 09:00:00,NASDAQ,2021-Q2,CHDN,seizing,6,3551,3560,invest,to maintain low leverage invest in organic and inorganic
180,2021-07-29 09:00:00,NASDAQ,2021-Q2,CHDN,seizing,7,5180,5189,investing,unique portfolio of assets investing strategically in our existing
180,2021-07-29 09:00:00,NASDAQ,2021-Q2,CHDN,seizing,8,6425,6434,invest,have something working well invest more in what s
180,2021-07-29 09:00:00,NASDAQ,2021-Q2,CHDN,seizing,9,6448,6457,invest,to respect that and invest around that so that
180,2021-07-29 09:00:00,NASDAQ,2021-Q2,CHDN,seizing,10,6729,6738,invest,for our company to invest in derby city gaming
180,2021-07-29 09:00:00,NASDAQ,2021-Q2,CHDN,seizing,11,7177,7186,invested,followed our company and invested in us over the
180,2021-07-29 09:00:00,NASDAQ,2021-Q2,CHDN,seizing,12,7544,7553,invested,a return on our invested capital jordan bender macquarie
180,2021-07-29 09:00:00,NASDAQ,2021-Q2,CHDN,transforming,1,1785,1794,transform,projects that will further transform our company over the
180,2021-07-29 09:00:00,NASDAQ,2021-Q2,CHDN,transforming,2,1864,1873,transform,invest approximately million to transform the section of the
180,2021-07-29 09:00:00,NASDAQ,2021-Q2,CHDN,transforming,3,1994,2003,transform,line we will also transform the former first floor
180,2021-07-29 09:00:00,NASDAQ,2021-Q2,CHDN,transforming,4,2494,2503,redesign,project involves an expansive redesign of the paddock area
180,2021-07-29 09:00:00,NASDAQ,2021-Q2,CHDN,transforming,5,3694,3703,transform,that are underway to transform our company and fuel
181,2021-02-11 08:30:00,NASDAQ,2020-Q4,VIRT,sensing,1,8422,8431,sense,don t make any sense and the governor of
181,2021-02-11 08:30:00,NASDAQ,2020-Q4,VIRT,sensing,2,8505,8514,sense,doesn t make any sense on a federal level
181,2021-02-11 08:30:00,NASDAQ,2020-Q4,VIRT,sensing,3,9383,9392,shape,re in very good shape kaimon chung evercore isi
181,2021-02-11 08:30:00,NASDAQ,2020-Q4,VIRT,sensing,4,9612,9621,sense,a lot of economic sense i m all about
181,2021-02-11 08:30:00,NASDAQ,2020-Q4,VIRT,seizing,1,2343,2352,invest,remarks we continue to invest in technology and strategies
181,2021-02-11 08:30:00,NASDAQ,2020-Q4,VIRT,seizing,2,2362,2371,investing,have to always be investing in and getting better
181,2021-02-11 08:30:00,NASDAQ,2020-Q4,VIRT,seizing,3,3157,3166,invested,for over years and invested billions of dollars in
181,2021-02-11 08:30:00,NASDAQ,2020-Q4,VIRT,seizing,4,4330,4339,invest,that we continue to invest in and we re
181,2021-02-11 08:30:00,NASDAQ,2020-Q4,VIRT,seizing,5,9003,9012,invested,improvement there the exchanges invested a lot of money
181,2021-02-11 08:30:00,NASDAQ,2020-Q4,VIRT,seizing,6,9079,9088,invest,we ve had to invest in our systems to
181,2021-02-11 08:30:00,NASDAQ,2020-Q4,VIRT,seizing,7,9947,9956,invest,re really going to invest in technologies and so
182,2021-01-27 16:30:00,NYSE,2020-Q4,SYK,sensing,1,5029,5038,shape,we re in great shape with that business operator
182,2021-01-27 16:30:00,NYSE,2020-Q4,SYK,seizing,1,6768,6777,invested,that wright has previously invested in are complementary really
183,2021-02-23 04:30:00,NYSE,2020-Q4,IHG,sensing,1,712,721,sense,evolved purpose and a sense of clear strategic priorities
183,2021-02-23 04:30:00,NYSE,2020-Q4,IHG,sensing,2,1192,1201,shape,looking now at the shape of our performance over
183,2021-02-23 04:30:00,NYSE,2020-Q4,IHG,sensing,3,2371,2380,senses,kimpton regent and six senses have further enhanced our
183,2021-02-23 04:30:00,NYSE,2020-Q4,IHG,sensing,4,5020,5029,senses,seven properties for six senses including in italy japan
183,2021-02-23 04:30:00,NYSE,2020-Q4,IHG,sensing,5,6568,6577,shape,of attribute pricing the shape of the recovery thus
183,2021-02-23 04:30:00,NYSE,2020-Q4,IHG,sensing,6,7740,7749,shape,just based on the shape of the trading across
183,2021-02-23 04:30:00,NYSE,2020-Q4,IHG,sensing,7,12548,12557,senses,launching conversions in six senses and we have intercontinentals
183,2021-02-23 04:30:00,NYSE,2020-Q4,IHG,sensing,8,12659,12668,shape,little bit around the shape of your owner base
183,2021-02-23 04:30:00,NYSE,2020-Q4,IHG,sensing,9,13477,13486,senses,voco avid atwell six senses etc etc to stimulate
183,2021-02-23 04:30:00,NYSE,2020-Q4,IHG,sensing,10,13547,13556,senses,segment seven amazing six senses hotels taking kimpton to
183,2021-02-23 04:30:00,NYSE,2020-Q4,IHG,sensing,11,13737,13746,senses,i think that six senses especially was a great
183,2021-02-23 04:30:00,NYSE,2020-Q4,IHG,sensing,12,13861,13870,senses,we ve added six senses we ve taken kimpton
183,2021-02-23 04:30:00,NYSE,2020-Q4,IHG,sensing,13,13908,13917,sense,inorganic if it makes sense for shareholders but right
183,2021-02-23 04:30:00,NYSE,2020-Q4,IHG,seizing,1,2797,2806,invest,ensuring we continue to invest in growth initiatives that
183,2021-02-23 04:30:00,NYSE,2020-Q4,IHG,seizing,2,2831,2847,investing,we remain committed to investing in our growth initiatives which included investing behind our newer brands
183,2021-02-23 04:30:00,NYSE,2020-Q4,IHG,seizing,3,2997,3006,invest,our balance sheet to invest in growth opportunities including
183,2021-02-23 04:30:00,NYSE,2020-Q4,IHG,seizing,4,3021,3030,invest,we expect in to invest net capex of around
183,2021-02-23 04:30:00,NYSE,2020-Q4,IHG,seizing,5,3852,3861,invested,to our portfolio and invested in our existing brands
183,2021-02-23 04:30:00,NYSE,2020-Q4,IHG,seizing,6,4315,4324,invest,and we continue to invest in it to ensure
183,2021-02-23 04:30:00,NYSE,2020-Q4,IHG,seizing,7,6109,6118,investing,crucial that we keep investing in our culture so
183,2021-02-23 04:30:00,NYSE,2020-Q4,IHG,seizing,8,6554,6563,invest,we also continued to invest in the business for
183,2021-02-23 04:30:00,NYSE,2020-Q4,IHG,seizing,9,7191,7200,invest,continue to sign and invest in ihg brands accelerating
183,2021-02-23 04:30:00,NYSE,2020-Q4,IHG,seizing,10,9292,9301,invest,said we always will invest into the business so
183,2021-02-23 04:30:00,NYSE,2020-Q4,IHG,seizing,11,9312,9321,invest,next few years to invest a little bit more
183,2021-02-23 04:30:00,NYSE,2020-Q4,IHG,seizing,12,11909,11918,investing,cost savings are while investing for growth do you
183,2021-02-23 04:30:00,NYSE,2020-Q4,IHG,seizing,13,12339,12348,investing,s the cost the investing for growth was sort
183,2021-02-23 04:30:00,NYSE,2020-Q4,IHG,seizing,14,12418,12427,investing,of those we re investing on p l a
183,2021-02-23 04:30:00,NYSE,2020-Q4,IHG,seizing,15,13611,13620,invest,they re continuing to invest into some very very
184,2022-03-01 07:30:00,NYSE,2021-Q4,SE,sensing,1,2430,2439,shaping,a vital role in shaping the virtual experiences of
184,2022-03-01 07:30:00,NYSE,2021-Q4,SE,seizing,1,321,330,invested,and communities we have invested with vision and efficiency
184,2022-03-01 07:30:00,NYSE,2021-Q4,SE,seizing,2,561,570,invest,plan to continue to invest in shopee and seamoney
184,2022-03-01 07:30:00,NYSE,2021-Q4,SE,seizing,3,596,605,invest,which we intend to invest into the growth of
184,2022-03-01 07:30:00,NYSE,2021-Q4,SE,seizing,4,749,758,invest,we will continue to invest in shopee lat am
184,2022-03-01 07:30:00,NYSE,2021-Q4,SE,seizing,5,786,795,investing,strongly believe that by investing prudently and sustainably in
184,2022-03-01 07:30:00,NYSE,2021-Q4,SE,seizing,6,1044,1053,invest,and we aim to invest in deepening this advantage
184,2022-03-01 07:30:00,NYSE,2021-Q4,SE,seizing,7,2015,2024,investing,we remain committed to investing in content in free
184,2022-03-01 07:30:00,NYSE,2021-Q4,SE,seizing,8,2335,2344,invest,to actively acquire and invest in top talent and
184,2022-03-01 07:30:00,NYSE,2021-Q4,SE,seizing,9,4123,4132,investing,remain committed to continue investing in a prudent and
184,2022-03-01 07:30:00,NYSE,2021-Q4,SE,seizing,10,6864,6873,investing,the cash yield by investing into a shortened time
184,2022-03-01 07:30:00,NYSE,2021-Q4,SE,seizing,11,7088,7097,investing,time we have been investing globally into strong development
185,2021-05-12 17:00:00,NYSE,2021-Q1,AMWL,sensing,1,11565,11574,sense,have made as much sense now it s actually
185,2021-05-12 17:00:00,NYSE,2021-Q1,AMWL,seizing,1,7470,7479,invest,we need to always invest and improve part of
185,2021-05-12 17:00:00,NYSE,2021-Q1,AMWL,seizing,2,9145,9154,invest,company and we may invest in a new opportunity
186,2020-06-10 11:00:00,NYSE,2020-Q3,IRS,sensing,1,4635,4644,shape,we are in good shape so regarding the credit
186,2020-06-10 11:00:00,NYSE,2020-Q3,IRS,sensing,2,5423,5432,sense,that make really make sense to sustain for a
187,2021-04-28 08:00:00,NASDAQ,2021-Q1,SIRI,seizing,1,1095,1104,invest,we will continue to invest in these efforts continuing
187,2021-04-28 08:00:00,NASDAQ,2021-Q1,SIRI,seizing,2,2007,2016,investing,from a volatile year investing in new content while
188,2021-02-23 17:00:00,NYSE,2020-Q4,SQ,sensing,1,2759,2768,sense,it seems to make sense here are you prioritizing
188,2021-02-23 17:00:00,NYSE,2020-Q4,SQ,seizing,1,1217,1226,invest,give us confidence to invest for the long term
188,2021-02-23 17:00:00,NYSE,2020-Q4,SQ,seizing,2,1403,1412,invested,a year that we invested in our business and
188,2021-02-23 17:00:00,NYSE,2020-Q4,SQ,seizing,3,1415,1424,invested,with compelling returns we invested in our customers in
188,2021-02-23 17:00:00,NYSE,2020-Q4,SQ,seizing,4,1462,1471,invested,it most we also invested in our business by
188,2021-02-23 17:00:00,NYSE,2020-Q4,SQ,seizing,5,2300,2309,investing,finally in we are investing for long term profitable
188,2021-02-23 17:00:00,NYSE,2020-Q4,SQ,seizing,6,2341,2350,invest,intend on continuing to invest where we see attractive
188,2021-02-23 17:00:00,NYSE,2020-Q4,SQ,seizing,7,2614,2623,investing,we plan to continue investing behind these strong returns
188,2021-02-23 17:00:00,NYSE,2020-Q4,SQ,seizing,8,2663,2672,invest,and are eager to invest behind the compelling returns
188,2021-02-23 17:00:00,NYSE,2020-Q4,SQ,seizing,9,2752,2761,investing,priorities if you re investing a lot it seems
188,2021-02-23 17:00:00,NYSE,2020-Q4,SQ,seizing,10,3014,3023,invest,continue to want to invest in both areas so
188,2021-02-23 17:00:00,NYSE,2020-Q4,SQ,seizing,11,3026,3035,invest,we re planning to invest million to million in
188,2021-02-23 17:00:00,NYSE,2020-Q4,SQ,seizing,12,4194,4203,invest,opportunity to continue to invest against the larger ecosystem
188,2021-02-23 17:00:00,NYSE,2020-Q4,SQ,seizing,13,4329,4338,investing,we ll be increasingly investing in to drive further
188,2021-02-23 17:00:00,NYSE,2020-Q4,SQ,seizing,14,4403,4412,invest,use cash app to invest in stocks and bitcoin
188,2021-02-23 17:00:00,NYSE,2020-Q4,SQ,seizing,15,4435,4444,investing,for customers in its investing products for example adding
188,2021-02-23 17:00:00,NYSE,2020-Q4,SQ,seizing,16,8258,8267,invest,ecosystems we plan to invest directly about of that
188,2021-02-23 17:00:00,NYSE,2020-Q4,SQ,seizing,17,8376,8385,invest,that we want to invest but as you think
189,2022-02-16 17:30:00,NASDAQ,2021-Q4,EQIX,seizing,1,2730,2739,invested,the marketplace we ve invested heavily in a sophisticated
189,2022-02-16 17:30:00,NASDAQ,2021-Q4,EQIX,seizing,2,3545,3554,invested,the gross pp e invested and please refer to
189,2022-02-16 17:30:00,NASDAQ,2021-Q4,EQIX,seizing,3,4860,4869,invested,we really we ve invested heavily over the last
189,2022-02-16 17:30:00,NASDAQ,2021-Q4,EQIX,transforming,1,3886,3895,transforming,company by scaling and transforming our data center business
190,2021-05-06 10:00:00,NYSE,2021-Q1,CARS,sensing,1,4878,4887,sense,there in that makes sense not trying to short
190,2021-05-06 10:00:00,NYSE,2021-Q1,CARS,sensing,2,6313,6322,sense,speaker yes yes makes sense you talked about or
190,2021-05-06 10:00:00,NYSE,2021-Q1,CARS,seizing,1,2551,2560,invested,as alex mentioned we invested in brand advertising in
190,2021-05-06 10:00:00,NYSE,2021-Q1,CARS,seizing,2,3103,3112,invest,financial flexibility to thoughtfully invest in the business and
190,2021-05-06 10:00:00,NYSE,2021-Q1,CARS,seizing,3,3114,3123,invest,we will continue to invest in the business to
190,2021-05-06 10:00:00,NYSE,2021-Q1,CARS,seizing,4,4361,4370,invest,are shifting more to invest in digital technologies and
191,2020-01-30 08:30:00,NYSE,2020-Q2,CACI,sensing,1,2312,2321,sense,makes a lot of sense tom on the free
191,2020-01-30 08:30:00,NYSE,2020-Q2,CACI,sensing,2,2606,2615,sense,and give us a sense on the upcoming election
191,2020-01-30 08:30:00,NYSE,2020-Q2,CACI,sensing,3,3116,3125,sense,you give us a sense of what s in
191,2020-01-30 08:30:00,NYSE,2020-Q2,CACI,sensing,4,7963,7978,"sense, shape",it takes to go shape the right deals that make sense for our customer set
191,2020-01-30 08:30:00,NYSE,2020-Q2,CACI,sensing,5,8946,8955,shaping,so we re actually shaping customers we have quite
191,2020-01-30 08:30:00,NYSE,2020-Q2,CACI,sensing,6,9271,9288,shaping,an outstanding job with shaping customers and so what we mean by shaping isn t directing customers
191,2020-01-30 08:30:00,NYSE,2020-Q2,CACI,seizing,1,849,858,investing,mission business customers are investing heavily in signals intelligence
191,2020-01-30 08:30:00,NYSE,2020-Q2,CACI,seizing,2,897,906,invest,needs we continue to invest for future growth we
191,2020-01-30 08:30:00,NYSE,2020-Q2,CACI,seizing,3,966,975,investing,and we re consistently investing in our leadership and
191,2020-01-30 08:30:00,NYSE,2020-Q2,CACI,seizing,4,4466,4475,investing,relatively inexpensive rates and investing in the business for
191,2020-01-30 08:30:00,NYSE,2020-Q2,CACI,seizing,5,4880,4889,investing,a company that s investing far more internally to
191,2020-01-30 08:30:00,NYSE,2020-Q2,CACI,seizing,6,4906,4915,invest,i would much rather invest if we see that
191,2020-01-30 08:30:00,NYSE,2020-Q2,CACI,seizing,7,6091,6100,invest,i ll continue to invest when the odds favor
191,2020-01-30 08:30:00,NYSE,2020-Q2,CACI,seizing,8,6340,6349,investing,margin because we re investing ahead of customer need
191,2020-01-30 08:30:00,NYSE,2020-Q2,CACI,seizing,9,7157,7166,invest,that we continue to invest ahead of needs and
191,2020-01-30 08:30:00,NYSE,2020-Q2,CACI,seizing,10,9504,9513,invest,is let s internally invest and those investments are
192,2021-05-12 17:00:00,NASDAQ,2021-Q1,FOSL,seizing,1,2431,2440,invest,will enable us to invest in our digital first
192,2021-05-12 17:00:00,NASDAQ,2021-Q1,FOSL,seizing,2,2703,2712,invest,future we continue to invest in digital capabilities and
192,2021-05-12 17:00:00,NASDAQ,2021-Q1,FOSL,seizing,3,3648,3657,investing,case that we re investing behind now let me
192,2021-05-12 17:00:00,NASDAQ,2021-Q1,FOSL,transforming,1,937,946,transform,the infrastructure needed to transform our business model our
192,2021-05-12 17:00:00,NASDAQ,2021-Q1,FOSL,transforming,2,2732,2741,transform,operating margin as we transform our business model to
193,2021-11-04 08:30:00,NASDAQ,2021-Q3,GOGO,sensing,1,6964,6973,shape,are in very good shape we have secured all
193,2021-11-04 08:30:00,NASDAQ,2021-Q3,GOGO,sensing,2,10189,10198,sense,it didn t make sense to do marketing during
193,2021-11-04 08:30:00,NASDAQ,2021-Q3,GOGO,seizing,1,1061,1070,invest,flow enabling us to invest in improving our network
193,2021-11-04 08:30:00,NASDAQ,2021-Q3,GOGO,seizing,2,1713,1722,invest,importantly we continue to invest in strengthening each of
193,2021-11-04 08:30:00,NASDAQ,2021-Q3,GOGO,seizing,3,2725,2734,invested,our distribution partners are invested in gogo and they
193,2021-11-04 08:30:00,NASDAQ,2021-Q3,GOGO,seizing,4,3779,3788,invest,flow that we can invest in enhancing our network
193,2021-11-04 08:30:00,NASDAQ,2021-Q3,GOGO,seizing,5,6051,6060,investing,level third is strategically investing in our business in
193,2021-11-04 08:30:00,NASDAQ,2021-Q3,GOGO,seizing,6,8211,8220,invest,it to us to invest in driving the conversion
193,2021-11-04 08:30:00,NASDAQ,2021-Q3,GOGO,seizing,7,8595,8604,invest,as we continue to invest in the gogo g
193,2021-11-04 08:30:00,NASDAQ,2021-Q3,GOGO,seizing,8,10259,10268,invest,but secondly as we invest in marketing and promoting
194,2021-02-16 09:00:00,NASDAQ,2020-Q4,SABR,sensing,1,4595,4604,shape,we re in good shape it s included in
194,2021-02-16 09:00:00,NASDAQ,2020-Q4,SABR,sensing,2,6500,6509,shape,do with the structural shape of the market in
194,2021-02-16 09:00:00,NASDAQ,2020-Q4,SABR,sensing,3,6612,6621,shape,into what is the shape of recovery and i
194,2021-02-16 09:00:00,NASDAQ,2020-Q4,SABR,seizing,1,1739,1748,seize,are enabling sabre to seize opportunities created by emerging
194,2021-02-16 09:00:00,NASDAQ,2020-Q4,SABR,seizing,2,2038,2047,investing,moldova we ve been investing in radixx to expand
194,2021-02-16 09:00:00,NASDAQ,2020-Q4,SABR,seizing,3,6165,6174,invest,if we continue to invest in the tech transformation
195,2021-03-04 08:30:00,NASDAQ,2020-Q4,SDGR,seizing,1,858,867,invest,plan to continue to invest heavily in the underlying
195,2021-03-04 08:30:00,NASDAQ,2020-Q4,SDGR,seizing,2,919,928,investing,computational platform we are investing in our internal discovery
195,2021-03-04 08:30:00,NASDAQ,2020-Q4,SDGR,seizing,3,3430,3439,investing,areas and we re investing to capitalize on that
195,2021-03-04 08:30:00,NASDAQ,2020-Q4,SDGR,seizing,4,5258,5267,invest,continue to very aggressively invest in that platform maintain
195,2021-03-04 08:30:00,NASDAQ,2020-Q4,SDGR,seizing,5,6721,6730,investing,do plan to be investing in sales and marketing
195,2021-03-04 08:30:00,NASDAQ,2020-Q4,SDGR,transforming,1,2923,2932,transforming,exceptional team committed to transforming the way therapeutics and
196,2022-03-01 11:00:00,NYSE,2021-Q4,HGV,sensing,1,838,847,sense,re moving with a sense of urgency toward the
196,2022-03-01 11:00:00,NYSE,2021-Q4,HGV,seizing,1,2800,2809,invest,we ll continue to invest in driving new buyer
196,2022-03-01 11:00:00,NYSE,2021-Q4,HGV,transforming,1,7760,7769,transform,we re going to transform sales centers this year
197,2021-02-10 09:00:00,NYSE,2020-Q4,TWO,sensing,1,5062,5071,sense,it makes the most sense to add hedges right
197,2021-02-10 09:00:00,NYSE,2020-Q4,TWO,sensing,2,5395,5404,sense,you give us some sense or just some kind
198,2021-11-10 17:00:00,NYSE,2021-Q3,MAX,sensing,1,1003,1012,sense,quickly and it makes sense when you think about
198,2021-11-10 17:00:00,NYSE,2021-Q3,MAX,seizing,1,562,571,invest,an enviable position to invest in growth as others
198,2021-11-10 17:00:00,NYSE,2021-Q3,MAX,seizing,2,729,738,seize,ever and ready to seize the opportunities ahead with
199,2021-08-05 17:00:00,NASDAQ,2021-Q2,TPIC,sensing,1,3784,3793,sense,give us just a sense of the split between
200,2021-03-30 16:30:00,NASDAQ,2020-Q4,LULU,sensing,1,6695,6704,sense,maybe give us a sense of what if anything
200,2021-03-30 16:30:00,NASDAQ,2020-Q4,LULU,sensing,2,6835,6844,shape,we re in good shape to meet that plan
200,2021-03-30 16:30:00,NASDAQ,2020-Q4,LULU,seizing,1,1736,1745,investing,category and franchise shops investing in our product details
200,2021-03-30 16:30:00,NASDAQ,2020-Q4,LULU,seizing,2,1818,1827,investing,and we will keep investing to scale our foundation
200,2021-03-30 16:30:00,NASDAQ,2020-Q4,LULU,seizing,3,2605,2614,invest,plan to continue to invest further into this advantage
200,2021-03-30 16:30:00,NASDAQ,2020-Q4,LULU,seizing,4,2622,2631,investing,workout options while also investing in the overall guest
200,2021-03-30 16:30:00,NASDAQ,2020-Q4,LULU,seizing,5,2864,2873,invest,the opportunity to strategically invest in the business further
200,2021-03-30 16:30:00,NASDAQ,2020-Q4,LULU,seizing,6,4183,4192,investing,strategic decision to continue investing in innovation and building
200,2021-03-30 16:30:00,NASDAQ,2020-Q4,LULU,seizing,7,4564,4573,invest,ensuring we continue to invest in our long term
200,2021-03-30 16:30:00,NASDAQ,2020-Q4,LULU,seizing,8,5382,5391,invest,we re going to invest into the current category
200,2021-03-30 16:30:00,NASDAQ,2020-Q4,LULU,seizing,9,5900,5909,invest,the strategic decision to invest more than initially anticipated
200,2021-03-30 16:30:00,NASDAQ,2020-Q4,LULU,seizing,10,6353,6362,invest,this the ability to invest now in the content
200,2021-03-30 16:30:00,NASDAQ,2020-Q4,LULU,seizing,11,6465,6474,invest,we re going to invest behind the momentum we
200,2021-03-30 16:30:00,NASDAQ,2020-Q4,LULU,seizing,12,6784,6793,investing,and really geared toward investing into that business to
200,2021-03-30 16:30:00,NASDAQ,2020-Q4,LULU,seizing,13,6972,6984,investing,and opportunities to keep investing in innovation investing in growth mirror is
200,2021-03-30 16:30:00,NASDAQ,2020-Q4,LULU,seizing,14,6995,7004,invest,we re choosing to invest in a business that
200,2021-03-30 16:30:00,NASDAQ,2020-Q4,LULU,seizing,15,7034,7043,invest,opportunities for us to invest in we are very
200,2021-03-30 16:30:00,NASDAQ,2020-Q4,LULU,seizing,16,7119,7128,investing,market and we keep investing in that market local
200,2021-03-30 16:30:00,NASDAQ,2020-Q4,LULU,seizing,17,7736,7745,invest,drive that opportunity to invest into the mirror so
200,2021-03-30 16:30:00,NASDAQ,2020-Q4,LULU,seizing,18,8701,8710,investing,on store openings and investing behind digital the store
201,2021-03-25 08:30:00,OTC,2020-Q4,CWBHF,sensing,1,5385,5394,sense,cbd industry but your sense of this being a
201,2021-03-25 08:30:00,OTC,2020-Q4,CWBHF,sensing,2,7870,7879,sense,makes a lot of sense thank you and then
201,2021-03-25 08:30:00,OTC,2020-Q4,CWBHF,seizing,1,764,773,investing,leading e commerce business investing in the platform and
201,2021-03-25 08:30:00,OTC,2020-Q4,CWBHF,seizing,2,7189,7198,invest,we will continue to invest in pet we ve
202,2021-08-09 09:00:00,NYSE,2021-Q2,TGNA,sensing,1,8003,8012,shaping,on how this is shaping up versus and do
202,2021-08-09 09:00:00,NYSE,2021-Q2,TGNA,seizing,1,2670,2679,invest,we are continuing to invest in premion s market
203,2021-01-12 08:00:00,NASDAQ,2021-Q1,OGI,sensing,1,7239,7248,sense,can you give any sense directionally in terms of
203,2021-01-12 08:00:00,NASDAQ,2021-Q1,OGI,sensing,2,8028,8037,sense,wanted to get a sense of how you feel
203,2021-01-12 08:00:00,NASDAQ,2021-Q1,OGI,sensing,3,8326,8335,sense,like to get a sense of what you d
203,2021-01-12 08:00:00,NASDAQ,2021-Q1,OGI,seizing,1,2206,2215,invest,margins we continue to invest in automation to drive
203,2021-01-12 08:00:00,NASDAQ,2021-Q1,OGI,seizing,2,5860,5869,invested,we ve developed and invested we believe there are
203,2021-01-12 08:00:00,NASDAQ,2021-Q1,OGI,transforming,1,7770,7779,revamping,ocs in terms of revamping our portfolio switching our
204,2020-08-06 11:00:00,NYSE,2020-Q2,CF,sensing,1,3041,3050,sense,wanted to get your sense in terms of how
204,2020-08-06 11:00:00,NYSE,2020-Q2,CF,sensing,2,3897,3906,sense,it makes all the sense in the world for
204,2020-08-06 11:00:00,NYSE,2020-Q2,CF,sensing,3,5997,6006,sense,area that just made sense and there was an
204,2020-08-06 11:00:00,NYSE,2020-Q2,CF,sensing,4,6099,6108,sense,sul did not make sense so shutting them down
204,2020-08-06 11:00:00,NYSE,2020-Q2,CF,sensing,5,6479,6488,sense,that doesn t make sense because the price of
204,2020-08-06 11:00:00,NYSE,2020-Q2,CF,seizing,1,1698,1707,invest,we ll continue to invest in our assets to
205,2021-03-24 10:00:00,NYSE,2021-Q2,WGO,sensing,1,3513,3522,sense,are correct in the sense that most of the
205,2021-03-24 10:00:00,NYSE,2021-Q2,WGO,sensing,2,5921,5930,sense,maybe give us a sense of if you re
205,2021-03-24 10:00:00,NYSE,2021-Q2,WGO,sensing,3,6588,6597,sense,up if that makes sense michael happe president and
205,2021-03-24 10:00:00,NYSE,2021-Q2,WGO,sensing,4,9692,9701,sense,makes a lot of sense and it s helpful
205,2021-03-24 10:00:00,NYSE,2021-Q2,WGO,seizing,1,2471,2480,investing,communicated in the past investing in our businesses to
205,2021-03-24 10:00:00,NYSE,2021-Q2,WGO,seizing,2,3048,3057,invested,of capital is being invested currently and will likely
205,2021-03-24 10:00:00,NYSE,2021-Q2,WGO,seizing,3,7309,7318,investing,that you guys are investing in but you do
205,2021-03-24 10:00:00,NYSE,2021-Q2,WGO,seizing,4,7869,7878,invest,of their desire to invest in experiences versus solely
206,2020-08-07 08:30:00,NYSE,2020-Q2,CCO,sensing,1,4967,4976,sense,you give us a sense of cash burn as
206,2020-08-07 08:30:00,NYSE,2020-Q2,CCO,sensing,2,5388,5397,sense,you give us a sense of the fixed versus
206,2020-08-07 08:30:00,NYSE,2020-Q2,CCO,sensing,3,5928,5937,sense,the contrary in a sense i think the momentum
206,2020-08-07 08:30:00,NYSE,2020-Q2,CCO,sensing,4,8027,8036,sense,and company analyst makes sense and one quick last
206,2020-08-07 08:30:00,NYSE,2020-Q2,CCO,sensing,5,8875,8884,sense,strike deals that make sense for both parties as
206,2020-08-07 08:30:00,NYSE,2020-Q2,CCO,sensing,6,9776,9785,sense,would be in any sense a permanent state have
206,2020-08-07 08:30:00,NYSE,2020-Q2,CCO,seizing,1,1679,1688,invested,relationships with brand owners invested in tools to aid
206,2020-08-07 08:30:00,NYSE,2020-Q2,CCO,seizing,2,2962,2971,invest,we did continue to invest in digital in key
206,2020-08-07 08:30:00,NYSE,2020-Q2,CCO,seizing,3,4723,4732,invest,worthy in order to invest a whole lot of
207,2019-07-25 09:00:00,NYSE,2019-Q2,GPI,sensing,1,3816,3825,sense,just give us a sense of the magnitude and
207,2019-07-25 09:00:00,NYSE,2019-Q2,GPI,seizing,1,1995,2004,invested,another million that was invested in our floor plan
208,2021-07-27 08:30:00,NYSE,2021-Q2,RTX,sensing,1,2155,2164,sensing,airborne isr program within sensing and effects as well
208,2021-07-27 08:30:00,NYSE,2021-Q2,RTX,sensing,2,2611,2620,shape,many times before the shape of the commercial recovery
208,2021-07-27 08:30:00,NYSE,2021-Q2,RTX,sensing,3,9357,9366,sensing,to compromise communications and sensing systems and being able
208,2021-07-27 08:30:00,NYSE,2021-Q2,RTX,sensing,4,9441,9450,sensing,the business from the sensing systems at rmd to
208,2021-07-27 08:30:00,NYSE,2021-Q2,RTX,seizing,1,260,269,invest,all while continuing to invest in our businesses and
208,2021-07-27 08:30:00,NYSE,2021-Q2,RTX,seizing,2,1087,1096,invested,neo nacelle we ve invested in lean events such
208,2021-07-27 08:30:00,NYSE,2021-Q2,RTX,seizing,3,3141,3150,investing,most complex problems by investing in differentiated technologies to
208,2021-07-27 08:30:00,NYSE,2021-Q2,RTX,seizing,4,7143,7152,investing,steve timm talk about investing about of sales over
208,2021-07-27 08:30:00,NYSE,2021-Q2,RTX,seizing,5,7164,7173,invest,we re poised to invest about billion of our
208,2021-07-27 08:30:00,NYSE,2021-Q2,RTX,seizing,6,8593,8602,investing,to stop folks from investing in r d as
209,2021-04-26 17:30:00,NASDAQ,2021-Q1,TSLA,sensing,1,2568,2577,sense,then it sort makes sense that this is kind
209,2021-04-26 17:30:00,NASDAQ,2021-Q1,TSLA,sensing,2,5484,5493,sense,altogether that would make sense given that it s
209,2021-04-26 17:30:00,NASDAQ,2021-Q1,TSLA,sensing,3,6139,6148,sense,vegetables this is common sense and but i guess
209,2021-04-26 17:30:00,NASDAQ,2021-Q1,TSLA,sensing,4,8558,8567,sense,like to get a sense of the path to
209,2021-04-26 17:30:00,NASDAQ,2021-Q1,TSLA,sensing,5,8794,8803,sense,to just get a sense on the comparison of
209,2021-04-26 17:30:00,NASDAQ,2021-Q1,TSLA,sensing,6,8830,8839,sense,can give us a sense of how your new
209,2021-04-26 17:30:00,NASDAQ,2021-Q1,TSLA,seizing,1,2082,2091,invested,of debt we also invested billion in bitcoin during
209,2021-04-26 17:30:00,NASDAQ,2021-Q1,TSLA,seizing,2,4417,4426,invest,previously so tesla did invest billion into bitcoin in
209,2021-04-26 17:30:00,NASDAQ,2021-Q1,TSLA,seizing,3,8282,8291,investing,and so we re investing heavily there on an
211,2021-03-02 17:00:00,NASDAQ,2020-Q4,BGFV,seizing,1,2128,2137,invest,dividend while continuing to invest in the business now
212,2022-08-09 08:00:00,NYSE,2022-Q2,PLNT,sensing,1,3571,3580,shape,is running tip top shape here when they re
212,2022-08-09 08:00:00,NYSE,2022-Q2,PLNT,sensing,2,6515,6524,shaping,the back half any shaping cadence that you think
212,2022-08-09 08:00:00,NYSE,2022-Q2,PLNT,sensing,3,6949,6958,sense,just thought it made sense to pay that off
212,2022-08-09 08:00:00,NYSE,2022-Q2,PLNT,sensing,4,7682,7691,sense,probably does make some sense but again it s
212,2022-08-09 08:00:00,NYSE,2022-Q2,PLNT,sensing,5,7846,7855,sense,you think it makes sense to change something i
212,2022-08-09 08:00:00,NYSE,2022-Q2,PLNT,sensing,6,10463,10472,sense,you give us any sense of the pipeline and
212,2022-08-09 08:00:00,NYSE,2022-Q2,PLNT,seizing,1,7539,7548,invest,to move forward still invest to drive membership and
212,2022-08-09 08:00:00,NYSE,2022-Q2,PLNT,transforming,1,966,975,transformed,wrote this experience has transformed not only my mental
213,2020-08-12 09:00:00,NYSE,2020-Q4,PFGC,sensing,1,4464,4473,shape,ll be in better shape and now vistar it
213,2020-08-12 09:00:00,NYSE,2020-Q4,PFGC,sensing,2,6286,6295,shape,would be in good shape to run the company
213,2020-08-12 09:00:00,NYSE,2020-Q4,PFGC,sensing,3,6892,6901,sense,trying to get a sense for how you think
213,2020-08-12 09:00:00,NYSE,2020-Q4,PFGC,sensing,4,8309,8318,sense,million is that makes sense for that to come
213,2020-08-12 09:00:00,NYSE,2020-Q4,PFGC,seizing,1,471,480,invest,course we ll also invest in our business to
213,2020-08-12 09:00:00,NYSE,2020-Q4,PFGC,seizing,2,1519,1528,seizing,force is engaged in seizing market share opportunities every
213,2020-08-12 09:00:00,NYSE,2020-Q4,PFGC,seizing,3,3140,3149,invested,full year fiscal pfg invested million in capital expenditures
213,2020-08-12 09:00:00,NYSE,2020-Q4,PFGC,seizing,4,4575,4584,investing,is your appetite for investing incrementally in sales right
213,2020-08-12 09:00:00,NYSE,2020-Q4,PFGC,seizing,5,4856,4865,invest,area you wanted to invest in particularly and get
213,2020-08-12 09:00:00,NYSE,2020-Q4,PFGC,seizing,6,8592,8601,invest,earning cash that we invest back in the working
213,2020-08-12 09:00:00,NYSE,2020-Q4,PFGC,seizing,7,8891,8900,seizing,really about kind of seizing that market share by
213,2020-08-12 09:00:00,NYSE,2020-Q4,PFGC,seizing,8,10049,10058,invest,where they need to invest money and where they
213,2020-08-12 09:00:00,NYSE,2020-Q4,PFGC,transforming,1,596,605,redesigning,with new business concepts redesigning menus and most importantly
214,2022-04-19 12:00:00,NYSE,2022-Q1,PLD,sensing,1,543,552,shape,sheet remains in excellent shape our debt to market
214,2022-04-19 12:00:00,NYSE,2022-Q1,PLD,sensing,2,6794,6803,sense,makes a lot of sense with your business model
214,2022-04-19 12:00:00,NYSE,2022-Q1,PLD,seizing,1,9087,9096,invest,these tenants continue to invest in their supply chains
214,2022-04-19 12:00:00,NYSE,2022-Q1,PLD,seizing,2,9218,9227,invest,people are going to invest more and more in
215,2019-06-21 09:00:00,NYSE,2020-Q1,KMX,sensing,1,2955,2964,sense,all try to make sense of what is clearly
215,2019-06-21 09:00:00,NYSE,2020-Q1,KMX,sensing,2,4388,4397,sense,channel and that makes sense to me good reason
216,2019-08-01 17:00:00,NASDAQ,2020-Q1,QRVO,sensing,1,3651,3660,sense,wanted to get a sense from you in terms
216,2019-08-01 17:00:00,NASDAQ,2020-Q1,QRVO,sensing,2,3864,3873,sense,wanted to get a sense has there been an
216,2019-08-01 17:00:00,NASDAQ,2020-Q1,QRVO,sensing,3,6127,6136,sense,high number did you sense that there was kind
216,2019-08-01 17:00:00,NASDAQ,2020-Q1,QRVO,sensing,4,6347,6356,sense,lynch got it makes sense and then bob for
217,2021-08-04 16:30:00,NASDAQ,2021-Q2,BNGO,sensing,1,4056,4065,sense,in two hours makes sense and they eliminated one
217,2021-08-04 16:30:00,NASDAQ,2021-Q2,BNGO,sensing,2,4622,4631,sense,you give us a sense i guess maybe a
217,2021-08-04 16:30:00,NASDAQ,2021-Q2,BNGO,transforming,1,3942,3951,transform,production workflows and completely transform those workflows and as
217,2021-08-04 16:30:00,NASDAQ,2021-Q2,BNGO,transforming,2,4030,4039,transform,but they also dramatically transform the technologies they use
217,2021-08-04 16:30:00,NASDAQ,2021-Q2,BNGO,transforming,3,6408,6417,transform,a technology that can transform the workflow and they
218,2021-05-05 13:00:00,NYSE,2021-Q1,NSA,sensing,1,5633,5642,sense,analyst right okay make sense all right great thank
218,2021-05-05 13:00:00,NYSE,2021-Q1,NSA,sensing,2,5890,5899,sense,got it that makes sense my second question was
218,2021-05-05 13:00:00,NYSE,2021-Q1,NSA,seizing,1,517,526,invested,the first quarter we invested million in properties and
219,2021-08-11 17:00:00,NASDAQ,2021-Q2,MNKD,sensing,1,6856,6865,sense,to give us a sense of how things change
219,2021-08-11 17:00:00,NASDAQ,2021-Q2,MNKD,seizing,1,3518,3527,investing,manufacturing of tyvaso dpi investing in and moving our
220,2021-04-20 10:00:00,NYSE,2021-Q1,DOV,sensing,1,2803,2812,shaped,over the prior decade shaped a less cyclical business
220,2021-04-20 10:00:00,NYSE,2021-Q1,DOV,sensing,2,3671,3680,shape,re in pretty good shape because our revenue is
220,2021-04-20 10:00:00,NYSE,2021-Q1,DOV,sensing,3,4371,4380,sense,in drfe and the sense that you ve got
220,2021-04-20 10:00:00,NYSE,2021-Q1,DOV,sensing,4,6370,6379,sense,you guys have a sense on dynamic between particularly
220,2021-04-20 10:00:00,NYSE,2021-Q1,DOV,sensing,5,8055,8064,sense,those projects and any sense of how do you
220,2021-04-20 10:00:00,NYSE,2021-Q1,DOV,seizing,1,343,352,seize,distributors and customers to seize opportunities in the marketplace
220,2021-04-20 10:00:00,NYSE,2021-Q1,DOV,seizing,2,1540,1549,invest,we will continue to invest behind refrigeration food equipment
220,2021-04-20 10:00:00,NYSE,2021-Q1,DOV,seizing,3,2702,2711,investing,and geographies we are investing in capacity and new
220,2021-04-20 10:00:00,NYSE,2021-Q1,DOV,seizing,4,9301,9310,invested,capital base was under invested by big box retail
221,2021-05-06 13:00:00,NASDAQ,2021-Q1,SBRA,sensing,1,5575,5584,shape,therapy starting to take shape in your facilities rick
221,2021-05-06 13:00:00,NASDAQ,2021-Q1,SBRA,sensing,2,7424,7433,sense,see overtime if make sense which gives us a
221,2021-05-06 13:00:00,NASDAQ,2021-Q1,SBRA,sensing,3,9513,9522,sense,kind of given the sense that the federal government
222,2021-05-11 08:00:00,NYSE,2021-Q1,PRGO,sensing,1,6570,6579,sense,just give us a sense of what the rx
222,2021-05-11 08:00:00,NYSE,2021-Q1,PRGO,seizing,1,626,635,invest,over billion available to invest to further build our
222,2021-05-11 08:00:00,NYSE,2021-Q1,PRGO,seizing,2,1652,1661,investing,by growing market share investing in e commerce and
222,2021-05-11 08:00:00,NYSE,2021-Q1,PRGO,seizing,3,3871,3880,invest,as we continue to invest in future growth opportunities
222,2021-05-11 08:00:00,NYSE,2021-Q1,PRGO,seizing,4,6125,6134,invested,our competitors because we invested early in e comm
222,2021-05-11 08:00:00,NYSE,2021-Q1,PRGO,transforming,1,359,368,transform,our aggressive plans to transform perrigo from a healthcare
222,2021-05-11 08:00:00,NYSE,2021-Q1,PRGO,transforming,2,498,507,reconfigured,first we have meaningfully reconfigured our portfolio with the
222,2021-05-11 08:00:00,NYSE,2021-Q1,PRGO,transforming,3,636,645,reconfiguring,second in addition to reconfiguring our portfolio we identified
222,2021-05-11 08:00:00,NYSE,2021-Q1,PRGO,transforming,4,2674,2683,transform,who have helped to transform our great company rest
223,2021-03-04 07:00:00,NASDAQ,2020-Q4,BZUN,sensing,1,2767,2776,sense,to get what a sense for our understanding arthur
223,2021-03-04 07:00:00,NASDAQ,2020-Q4,BZUN,seizing,1,6002,6011,investing,also we have been investing in digital marketing for
223,2021-03-04 07:00:00,NASDAQ,2020-Q4,BZUN,seizing,2,6617,6626,invest,that the brand will invest for long term not
223,2021-03-04 07:00:00,NASDAQ,2020-Q4,BZUN,transforming,1,2472,2481,transform,we believe this will transform how we serve our
225,2021-11-05 14:00:00,NASDAQ,2021-Q4,MTSI,sensing,1,4905,4914,sense,to macom in the sense that we are a
225,2021-11-05 14:00:00,NASDAQ,2021-Q4,MTSI,seizing,1,1803,1812,invested,than average return on invested capital and therefore supports
225,2021-11-05 14:00:00,NASDAQ,2021-Q4,MTSI,seizing,2,1843,1852,investing,for example we are investing in our massachusetts and
225,2021-11-05 14:00:00,NASDAQ,2021-Q4,MTSI,seizing,3,1998,2007,investing,applications in addition to investing in our fab facilities
225,2021-11-05 14:00:00,NASDAQ,2021-Q4,MTSI,seizing,4,2552,2561,investing,r d capabilities by investing in new programs to
225,2021-11-05 14:00:00,NASDAQ,2021-Q4,MTSI,seizing,5,2973,2982,invest,as we continue to invest in our internal fab
227,2022-02-01 08:30:00,NYSE,2021-Q4,UPS,sensing,1,5125,5134,shape,only is in good shape but we ve got
227,2022-02-01 08:30:00,NYSE,2021-Q4,UPS,sensing,2,5218,5227,shape,share some of the shape of your expectations particularly
227,2022-02-01 08:30:00,NYSE,2021-Q4,UPS,sensing,3,6117,6126,sense,want to get a sense of how that s
227,2022-02-01 08:30:00,NYSE,2021-Q4,UPS,seizing,1,1321,1330,invested,driving higher returns on invested capital as brian will
227,2022-02-01 08:30:00,NYSE,2021-Q4,UPS,seizing,2,1342,1351,invested,delivered a return on invested capital of basis points
227,2022-02-01 08:30:00,NYSE,2021-Q4,UPS,seizing,3,1570,1579,invested,approximately and return on invested capital is anticipated to
227,2022-02-01 08:30:00,NYSE,2021-Q4,UPS,seizing,4,5041,5050,investing,basis points we re investing in capability we re
227,2022-02-01 08:30:00,NYSE,2021-Q4,UPS,seizing,5,7876,7885,invest,we are continuing to invest in that as you
227,2022-02-01 08:30:00,NYSE,2021-Q4,UPS,seizing,6,8215,8224,investing,of cash we re investing in the business to
227,2022-02-01 08:30:00,NYSE,2021-Q4,UPS,transforming,1,666,675,transform,driven strategy as we transform nearly every aspect of
227,2022-02-01 08:30:00,NYSE,2021-Q4,UPS,transforming,2,1025,1034,redesigned,our global website we redesigned the u s site
228,2020-08-05 17:00:00,NASDAQ,2020-Q2,ETSY,sensing,1,742,751,sense,to give you some sense of scale that s
228,2020-08-05 17:00:00,NASDAQ,2020-Q2,ETSY,sensing,2,9955,9964,sense,them have a better sense of what we would
228,2020-08-05 17:00:00,NASDAQ,2020-Q2,ETSY,seizing,1,1361,1370,invest,and the opportunity to invest to fully realize that
228,2020-08-05 17:00:00,NASDAQ,2020-Q2,ETSY,seizing,2,1399,1408,investing,that we should be investing given the early stage
228,2020-08-05 17:00:00,NASDAQ,2020-Q2,ETSY,seizing,3,1505,1514,invest,are we excited to invest for the future it
228,2020-08-05 17:00:00,NASDAQ,2020-Q2,ETSY,seizing,4,3357,3366,invest,we should more aggressively invest in growth and pursue
228,2020-08-05 17:00:00,NASDAQ,2020-Q2,ETSY,seizing,5,4423,4432,invest,the incremental revenue to invest in marketing customer engagement
228,2020-08-05 17:00:00,NASDAQ,2020-Q2,ETSY,seizing,6,4840,4849,invest,we execute our strategy invest in our seller s
228,2020-08-05 17:00:00,NASDAQ,2020-Q2,ETSY,seizing,7,7081,7090,invest,we ll start to invest more in some of
229,2021-02-18 10:00:00,NYSE,2020-Q4,SCL,seizing,1,1916,1925,invest,and will continue to invest in new capacity and
230,2021-04-28 14:00:00,NYSE,2021-Q1,ESS,sensing,1,4465,4474,sense,better hope that makes sense alexander goldfarb piper sandler
230,2021-04-28 14:00:00,NYSE,2021-Q1,ESS,sensing,2,8655,8664,sense,in rev levels makes sense neil malkin capital one
230,2021-04-28 14:00:00,NYSE,2021-Q1,ESS,sensing,3,9446,9455,sense,can you give a sense of which markets are
230,2021-04-28 14:00:00,NYSE,2021-Q1,ESS,sensing,4,9497,9506,sense,me give you some sense of what we re
230,2021-04-28 14:00:00,NYSE,2021-Q1,ESS,sensing,5,10620,10629,sense,in does that make sense brad heffern rbc capital
230,2021-04-28 14:00:00,NYSE,2021-Q1,ESS,seizing,1,2836,2845,invest,the strong demand to invest in apartments and cheap
230,2021-04-28 14:00:00,NYSE,2021-Q1,ESS,seizing,2,3058,3067,invest,look for ways to invest accretively to create shareholder
230,2021-04-28 14:00:00,NYSE,2021-Q1,ESS,seizing,3,5002,5011,invested,round investor and then invested all the way through
230,2021-04-28 14:00:00,NYSE,2021-Q1,ESS,transforming,1,3309,3318,redeploy,seeing the opportunities to redeploy those proceeds into either
230,2021-04-28 14:00:00,NYSE,2021-Q1,ESS,transforming,2,10699,10708,redeploy,in being able to redeploy that just given that
230,2021-04-28 14:00:00,NYSE,2021-Q1,ESS,transforming,3,10741,10750,redeploy,in being able to redeploy that accretively adam w
230,2021-04-28 14:00:00,NYSE,2021-Q1,ESS,transforming,4,10891,10900,redeployed,that money will be redeployed it s just getting
231,2021-01-21 17:00:00,NASDAQ,2020-Q4,INTC,sensing,1,869,878,shaped,experience at intel has shaped my entire career and
231,2021-01-21 17:00:00,NASDAQ,2020-Q4,INTC,sensing,2,8765,8774,shape,association in trying to shape some of the incentives
231,2021-01-21 17:00:00,NASDAQ,2020-Q4,INTC,seizing,1,1195,1204,seize,to be able to seize these opportunities we have
231,2021-01-21 17:00:00,NASDAQ,2020-Q4,INTC,seizing,2,1746,1755,invest,idm advantage continue to invest in process technology leadership
231,2021-01-21 17:00:00,NASDAQ,2020-Q4,INTC,seizing,3,2538,2547,invested,workloads we ve also invested to drive networking workload
231,2021-01-21 17:00:00,NASDAQ,2020-Q4,INTC,seizing,4,2691,2700,investing,to of revenue while investing in manufacturing capacity expansion
231,2021-01-21 17:00:00,NASDAQ,2020-Q4,INTC,seizing,5,4049,4058,invest,the idm advantage and invest in technology development leadership
231,2021-01-21 17:00:00,NASDAQ,2020-Q4,INTC,seizing,6,5972,5981,invest,going to continue to invest in process technology so
231,2021-01-21 17:00:00,NASDAQ,2020-Q4,INTC,seizing,7,6019,6028,invest,will also continue to invest in next generation process
231,2021-01-21 17:00:00,NASDAQ,2020-Q4,INTC,seizing,8,8788,8797,invest,the playing field to invest in foundry services here
231,2021-01-21 17:00:00,NASDAQ,2020-Q4,INTC,seizing,9,8981,8990,invest,preserve idm advantages and invest in technology development and
231,2021-01-21 17:00:00,NASDAQ,2020-Q4,INTC,transforming,1,1492,1501,transform,on our strategy to transform intel into a multi
232,2022-02-03 09:00:00,NYSE,2021-Q4,LLY,sensing,1,3571,3580,sense,donanemab it certainly makes sense but how much did
232,2022-02-03 09:00:00,NYSE,2021-Q4,LLY,sensing,2,3642,3651,sense,wanted to get a sense of some of the
232,2022-02-03 09:00:00,NYSE,2021-Q4,LLY,sensing,3,5717,5726,sense,trying to get a sense of how different is
232,2022-02-03 09:00:00,NYSE,2021-Q4,LLY,sensing,4,8579,8588,shape,set in some way shape or form and then
232,2022-02-03 09:00:00,NYSE,2021-Q4,LLY,sensing,5,10601,10610,sense,give us a better sense about how you expect
232,2022-02-03 09:00:00,NYSE,2021-Q4,LLY,seizing,1,888,897,invested,for covid therapies we invested approximately million in research
232,2022-02-03 09:00:00,NYSE,2021-Q4,LLY,seizing,2,1620,1629,invested,capital allocation in we invested billion to drive our
232,2022-02-03 09:00:00,NYSE,2021-Q4,LLY,seizing,3,1673,1682,invest,products and expected launches invest in our pipeline evaluate
232,2022-02-03 09:00:00,NYSE,2021-Q4,LLY,seizing,4,1794,1803,invest,agreement we continue to invest in our bright future
232,2022-02-03 09:00:00,NYSE,2021-Q4,LLY,seizing,5,3277,3286,invest,products we continue to invest heavily in our pipeline
233,2020-08-07 08:00:00,NYSE,2020-Q3,CBT,sensing,1,2600,2609,shaped,has been a v shaped recovery for demands in
233,2020-08-07 08:00:00,NYSE,2020-Q3,CBT,sensing,2,2699,2708,shape,this backdrop of the shape of recovery in our
233,2020-08-07 08:00:00,NYSE,2020-Q3,CBT,sensing,3,5393,5402,sense,also give us a sense for inventory levels in
233,2020-08-07 08:00:00,NYSE,2020-Q3,CBT,sensing,4,5572,5581,shape,on the timing and shape of the recovery that
233,2020-08-07 08:00:00,NYSE,2020-Q3,CBT,sensing,5,5861,5870,sense,asked and so our sense is that we ve
233,2020-08-07 08:00:00,NYSE,2020-Q3,CBT,sensing,6,6502,6511,sense,can you give a sense of the scope of
233,2020-08-07 08:00:00,NYSE,2020-Q3,CBT,sensing,7,6843,6852,sense,gives you just a sense so something very important
233,2020-08-07 08:00:00,NYSE,2020-Q3,CBT,sensing,8,9498,9515,shape,think in general the shape of the each producers consent decree the shape is similar kevin and
233,2020-08-07 08:00:00,NYSE,2020-Q3,CBT,sensing,9,9575,9584,shape,i would say the shape of the consent decree
233,2020-08-07 08:00:00,NYSE,2020-Q3,CBT,sensing,10,9929,9938,sense,journey back to some sense of normal here but
233,2020-08-07 08:00:00,NYSE,2020-Q3,CBT,seizing,1,6739,6748,investing,here where we are investing in both marketing as
233,2020-08-07 08:00:00,NYSE,2020-Q3,CBT,seizing,2,6821,6830,investing,but we re also investing in the longer term
234,2021-11-09 08:30:00,NASDAQ,2021-Q3,EGRX,sensing,1,3021,3030,sense,landscape what s your sense for how crowded the
234,2021-11-09 08:30:00,NASDAQ,2021-Q3,EGRX,seizing,1,801,810,invested,planned growth we have invested about of our money
234,2021-11-09 08:30:00,NASDAQ,2021-Q3,EGRX,seizing,2,1551,1560,investing,bacterial pneumonia we anticipate investing million to achieve interim
235,,NYSE,2018-Q4,GATX,sensing,1,3165,3174,sense,think it makes more sense to provide a range
235,,NYSE,2018-Q4,GATX,seizing,1,7216,7225,invested,rolls royce and we invested close to a billion
236,2020-05-07 16:30:00,NASDAQ,2020-Q1,NSTG,sensing,1,4008,4017,sense,analyst ok that makes sense and how do you
236,2020-05-07 16:30:00,NASDAQ,2020-Q1,NSTG,sensing,2,5618,5627,sense,front like in a sense why taken any improvement
237,2021-03-15 16:30:00,NASDAQ,2020-Q4,VUZI,sensing,1,2136,2145,shape,g can help securely shape missions along with defense
237,2021-03-15 16:30:00,NASDAQ,2020-Q4,VUZI,seizing,1,3576,3585,investing,optics front we re investing in ongoing research and
237,2021-03-15 16:30:00,NASDAQ,2020-Q4,VUZI,seizing,2,3635,3644,invest,and we intend to invest it wisely i d
237,2021-03-15 16:30:00,NASDAQ,2020-Q4,VUZI,seizing,3,4480,4489,investing,the cash used for investing activities in was million
237,2021-03-15 16:30:00,NASDAQ,2020-Q4,VUZI,seizing,4,4553,4562,investing,double our levels of investing activities for our fiscal
237,2021-03-15 16:30:00,NASDAQ,2020-Q4,VUZI,seizing,5,4612,4621,invest,capital resources to smartly invest and grow with future
237,2021-03-15 16:30:00,NASDAQ,2020-Q4,VUZI,seizing,6,4635,4644,investing,see substantial risk in investing more for such growth
238,2021-05-06 09:00:00,NYSE,2021-Q1,CPE,sensing,1,2546,2555,sense,debt exchanges make economic sense we will continue to
238,2021-05-06 09:00:00,NYSE,2021-Q1,CPE,sensing,2,3318,3327,sense,of gave you a sense of how things will
238,2021-05-06 09:00:00,NYSE,2021-Q1,CPE,sensing,3,3961,3970,sense,if that makes any sense and so from a
238,2021-05-06 09:00:00,NYSE,2021-Q1,CPE,transforming,1,982,991,redesign,and corporate sustainability the redesign addresses both short term
239,2019-05-01 08:30:00,NYSE,2019-Q2,SBH,sensing,1,8247,8256,sense,about that and the sense that the reality of
239,2019-05-01 08:30:00,NYSE,2019-Q2,SBH,sensing,2,8576,8585,sense,and give us a sense how long you expect
239,2019-05-01 08:30:00,NYSE,2019-Q2,SBH,seizing,1,561,570,investing,previous quarters we are investing to build on our
239,2019-05-01 08:30:00,NYSE,2019-Q2,SBH,seizing,2,1129,1138,investing,adopters and we are investing in both product and
239,2019-05-01 08:30:00,NYSE,2019-Q2,SBH,seizing,3,1155,1164,invest,partners and we will invest aggressively with partners that
239,2019-05-01 08:30:00,NYSE,2019-Q2,SBH,seizing,4,2581,2590,investing,shareholders we have been investing heavily in the business
239,2019-05-01 08:30:00,NYSE,2019-Q2,SBH,seizing,5,2592,2601,invest,are on track to invest million in capital expenditures
239,2019-05-01 08:30:00,NYSE,2019-Q2,SBH,seizing,6,4014,4023,invest,expect to continue to invest aggressively in improvements to
239,2019-05-01 08:30:00,NYSE,2019-Q2,SBH,seizing,7,4795,4804,investing,last year we are investing heavily against the business
239,2019-05-01 08:30:00,NYSE,2019-Q2,SBH,seizing,8,5672,5681,invested,vendors and we have invested this quarter some of
239,2019-05-01 08:30:00,NYSE,2019-Q2,SBH,seizing,9,6227,6236,invest,we have need to invest over time las vegas
239,2019-05-01 08:30:00,NYSE,2019-Q2,SBH,seizing,10,6331,6340,invest,long range plan to invest both in the digital
239,2019-05-01 08:30:00,NYSE,2019-Q2,SBH,seizing,11,7580,7589,investing,that we have been investing in wage rate in
239,2019-05-01 08:30:00,NYSE,2019-Q2,SBH,seizing,12,7618,7627,invested,we have started we invested both at the backend
239,2019-05-01 08:30:00,NYSE,2019-Q2,SBH,seizing,13,7680,7689,invest,what we need to invest this year is already
239,2019-05-01 08:30:00,NYSE,2019-Q2,SBH,seizing,14,10310,10319,investing,glad we re finally investing steph wissink jefferies analyst
239,2019-05-01 08:30:00,NYSE,2019-Q2,SBH,seizing,15,10852,10861,investing,supply feel we are investing our stores but we
239,2019-05-01 08:30:00,NYSE,2019-Q2,SBH,seizing,16,11209,11218,invest,do we need to invest more in the business
239,2019-05-01 08:30:00,NYSE,2019-Q2,SBH,transforming,1,10235,10244,revamped,and other capabilities and revamped stores you know they
240,2021-10-26 08:30:00,NASDAQ,2021-Q3,AGNC,sensing,1,403,412,shaped,identified several risks that shaped the agency investment landscape
240,2021-10-26 08:30:00,NASDAQ,2021-Q3,AGNC,sensing,2,3170,3179,shape,so the environment could shape up pretty well for
240,2021-10-26 08:30:00,NASDAQ,2021-Q3,AGNC,sensing,3,5782,5791,sense,analyst ok that makes sense i think all the
240,2021-10-26 08:30:00,NASDAQ,2021-Q3,AGNC,sensing,4,6043,6052,shape,with respect to the shape of the yield curve
240,2021-10-26 08:30:00,NASDAQ,2021-Q3,AGNC,sensing,5,6073,6082,shape,an impact on the shape of the curve so
240,2021-10-26 08:30:00,NASDAQ,2021-Q3,AGNC,sensing,6,6472,6481,shape,more volatility in the shape of the curve so
240,2021-10-26 08:30:00,NASDAQ,2021-Q3,AGNC,sensing,7,6509,6518,shape,of impact on the shape of the curve if
241,2021-04-09 12:00:00,NASDAQ,2021-Q2,PSMT,seizing,1,3534,3543,investing,net cash used in investing activities increased by million
241,2021-04-09 12:00:00,NASDAQ,2021-Q2,PSMT,seizing,2,3665,3674,invest,while also continuing to invest in the future during
241,2021-04-09 12:00:00,NASDAQ,2021-Q2,PSMT,seizing,3,4001,4010,investing,then we re also investing in talent but there
241,2021-04-09 12:00:00,NASDAQ,2021-Q2,PSMT,seizing,4,4056,4065,invest,re obviously continuing to invest in the organization on
241,2021-04-09 12:00:00,NASDAQ,2021-Q2,PSMT,seizing,5,4119,4128,investing,well and we re investing in additional services jon
242,2021-09-07 21:00:00,NASDAQ,2021-Q2,DADA,seizing,1,5535,5544,invest,better position to further invest in the online businesses
242,2021-09-07 21:00:00,NASDAQ,2021-Q2,DADA,seizing,2,5945,5954,investing,s why we are investing really early stage to
242,2021-09-07 21:00:00,NASDAQ,2021-Q2,DADA,transforming,1,4727,4736,transform,shift they have to transform quickly and digitally so
243,2019-05-01 16:30:00,NASDAQ,2019-Q1,FOXF,sensing,1,4626,4635,sense,maybe give us a sense if you can maybe
243,2019-05-01 16:30:00,NASDAQ,2019-Q1,FOXF,sensing,2,4930,4939,sense,in powered vehicle any sense of how much that
243,2019-05-01 16:30:00,NASDAQ,2019-Q1,FOXF,sensing,3,5088,5097,sense,of a lot of sense to make longer term
243,2019-05-01 16:30:00,NASDAQ,2019-Q1,FOXF,sensing,4,6229,6238,sense,trying to get a sense of like the base
243,2019-05-01 16:30:00,NASDAQ,2019-Q1,FOXF,seizing,1,2252,2261,invest,as we continue to invest in the brand while
243,2019-05-01 16:30:00,NASDAQ,2019-Q1,FOXF,seizing,2,6537,6546,invest,to that we will invest in innovation in that
243,2019-05-01 16:30:00,NASDAQ,2019-Q1,FOXF,seizing,3,6561,6570,invest,you will see us invest in areas like straps
243,2019-05-01 16:30:00,NASDAQ,2019-Q1,FOXF,seizing,4,6678,6687,invest,ve tended to under invest in their platform and
243,2019-05-01 16:30:00,NASDAQ,2019-Q1,FOXF,transforming,1,1691,1700,redesigned,riding and featuring a redesigned crown our engineers increased
244,2019-09-25 21:30:00,NYSE,2020-Q1,NKE,sensing,1,3524,3533,sensing,and proprietary digital demand sensing tools will help us
244,2019-09-25 21:30:00,NYSE,2020-Q1,NKE,sensing,2,3605,3614,sensing,building of digital demand sensing capabilities by at least
244,2019-09-25 21:30:00,NYSE,2020-Q1,NKE,seizing,1,710,719,investing,re focused we re investing in our brand in
244,2019-09-25 21:30:00,NYSE,2020-Q1,NKE,seizing,2,1247,1256,invest,so we continue to invest in more dynamic imagery
244,2019-09-25 21:30:00,NYSE,2020-Q1,NKE,seizing,3,2038,2047,investing,do that we re investing in three areas we
244,2019-09-25 21:30:00,NYSE,2020-Q1,NKE,seizing,4,2538,2547,invest,while we continue to invest in stronger more distinctive
244,2019-09-25 21:30:00,NYSE,2020-Q1,NKE,seizing,5,2909,2918,investing,market we re partnering investing in our own teams
244,2019-09-25 21:30:00,NYSE,2020-Q1,NKE,seizing,6,3150,3159,invested,high expanding returns on invested capital those are extraordinary
244,2019-09-25 21:30:00,NYSE,2020-Q1,NKE,seizing,7,3488,3497,investing,digital services faster by investing in the migration of
244,2019-09-25 21:30:00,NYSE,2020-Q1,NKE,seizing,8,3630,3639,invest,such as these to invest and extend our leadership
244,2019-09-25 21:30:00,NYSE,2020-Q1,NKE,seizing,9,3762,3771,invested,profitability and returns on invested capital and we see
244,2019-09-25 21:30:00,NYSE,2020-Q1,NKE,seizing,10,4101,4110,invest,as we continued to invest in our digital transformation
244,2019-09-25 21:30:00,NYSE,2020-Q1,NKE,seizing,11,8210,8219,invest,not only where we invest in terms of new
244,2019-09-25 21:30:00,NYSE,2020-Q1,NKE,seizing,12,8766,8775,investing,we re creating and investing in are really going
244,2019-09-25 21:30:00,NYSE,2020-Q1,NKE,seizing,13,8789,8798,invest,the innovation that we invest in it s all
244,2019-09-25 21:30:00,NYSE,2020-Q1,NKE,transforming,1,3191,3200,transform,our relentless drive to transform how nike serves consumers
244,2019-09-25 21:30:00,NYSE,2020-Q1,NKE,transforming,2,3396,3405,transforming,same time digital is transforming and amplifying everything we
245,2021-02-02 17:00:00,NASDAQ,2021-Q2,MRCY,sensing,1,610,619,sense,to be a strong sense bipartisan commitment to defense
245,2021-02-02 17:00:00,NASDAQ,2021-Q2,MRCY,sensing,2,1923,1932,shape,sheet is in great shape we anticipate high single
245,2021-02-02 17:00:00,NASDAQ,2021-Q2,MRCY,sensing,3,6615,6624,sense,could give us a sense of considerably below sort
245,2021-02-02 17:00:00,NASDAQ,2021-Q2,MRCY,sensing,4,7933,7942,shape,sheet s in great shape so noah poponak goldman
245,2021-02-02 17:00:00,NASDAQ,2021-Q2,MRCY,sensing,5,8415,8424,sense,do you get a sense of how that could
245,2021-02-02 17:00:00,NASDAQ,2021-Q2,MRCY,seizing,1,1381,1390,invest,pandemic we continue to invest in the rollout of
245,2021-02-02 17:00:00,NASDAQ,2021-Q2,MRCY,seizing,2,1722,1731,invest,the second is to invest in new technologies our
245,2021-02-02 17:00:00,NASDAQ,2021-Q2,MRCY,seizing,3,1771,1780,investing,allow us to continue investing in organic growth while
245,2021-02-02 17:00:00,NASDAQ,2021-Q2,MRCY,seizing,4,3558,3567,invest,as we continue to invest in growing the business
245,2021-02-02 17:00:00,NASDAQ,2021-Q2,MRCY,seizing,5,4066,4075,investing,know we ve been investing higher than that theirs
245,2021-02-02 17:00:00,NASDAQ,2021-Q2,MRCY,seizing,6,4598,4607,investing,a company that is investing in innovation at industry
245,2021-02-02 17:00:00,NASDAQ,2021-Q2,MRCY,seizing,7,4796,4805,investing,things that we were investing in in terms of
245,2021-02-02 17:00:00,NASDAQ,2021-Q2,MRCY,seizing,8,4926,4935,invest,priority to continue to invest to protect our employees
245,2021-02-02 17:00:00,NASDAQ,2021-Q2,MRCY,seizing,9,5154,5163,invest,the willingness to actually invest in innovation and mercury
245,2021-02-02 17:00:00,NASDAQ,2021-Q2,MRCY,seizing,10,5210,5219,invest,partner with who can invest in innovation that can
245,2021-02-02 17:00:00,NASDAQ,2021-Q2,MRCY,seizing,11,5233,5251,investing,re doing we re investing in innovation as mike described we re also investing in the capital improvements
245,2021-02-02 17:00:00,NASDAQ,2021-Q2,MRCY,seizing,12,6769,6778,investing,that we ve been investing our own internally funded
245,2021-02-02 17:00:00,NASDAQ,2021-Q2,MRCY,seizing,13,7064,7073,investing,us that we were investing going all the way
245,2021-02-02 17:00:00,NASDAQ,2021-Q2,MRCY,seizing,14,7192,7201,invested,but yeah we have invested substantially literally and over
246,2021-02-25 20:00:00,NASDAQ,2020-Q4,BILI,sensing,1,2215,2224,shape,not only helping to shape the new videolization paradigm
246,2021-02-25 20:00:00,NASDAQ,2020-Q4,BILI,seizing,1,1188,1197,invest,meanwhile we continue to invest in areas where we
246,2021-02-25 20:00:00,NASDAQ,2020-Q4,BILI,seizing,2,2237,2246,invest,we will continue to invest in our content and
246,2021-02-25 20:00:00,NASDAQ,2020-Q4,BILI,seizing,3,4530,4539,invest,is becoming the must invest advertising platform foreign speech
247,2021-11-15 12:00:00,NYSE,2021-Q4,ACM,sensing,1,5203,5212,sense,you ve gotten a sense of this recently but
247,2021-11-15 12:00:00,NYSE,2021-Q4,ACM,sensing,2,5580,5589,sense,to get a better sense of what the underlying
247,2021-11-15 12:00:00,NYSE,2021-Q4,ACM,sensing,3,6543,6552,sense,you give us some sense of are they all
247,2021-11-15 12:00:00,NYSE,2021-Q4,ACM,seizing,1,1334,1343,investing,and advisory capabilities and investing across our key account
247,2021-11-15 12:00:00,NYSE,2021-Q4,ACM,seizing,2,2522,2531,invest,creating increased opportunities to invest in organic growth while
247,2021-11-15 12:00:00,NYSE,2021-Q4,ACM,seizing,3,3135,3144,investing,on the industry while investing in people clients and
247,2021-11-15 12:00:00,NYSE,2021-Q4,ACM,seizing,4,4093,4102,invested,so much capex being invested in projects over the
247,2021-11-15 12:00:00,NYSE,2021-Q4,ACM,seizing,5,4163,4172,investing,years and for us investing and building a program
247,2021-11-15 12:00:00,NYSE,2021-Q4,ACM,seizing,6,4786,4795,invest,new jersey area to invest over the next five
247,2021-11-15 12:00:00,NYSE,2021-Q4,ACM,seizing,7,6101,6110,investing,we re looking at investing in their technical and
247,2021-11-15 12:00:00,NYSE,2021-Q4,ACM,seizing,8,6702,6711,investing,money that we re investing in the business to
247,2021-11-15 12:00:00,NYSE,2021-Q4,ACM,seizing,9,6714,6723,invest,we ll continue to invest that but we believe
247,2021-11-15 12:00:00,NYSE,2021-Q4,ACM,seizing,10,6746,6755,invest,going to continue to invest to change the way
247,2021-11-15 12:00:00,NYSE,2021-Q4,ACM,seizing,11,6775,6784,investing,working on this and investing in this for about
247,2021-11-15 12:00:00,NYSE,2021-Q4,ACM,seizing,12,7569,7578,invest,that we believe that invest in organic growth and
247,2021-11-15 12:00:00,NYSE,2021-Q4,ACM,seizing,13,7594,7604,"invest, investing",you so this again investing invest in organic growth and
247,2021-11-15 12:00:00,NYSE,2021-Q4,ACM,seizing,14,7751,7760,invest,have the opportunity to invest in our business and
247,2021-11-15 12:00:00,NYSE,2021-Q4,ACM,seizing,15,8093,8102,invest,even larger opportunity to invest and what you ve
247,2021-11-15 12:00:00,NYSE,2021-Q4,ACM,transforming,1,2921,2930,reconfigure,as ongoing investments to reconfigure our real estate footprint
249,2021-10-29 08:30:00,NYSE,2021-Q3,AON,sensing,1,3340,3349,sense,so elyse gets a sense on sort of the
249,2021-10-29 08:30:00,NYSE,2021-Q3,AON,sensing,2,6357,6366,sense,analyst okay that makes sense does it go beyond
249,2021-10-29 08:30:00,NYSE,2021-Q3,AON,sensing,3,7804,7813,sense,got it that makes sense and just as a
249,2021-10-29 08:30:00,NYSE,2021-Q3,AON,seizing,1,847,856,invested,shareholders second we ve invested heavily in aon business
249,2021-10-29 08:30:00,NYSE,2021-Q3,AON,seizing,2,2018,2027,invested,using our return on invested capital framework in the
249,2021-10-29 08:30:00,NYSE,2021-Q3,AON,seizing,3,2552,2561,invest,expect to continue to invest organically and inorganically in
249,2021-10-29 08:30:00,NYSE,2021-Q3,AON,seizing,4,2799,2808,invested,approach to return on invested capital combined with expected
249,2021-10-29 08:30:00,NYSE,2021-Q3,AON,seizing,5,3020,3029,invest,we will continue to invest meaningfully in talent in
249,2021-10-29 08:30:00,NYSE,2021-Q3,AON,seizing,6,3118,3127,investing,like were you guys investing in the third quarter
249,2021-10-29 08:30:00,NYSE,2021-Q3,AON,seizing,7,3269,3278,invest,continued increasing ability to invest in growth and build
249,2021-10-29 08:30:00,NYSE,2021-Q3,AON,seizing,8,3352,3361,invest,we re able to invest in and still maintain
249,2021-10-29 08:30:00,NYSE,2021-Q3,AON,seizing,9,3569,3578,invest,analytics area continue to invest in our digital space
249,2021-10-29 08:30:00,NYSE,2021-Q3,AON,seizing,10,3629,3638,investing,capabilities so we re investing there and then you
249,2021-10-29 08:30:00,NYSE,2021-Q3,AON,seizing,11,5268,5277,investing,like where we are investing for the future is
249,2021-10-29 08:30:00,NYSE,2021-Q3,AON,seizing,12,6873,6882,investing,and so we re investing in share repurchase because
249,2021-10-29 08:30:00,NYSE,2021-Q3,AON,seizing,13,7536,7545,investing,it s really around investing in the capability so
249,2021-10-29 08:30:00,NYSE,2021-Q3,AON,seizing,14,7612,7621,invest,on how do you invest consistently over time so
249,2021-10-29 08:30:00,NYSE,2021-Q3,AON,seizing,15,7756,7765,invested,about investments we ve invested in aon business services
249,2021-10-29 08:30:00,NYSE,2021-Q3,AON,seizing,16,7927,7936,invested,hopefully as we ve invested in that capability they
251,2021-05-14 10:30:00,NYSE,2021-Q1,PBR,sensing,1,5090,5099,sense,solid it did make sense to think of a
251,2021-05-14 10:30:00,NYSE,2021-Q1,PBR,sensing,2,7201,7210,sense,areas does it make sense to participate in the
251,2021-05-14 10:30:00,NYSE,2021-Q1,PBR,sensing,3,7233,7242,sense,contract would it make sense to enter in the
252,2020-02-27 16:30:00,NASDAQ,2019-Q4,CDXS,seizing,1,6904,6913,invest,we re prepared to invest the relatively sizable amount
253,2022-07-26 10:00:00,NASDAQ,2022-Q2,CVLG,sensing,1,767,776,shape,pay is in good shape at the present time
253,2022-07-26 10:00:00,NASDAQ,2022-Q2,CVLG,sensing,2,1949,1958,sense,makes a lot of sense and tripp just if
253,2022-07-26 10:00:00,NASDAQ,2022-Q2,CVLG,sensing,3,3773,3782,sense,acquire that would make sense i m just trying
253,2022-07-26 10:00:00,NASDAQ,2022-Q2,CVLG,seizing,1,301,310,investing,the continued pursuit of investing in our undervalued company
253,2022-07-26 10:00:00,NASDAQ,2022-Q2,CVLG,seizing,2,506,515,invested,a record return on invested capital of now paul
254,2021-05-06 09:00:00,NASDAQ,2021-Q1,LBTYA,sensing,1,744,753,shape,gain the ability to shape the ecosystem from a
254,2021-05-06 09:00:00,NASDAQ,2021-Q1,LBTYA,sensing,2,3446,3455,sense,investors have the best sense of the underlying trends
254,2021-05-06 09:00:00,NASDAQ,2021-Q1,LBTYA,sensing,3,8246,8255,sense,capacity but in that sense has allowed us to
255,2021-06-08 17:00:00,NASDAQ,2021-Q2,CVGW,seizing,1,851,860,invested,the third quarter we invested in additional personnel earlier
255,2021-06-08 17:00:00,NASDAQ,2021-Q2,CVGW,seizing,2,2631,2640,invest,of potential opportunities and invest in current infrastructure for
256,2021-02-04 16:30:00,NYSE,2020-Q4,PINS,sensing,1,2390,2399,sense,a bit of a sense of the key verticals
256,2021-02-04 16:30:00,NYSE,2020-Q4,PINS,sensing,2,4210,4219,sense,a price that makes sense for you so as
256,2021-02-04 16:30:00,NYSE,2020-Q4,PINS,sensing,3,7257,7266,sense,the price that makes sense to you so definitely
256,2021-02-04 16:30:00,NYSE,2020-Q4,PINS,seizing,1,710,719,invest,today we continue to invest in emerging formats like
256,2021-02-04 16:30:00,NYSE,2020-Q4,PINS,seizing,2,1257,1266,invest,that means continuing to invest in automation and tools
256,2021-02-04 16:30:00,NYSE,2020-Q4,PINS,seizing,3,1283,1292,investing,bring on new advertisers investing in content safety so
256,2021-02-04 16:30:00,NYSE,2020-Q4,PINS,seizing,4,1735,1744,invested,last year we ve invested in our ability to
256,2021-02-04 16:30:00,NYSE,2020-Q4,PINS,seizing,5,1847,1856,invest,plan to continue to invest to best serve pinners
256,2021-02-04 16:30:00,NYSE,2020-Q4,PINS,seizing,6,3211,3220,invest,want to continue to invest in catalog upload it
256,2021-02-04 16:30:00,NYSE,2020-Q4,PINS,seizing,7,3422,3431,investing,areas that we re investing in on the tool
256,2021-02-04 16:30:00,NYSE,2020-Q4,PINS,seizing,8,3572,3581,invest,and we continue to invest in first party insights
256,2021-02-04 16:30:00,NYSE,2020-Q4,PINS,seizing,9,3647,3656,invest,re also going to invest in sponsored story pins
256,2021-02-04 16:30:00,NYSE,2020-Q4,PINS,seizing,10,4295,4304,investing,saying that we re investing to address this issue
256,2021-02-04 16:30:00,NYSE,2020-Q4,PINS,seizing,11,4347,4356,investing,so what are we investing in i think you
256,2021-02-04 16:30:00,NYSE,2020-Q4,PINS,seizing,12,4392,4401,invest,things that we can invest in and deliver from
256,2021-02-04 16:30:00,NYSE,2020-Q4,PINS,seizing,13,4923,4932,invest,we re excited to invest in i ll also
256,2021-02-04 16:30:00,NYSE,2020-Q4,PINS,seizing,14,6149,6158,investing,continue to focus on investing in automation features and
256,2021-02-04 16:30:00,NYSE,2020-Q4,PINS,seizing,15,6486,6495,investing,s is we re investing in that smaller and
257,2019-11-12 11:00:00,NASDAQ,2019-Q3,EBIX,seizing,1,1105,1114,invested,common stock we also invested about million on capex
257,2019-11-12 11:00:00,NASDAQ,2019-Q3,EBIX,seizing,2,2550,2559,investing,insurance arena we are investing in a lot of
258,2021-02-10 14:00:00,NYSE,2020-Q4,PAG,sensing,1,1046,1055,shape,sheet is in great shape our total inventory is
258,2021-02-10 14:00:00,NYSE,2020-Q4,PAG,sensing,2,2111,2120,sense,you give us a sense of just the timeline
258,2021-02-10 14:00:00,NYSE,2020-Q4,PAG,sensing,3,2691,2700,shape,re certainly in better shape but i would say
258,2021-02-10 14:00:00,NYSE,2020-Q4,PAG,sensing,4,5952,5961,shape,costs are in great shape and i think our
258,2021-02-10 14:00:00,NYSE,2020-Q4,PAG,seizing,1,1225,1234,invested,by million annually we invested a net million in
258,2021-02-10 14:00:00,NYSE,2020-Q4,PAG,seizing,2,2295,2304,invest,car superstores we ll invest about million and we
258,2021-02-10 14:00:00,NYSE,2020-Q4,PAG,seizing,3,2399,2408,investing,supercenters we ll be investing as i mentioned earlier
258,2021-02-10 14:00:00,NYSE,2020-Q4,PAG,seizing,4,4167,4176,invested,our balance sheet we invested of about million of
258,2021-02-10 14:00:00,NYSE,2020-Q4,PAG,seizing,5,6278,6287,invest,we ll continue to invest properly there but right
259,2019-04-25 11:00:00,NYSE,2019-Q1,SUI,sensing,1,2162,2171,sensing,m wondering are you sensing any discussion in your
259,2019-04-25 11:00:00,NYSE,2019-Q1,SUI,sensing,2,3818,3827,sense,street advisors analyst any sense for size gary a
259,2019-04-25 11:00:00,NYSE,2019-Q1,SUI,sensing,3,3918,3927,sense,baird analyst okay makes sense and then just in
259,2019-04-25 11:00:00,NYSE,2019-Q1,SUI,sensing,4,4224,4233,sense,analyst okay understood makes sense thank you operator thank
259,2019-04-25 11:00:00,NYSE,2019-Q1,SUI,seizing,1,1383,1392,invested,quite active we have invested million across seven operating
260,2020-01-22 17:00:00,NASDAQ,2020-Q1,PTC,sensing,1,3603,3612,sense,you give us a sense for how your net
260,2020-01-22 17:00:00,NASDAQ,2020-Q1,PTC,sensing,2,3724,3733,sense,you give us a sense for how we should
260,2020-01-22 17:00:00,NASDAQ,2020-Q1,PTC,sensing,3,4012,4021,sense,ramp does that make sense kristian talvitie executive vice
260,2020-01-22 17:00:00,NASDAQ,2020-Q1,PTC,sensing,4,6961,6970,sense,better proxy in that sense cash generation for the
260,2020-01-22 17:00:00,NASDAQ,2020-Q1,PTC,sensing,5,7541,7550,sense,it okay that makes sense james e heppelmann president
260,2020-01-22 17:00:00,NASDAQ,2020-Q1,PTC,transforming,1,979,988,transforming,of how enterprises are transforming their business with ptc
260,2020-01-22 17:00:00,NASDAQ,2020-Q1,PTC,transforming,2,2032,2041,transform,with our plans to transform ptc into one of
261,2021-02-04 16:30:00,NASDAQ,2020-Q4,ATVI,sensing,1,5456,5465,sense,have even a greater sense for how we can
261,2021-02-04 16:30:00,NASDAQ,2020-Q4,ATVI,seizing,1,656,665,invest,end we continue to invest in initiatives to identify
261,2021-02-04 16:30:00,NASDAQ,2020-Q4,ATVI,seizing,2,1166,1175,invest,in the game and invest around three times more
261,2021-02-04 16:30:00,NASDAQ,2020-Q4,ATVI,seizing,3,1849,1858,investing,to our core franchises investing in development resources and
261,2021-02-04 16:30:00,NASDAQ,2020-Q4,ATVI,seizing,4,2123,2132,invest,we also continue to invest in building our direct
261,2021-02-04 16:30:00,NASDAQ,2020-Q4,ATVI,seizing,5,3369,3378,invest,new features choosing to invest more deeply in their
261,2021-02-04 16:30:00,NASDAQ,2020-Q4,ATVI,seizing,6,3489,3498,invest,the team continues to invest in the direct sales
261,2021-02-04 16:30:00,NASDAQ,2020-Q4,ATVI,seizing,7,3807,3816,invest,we will continue to invest in growing creative talent
261,2021-02-04 16:30:00,NASDAQ,2020-Q4,ATVI,seizing,8,3840,3849,invest,will also continue to invest in our battle net
261,2021-02-04 16:30:00,NASDAQ,2020-Q4,ATVI,seizing,9,5917,5926,invest,going to continue to invest significantly across all fronts
261,2021-02-04 16:30:00,NASDAQ,2020-Q4,ATVI,seizing,10,7372,7381,invested,but we ve also invested in deeper product road
261,2021-02-04 16:30:00,NASDAQ,2020-Q4,ATVI,seizing,11,8016,8025,invest,re also continuing to invest in talent in a
261,2021-02-04 16:30:00,NASDAQ,2020-Q4,ATVI,transforming,1,1867,1876,transform,from our initiatives to transform our largest franchises through
262,2022-07-18 17:00:00,NYSE,2022-Q2,IBM,sensing,1,7482,7491,sense,that what is your sense if you have some
262,2022-07-18 17:00:00,NYSE,2022-Q2,IBM,seizing,1,824,833,investing,many reasons we are investing heavily in both ai
262,2022-07-18 17:00:00,NYSE,2022-Q2,IBM,seizing,2,2178,2187,investing,reflected in cash from investing activities versus in our
262,2022-07-18 17:00:00,NYSE,2022-Q2,IBM,seizing,3,2197,2206,invested,the first half we invested nearly billion in acquisitions
262,2022-07-18 17:00:00,NYSE,2022-Q2,IBM,seizing,4,2533,2542,invest,we re continuing to invest in our security capabilities
262,2022-07-18 17:00:00,NYSE,2022-Q2,IBM,seizing,5,2990,2999,invest,growth we continue to invest in our partner ecosystem
262,2022-07-18 17:00:00,NYSE,2022-Q2,IBM,seizing,6,3174,3183,investing,ai accelerator clients are investing in z systems platform
262,2022-07-18 17:00:00,NYSE,2022-Q2,IBM,seizing,7,7099,7108,invest,your supply side to invest in skills and capabilities
262,2022-07-18 17:00:00,NYSE,2022-Q2,IBM,transforming,1,2826,2835,transform,ibm to help them transform critical workflows at scale
263,2021-02-01 08:00:00,NASDAQ,2021-Q2,AKTS,transforming,1,7519,7528,redesigned,we also have have redesigned some of our parts
263,2021-02-01 08:00:00,NASDAQ,2021-Q2,AKTS,transforming,2,7622,7631,redesign,that s a complete redesign of of materials you
264,2021-07-20 09:00:00,NYSE,2021-Q2,PM,sensing,1,4927,4936,sense,want to get a sense if you thought that
264,2021-07-20 09:00:00,NYSE,2021-Q2,PM,seizing,1,4532,4541,invest,moreover we continue to invest in the future most
264,2021-07-20 09:00:00,NYSE,2021-Q2,PM,seizing,2,4559,4568,investing,year we are also investing in the broadening of
264,2021-07-20 09:00:00,NYSE,2021-Q2,PM,seizing,3,4601,4610,investing,in addition we are investing in the capabilities of
264,2021-07-20 09:00:00,NYSE,2021-Q2,PM,seizing,4,9093,9102,invest,d certainly want to invest with a great return
265,2021-08-12 16:30:00,NASDAQ,2021-Q2,TFFP,transforming,1,2984,2993,transform,its ability to successfully transform these complex molecules into
265,2021-08-12 16:30:00,NASDAQ,2021-Q2,TFFP,transforming,2,3345,3354,transformed,film freeze drying successfully transformed a liquid suspension form
266,2022-11-03 17:00:00,NYSE,2022-Q3,MODG,seizing,1,922,931,investing,from an enterprise perspective investing in the topgolf venues
266,2022-11-03 17:00:00,NYSE,2022-Q3,MODG,seizing,2,1305,1314,investing,thitikul as well as investing in our callaway next
266,2022-11-03 17:00:00,NYSE,2022-Q3,MODG,seizing,3,1323,1332,invest,d we continue to invest in new capabilities that
266,2022-11-03 17:00:00,NYSE,2022-Q3,MODG,transforming,1,4385,4394,transform,got the potential to transform how people hit golf
266,2022-11-03 17:00:00,NYSE,2022-Q3,MODG,transforming,2,7081,7090,transforming,venue openings and thus transforming our business even faster
267,2021-02-22 11:00:00,NYSE,2020-Q4,KOS,sensing,1,4698,4707,sense,a little bit of sense on on the fpso
267,2021-02-22 11:00:00,NYSE,2020-Q4,KOS,sensing,2,7491,7500,sense,set and in that sense this is a third
267,2021-02-22 11:00:00,NYSE,2020-Q4,KOS,sensing,3,7820,7829,sense,us a sort of sense of how the west
267,2021-02-22 11:00:00,NYSE,2020-Q4,KOS,sensing,4,10266,10275,shape,isn t probably the shape you want what are
267,2021-02-22 11:00:00,NYSE,2020-Q4,KOS,seizing,1,3479,3488,invest,is the flexibility to invest our capital across multiple
267,2021-02-22 11:00:00,NYSE,2020-Q4,KOS,seizing,2,3499,3508,invest,we ll look to invest in equally high return
267,2021-02-22 11:00:00,NYSE,2020-Q4,KOS,seizing,3,4239,4248,invested,develop the risk to invested capital over that period
267,2021-02-22 11:00:00,NYSE,2020-Q4,KOS,seizing,4,7286,7295,invested,asset they ve clearly invested into eg on that
267,2021-02-22 11:00:00,NYSE,2020-Q4,KOS,seizing,5,7414,7423,invest,partner that wants to invest alongside us so i
269,2023-01-23 08:00:00,NYSE,2022-Q4,SYF,sensing,1,6757,6766,shaped,talk about a k shaped recovery i think we
269,2023-01-23 08:00:00,NYSE,2022-Q4,SYF,sensing,2,8650,8659,sense,things where it makes sense to add some years
269,2023-01-23 08:00:00,NYSE,2022-Q4,SYF,sensing,3,9063,9072,shaped,would say more k shaped recovery or we re
269,2023-01-23 08:00:00,NYSE,2022-Q4,SYF,sensing,4,9304,9313,shaped,bit of a k shaped recovery where we re
269,2023-01-23 08:00:00,NYSE,2022-Q4,SYF,seizing,1,2220,2229,invest,leverage even as we invest in our business and
269,2023-01-23 08:00:00,NYSE,2022-Q4,SYF,transforming,1,1575,1584,redesigned,data and a completely redesigned digital service experience in
270,2021-01-27 16:30:00,NYSE,2020-Q4,LVS,sensing,1,1615,1624,sense,policy issue in the sense of they can do
270,2021-01-27 16:30:00,NYSE,2020-Q4,LVS,sensing,2,5069,5078,sense,of appetite did you sense you sort of publicly
270,2021-01-27 16:30:00,NYSE,2020-Q4,LVS,sensing,3,5732,5741,sense,also gave you a sense of londoner and four
270,2021-01-27 16:30:00,NYSE,2020-Q4,LVS,seizing,1,786,803,invest,for our company to invest in than macao we will continue to invest in our resort product
270,2021-01-27 16:30:00,NYSE,2020-Q4,LVS,seizing,2,2379,2388,invest,a big appetite to invest in gambling so i
270,2021-01-27 16:30:00,NYSE,2020-Q4,LVS,seizing,3,2471,2482,invest,always done which is invest heavily invest heavily in non gaming
270,2021-01-27 16:30:00,NYSE,2020-Q4,LVS,seizing,4,2557,2566,invest,money we did it invest in the cap i
270,2021-01-27 16:30:00,NYSE,2020-Q4,LVS,seizing,5,2570,2579,invest,covered that already billion invest in non gaming that
270,2021-01-27 16:30:00,NYSE,2020-Q4,LVS,seizing,6,5332,5341,invest,goals and continue to invest there so we have
270,2021-01-27 16:30:00,NYSE,2020-Q4,LVS,seizing,7,5646,5655,invest,be a requirement to invest more in macao it
270,2021-01-27 16:30:00,NYSE,2020-Q4,LVS,seizing,8,5663,5672,invest,can t wait to invest billion billion that s
270,2021-01-27 16:30:00,NYSE,2020-Q4,LVS,seizing,9,6378,6387,invest,very much want to invest in singapore it s
270,2021-01-27 16:30:00,NYSE,2020-Q4,LVS,seizing,10,6412,6421,invest,do we want to invest money in singapore we
270,2021-01-27 16:30:00,NYSE,2020-Q4,LVS,seizing,11,8481,8490,invested,s why we strategically invested in products that serve
270,2021-01-27 16:30:00,NYSE,2020-Q4,LVS,transforming,1,342,351,transformed,challenge the status quo transformed the entire market in
271,2022-10-13 11:00:00,NYSE,2022-Q4,CMC,sensing,1,1338,1347,sense,to give you a sense of the scale of
271,2022-10-13 11:00:00,NYSE,2022-Q4,CMC,seizing,1,654,663,invested,an annual return on invested capital of up over
271,2022-10-13 11:00:00,NYSE,2022-Q4,CMC,seizing,2,1788,1797,invested,an annualized return on invested capital of our past
271,2022-10-13 11:00:00,NYSE,2022-Q4,CMC,seizing,3,4297,4306,investing,cash from operations despite investing million in working capital
271,2022-10-13 11:00:00,NYSE,2022-Q4,CMC,seizing,4,4477,4486,invest,outlook we expect to invest million to million in
271,2022-10-13 11:00:00,NYSE,2022-Q4,CMC,seizing,5,6546,6555,investing,on the attractiveness of investing in europe in the
272,2021-10-21 09:00:00,NYSE,2021-Q3,BX,sensing,1,4327,4336,sense,give us a little sense of what s to
272,2021-10-21 09:00:00,NYSE,2021-Q3,BX,seizing,1,599,613,invest,terms of who can invest and what they can invest in we continue to
272,2021-10-21 09:00:00,NYSE,2021-Q3,BX,seizing,2,1201,1210,invest,and where we can invest we ve compared this
272,2021-10-21 09:00:00,NYSE,2021-Q3,BX,seizing,3,1644,1653,investing,we ve been actively investing in this area including
272,2021-10-21 09:00:00,NYSE,2021-Q3,BX,seizing,4,1767,1776,invested,busiest ever with billion invested and an additional billion
272,2021-10-21 09:00:00,NYSE,2021-Q3,BX,seizing,5,2335,2344,invested,s store of value invested performance revenue eligible aum
272,2021-10-21 09:00:00,NYSE,2021-Q3,BX,seizing,6,2412,2421,invest,over time turning to invest performance which as you
272,2021-10-21 09:00:00,NYSE,2021-Q3,BX,seizing,7,3974,3983,investing,great example of thematic investing one is it s
272,2021-10-21 09:00:00,NYSE,2021-Q3,BX,seizing,8,4054,4063,investing,high level high conviction investing that we re expressing
272,2021-10-21 09:00:00,NYSE,2021-Q3,BX,seizing,9,4465,4474,invested,market conditions obviously the invested performance revenue aum has
272,2021-10-21 09:00:00,NYSE,2021-Q3,BX,seizing,10,4741,4750,investing,we also have been investing for years in innovation
272,2021-10-21 09:00:00,NYSE,2021-Q3,BX,seizing,11,4778,4787,investing,and also from an investing standpoint and i think
272,2021-10-21 09:00:00,NYSE,2021-Q3,BX,seizing,12,4827,4836,investing,area we ve been investing in people and in
272,2021-10-21 09:00:00,NYSE,2021-Q3,BX,seizing,13,5667,5676,invest,of investors desire to invest in future blackstone funds
272,2021-10-21 09:00:00,NYSE,2021-Q3,BX,seizing,14,6424,6433,investing,almost exclusively fixed income investing buying a liquid cusip
272,2021-10-21 09:00:00,NYSE,2021-Q3,BX,seizing,15,6624,6633,investing,liabilities and doing spread investing against those what we
272,2021-10-21 09:00:00,NYSE,2021-Q3,BX,seizing,16,6954,6963,investing,aimed at private equity investing but blackstone invests all
272,2021-10-21 09:00:00,NYSE,2021-Q3,BX,seizing,17,7010,7019,investing,involvement in private markets investing in europe and asia
272,2021-10-21 09:00:00,NYSE,2021-Q3,BX,seizing,18,7155,7164,invested,energy where we ve invested billion in the last
272,2021-10-21 09:00:00,NYSE,2021-Q3,BX,seizing,19,7255,7264,investing,re growing businesses and investing in businesses i give
272,2021-10-21 09:00:00,NYSE,2021-Q3,BX,seizing,20,7922,7931,invest,of assets you can invest in we just made
272,2021-10-21 09:00:00,NYSE,2021-Q3,BX,transforming,1,1869,1878,transform,work in which we transform the asset and improved
272,2021-10-21 09:00:00,NYSE,2021-Q3,BX,transforming,2,2147,2156,transforming,strategies in particular is transforming the firm s earnings
272,2021-10-21 09:00:00,NYSE,2021-Q3,BX,transforming,3,4762,4771,transform,from how do we transform the basic daily work
273,2019-11-06 09:00:00,NASDAQ,2019-Q3,LILAK,sensing,1,5366,5375,sense,your what s the sense of your team in
273,2019-11-06 09:00:00,NASDAQ,2019-Q3,LILAK,seizing,1,5249,5258,invested,t and the recovery invested significantly around resiliency so
273,2019-11-06 09:00:00,NASDAQ,2019-Q3,LILAK,seizing,2,5713,5722,invest,we will continue to invest in chile andres coello
273,2019-11-06 09:00:00,NASDAQ,2019-Q3,LILAK,transforming,1,1841,1850,transforming,are very committed to transforming our business to improve
274,2021-02-25 16:30:00,NASDAQ,2020-Q4,ICUI,sensing,1,4345,4354,sense,you give us a sense of the backlog of
274,2021-02-25 16:30:00,NASDAQ,2020-Q4,ICUI,sensing,2,4370,4379,sense,makes a lot of sense but for this margin
274,2021-02-25 16:30:00,NASDAQ,2020-Q4,ICUI,seizing,1,1808,1817,invested,texas operations we have invested nearly million in capex
274,2021-02-25 16:30:00,NASDAQ,2020-Q4,ICUI,seizing,2,2098,2107,invested,the full year we invested in employee safety provided
274,2021-02-25 16:30:00,NASDAQ,2020-Q4,ICUI,seizing,3,2122,2131,invest,we will continue to invest in incremental inventories a
274,2021-02-25 16:30:00,NASDAQ,2020-Q4,ICUI,seizing,4,3767,3776,investing,free cash flow after investing over million in capex
275,2019-08-01 11:00:00,NASDAQ,2019-Q2,AAWW,sensing,1,2384,2393,sense,hard to get a sense of the magnitude you
275,2019-08-01 11:00:00,NASDAQ,2019-Q2,AAWW,sensing,2,5455,5464,sense,it john that makes sense gentlemen thank you so
275,2019-08-01 11:00:00,NASDAQ,2019-Q2,AAWW,sensing,3,9080,9089,sense,stifel analyst that makes sense on the labor side
275,2019-08-01 11:00:00,NASDAQ,2019-Q2,AAWW,seizing,1,6077,6086,investing,the strong balance sheet investing in the right assets
275,2019-08-01 11:00:00,NASDAQ,2019-Q2,AAWW,seizing,2,6118,6127,invest,sheet we want to invest in assets although we
275,2019-08-01 11:00:00,NASDAQ,2019-Q2,AAWW,seizing,3,6130,6139,invest,commitments this year but invest in assets the customers
275,2019-08-01 11:00:00,NASDAQ,2019-Q2,AAWW,transforming,1,7444,7453,transformed,believe the model s transformed we have the right
276,2021-04-20 08:30:00,NYSE,2021-Q1,MAN,sensing,1,4966,4975,shape,trends start to take shape and we see this
276,2021-04-20 08:30:00,NYSE,2021-Q1,MAN,sensing,2,5423,5432,sense,you provide some granular sense for how that s
276,2021-04-20 08:30:00,NYSE,2021-Q1,MAN,sensing,3,6323,6332,sense,what s your general sense jonas prising chairman and
276,2021-04-20 08:30:00,NYSE,2021-Q1,MAN,sensing,4,6828,6837,shaped,how the bill rates shaped up in the quarter
276,2021-04-20 08:30:00,NYSE,2021-Q1,MAN,sensing,5,7796,7805,shape,to kind of further shape the business jack mcginnis
276,2021-04-20 08:30:00,NYSE,2021-Q1,MAN,sensing,6,8799,8808,sense,analyst got it makes sense and i guess as
276,2021-04-20 08:30:00,NYSE,2021-Q1,MAN,seizing,1,7225,7234,investing,ftes and we re investing in the business in
276,2021-04-20 08:30:00,NYSE,2021-Q1,MAN,seizing,2,7244,7253,investing,we ve been steadily investing in perm consultants in
278,2022-03-22 16:30:00,NASDAQ,2021-Q4,XGN,sensing,1,3688,3697,sense,those when they make sense from a standpoint of
278,2022-03-22 16:30:00,NASDAQ,2021-Q4,XGN,sensing,2,4264,4273,sense,interferon alpha does make sense for us as these
278,2022-03-22 16:30:00,NASDAQ,2021-Q4,XGN,sensing,3,4291,4300,sense,lupus test it makes sense for us to meet
278,2022-03-22 16:30:00,NASDAQ,2021-Q4,XGN,sensing,4,5299,5308,sense,ok yeah that makes sense and then last one
278,2022-03-22 16:30:00,NASDAQ,2021-Q4,XGN,sensing,5,5551,5560,shape,you take this to shape out in calendar given
279,2021-03-24 17:00:00,NASDAQ,2020-Q4,APTX,sensing,1,2980,2989,sense,just give us a sense about the cash burns
279,2021-03-24 17:00:00,NASDAQ,2020-Q4,APTX,sensing,2,3049,3058,sense,we think it makes sense to expand to basically
279,2021-03-24 17:00:00,NASDAQ,2020-Q4,APTX,sensing,3,4670,4679,sense,it just makes perfect sense for us to say
279,2021-03-24 17:00:00,NASDAQ,2020-Q4,APTX,sensing,4,6993,7002,shape,of how we actually shape indication expansion and choose
279,2021-03-24 17:00:00,NASDAQ,2020-Q4,APTX,sensing,5,7078,7087,shaped,that are obviously you shaped a response curve here
279,2021-03-24 17:00:00,NASDAQ,2020-Q4,APTX,sensing,6,9515,9524,sense,think it would make sense perhaps post data in
280,2021-07-20 08:30:00,NYSE,2021-Q2,OMC,sensing,1,6321,6330,sense,are you getting the sense you ve got such
280,2021-07-20 08:30:00,NYSE,2021-Q2,OMC,sensing,2,6337,6346,sense,are you getting the sense that there is some
280,2021-07-20 08:30:00,NYSE,2021-Q2,OMC,seizing,1,2038,2047,invest,are constantly looking to invest in our people and
280,2021-07-20 08:30:00,NYSE,2021-Q2,OMC,seizing,2,5429,5438,invested,months our return on invested capital ratio was while
281,2020-04-29 17:00:00,NYSE,2020-Q1,NOW,sensing,1,5688,5706,sense,in the cloud economics sense but even more it s everything in the sense of the servicenow culture
281,2020-04-29 17:00:00,NYSE,2020-Q1,NOW,sensing,2,7287,7296,sense,you just getting the sense that you re consolidating
281,2020-04-29 17:00:00,NYSE,2020-Q1,NOW,sensing,3,8042,8051,sense,trying to get a sense on sort of how
281,2020-04-29 17:00:00,NYSE,2020-Q1,NOW,sensing,4,9005,9014,shape,market leading solutions and shape them in a way
281,2020-04-29 17:00:00,NYSE,2020-Q1,NOW,seizing,1,3386,3395,invest,we will continue to invest in strategic areas such
281,2020-04-29 17:00:00,NYSE,2020-Q1,NOW,seizing,2,3575,3584,invest,we will continue to invest for long term growth
281,2020-04-29 17:00:00,NYSE,2020-Q1,NOW,seizing,3,10547,10556,invest,and we continue to invest aggressively in our long
281,2020-04-29 17:00:00,NYSE,2020-Q1,NOW,seizing,4,10606,10615,invest,we will continue to invest here and continue to
281,2020-04-29 17:00:00,NYSE,2020-Q1,NOW,transforming,1,2532,2541,transform,help our customers digitally transform before i move to
281,2020-04-29 17:00:00,NYSE,2020-Q1,NOW,transforming,2,3505,3514,transform,we will help companies transform the way work gets
281,2020-04-29 17:00:00,NYSE,2020-Q1,NOW,transforming,3,7014,7032,transformed,companies that are digitally transformed and attracting others who want to be digitally transformed might actually get some
281,2020-04-29 17:00:00,NYSE,2020-Q1,NOW,transforming,4,9700,9709,transformed,they re not digitally transformed and their competitors are
282,2020-05-07 11:00:00,NYSE,2020-Q1,CF,sensing,1,3540,3549,shape,in terms of the shape of the cost curve
282,2020-05-07 11:00:00,NYSE,2020-Q1,CF,sensing,2,6566,6575,sense,do you have a sense for what that number
282,2020-05-07 11:00:00,NYSE,2020-Q1,CF,sensing,3,7916,7925,sense,time and that makes sense as we stay around
283,2021-01-28 10:00:00,NYSE,2020-Q4,VLO,sensing,1,2236,2245,shape,inventories are starting to shape up a little bit
283,2021-01-28 10:00:00,NYSE,2020-Q4,VLO,sensing,2,2448,2457,shape,be in much better shape perhaps quicker than we
283,2021-01-28 10:00:00,NYSE,2020-Q4,VLO,sensing,3,4812,4821,sense,citi analyst yup make sense thank you appreciate the
283,2021-01-28 10:00:00,NYSE,2020-Q4,VLO,sensing,4,9437,9446,sense,wanted to get a sense in terms of where
283,2021-01-28 10:00:00,NYSE,2020-Q4,VLO,seizing,1,973,982,investing,pursuing excellence in operations investing for earnings growth with
283,2021-01-28 10:00:00,NYSE,2020-Q4,VLO,seizing,2,1046,1055,invested,a higher return on invested capital so with that
283,2021-01-28 10:00:00,NYSE,2020-Q4,VLO,seizing,3,1673,1682,investing,year with regard to investing activities we made million
284,2021-02-10 08:30:00,NYSE,2020-Q4,KO,sensing,1,1580,1589,shaped,pipeline for has been shaped and coordinated for scale
284,2021-02-10 08:30:00,NYSE,2020-Q4,KO,sensing,2,2150,2159,shape,global recovery will take shape and given our confidence
284,2021-02-10 08:30:00,NYSE,2020-Q4,KO,sensing,3,6546,6555,shaped,of analysis that then shaped our view as to
284,2021-02-10 08:30:00,NYSE,2020-Q4,KO,sensing,4,6697,6706,sense,does give us some sense as we continue into
284,2021-02-10 08:30:00,NYSE,2020-Q4,KO,sensing,5,7572,7581,shape,competing in any way shape or form as a
284,2021-02-10 08:30:00,NYSE,2020-Q4,KO,seizing,1,1323,1332,investing,value and growth including investing in new consumer analytics
284,2021-02-10 08:30:00,NYSE,2020-Q4,KO,seizing,2,2543,2552,investing,will continue to prioritize investing in the business to
284,2021-02-10 08:30:00,NYSE,2020-Q4,KO,seizing,3,2789,2798,invest,identifying compelling opportunities to invest across countries categories and
284,2021-02-10 08:30:00,NYSE,2020-Q4,KO,seizing,4,3842,3851,investing,we ll be back investing at the sort of
284,2021-02-10 08:30:00,NYSE,2020-Q4,KO,seizing,5,5613,5622,investing,efficient being effective and investing appropriately as as markets
284,2021-02-10 08:30:00,NYSE,2020-Q4,KO,seizing,6,6994,7003,invest,not good reasons to invest in marketing or in
285,2022-11-09 17:00:00,NYSE,2022-Q3,OLO,sensing,1,6998,7007,sense,piper sandler analyst makes sense and i think i
285,2022-11-09 17:00:00,NYSE,2022-Q3,OLO,seizing,1,1152,1161,investing,through many instances that investing in an enterprise grade
285,2022-11-09 17:00:00,NYSE,2022-Q3,OLO,seizing,2,3075,3084,invest,plan to continue to invest in our go to
285,2022-11-09 17:00:00,NYSE,2022-Q3,OLO,transforming,1,1662,1671,transform,ai technology partners to transform the drive thru leading
285,2022-11-09 17:00:00,NYSE,2022-Q3,OLO,transforming,2,1975,1984,transform,for borderless functionality to transform the sign on and
286,2021-02-22 08:00:00,NASDAQ,2020-Q4,DISC.A,sensing,1,1956,1965,sense,ip company in every sense of the word one
286,2021-02-22 08:00:00,NASDAQ,2020-Q4,DISC.A,sensing,2,7309,7318,sense,just give us a sense of your mindset sitting
286,2021-02-22 08:00:00,NASDAQ,2020-Q4,DISC.A,sensing,3,7336,7345,shape,could talk about the shape of the year obviously
286,2021-02-22 08:00:00,NASDAQ,2020-Q4,DISC.A,sensing,4,8489,8498,sense,you give us a sense of the magnitude of
286,2021-02-22 08:00:00,NASDAQ,2020-Q4,DISC.A,seizing,1,1859,1868,investing,will continue to grow investing in high quality premium
286,2021-02-22 08:00:00,NASDAQ,2020-Q4,DISC.A,seizing,2,2513,2522,invested,a increased as we invested in marketing and branding
286,2021-02-22 08:00:00,NASDAQ,2020-Q4,DISC.A,seizing,3,7420,7429,invest,we re continuing to invest in our traditional channels
286,2021-02-22 08:00:00,NASDAQ,2020-Q4,DISC.A,seizing,4,9170,9179,invest,the share buyback to invest in discovery i guess
286,2021-02-22 08:00:00,NASDAQ,2020-Q4,DISC.A,seizing,5,9210,9219,invest,balance sheet and actually invest even more in programming
287,2021-02-26 20:30:00,NASDAQ,2020-Q4,CGEN,sensing,1,7132,7141,sense,just trying to get sense as to whether or
287,2021-02-26 20:30:00,NASDAQ,2020-Q4,CGEN,sensing,2,7961,7970,sense,trying to get a sense for if you have
287,2021-02-26 20:30:00,NASDAQ,2020-Q4,CGEN,sensing,3,8852,8861,sense,trying to get a sense as to how you
287,2021-02-26 20:30:00,NASDAQ,2020-Q4,CGEN,sensing,4,9951,9960,sense,some sort of a sense to that and perhaps
287,2021-02-26 20:30:00,NASDAQ,2020-Q4,CGEN,seizing,1,2616,2625,invest,in we continued to invest in our early stage
288,2021-04-26 16:30:00,NASDAQ,2021-Q1,MASI,sensing,1,5319,5328,sense,analyst ok that makes sense and thanks for all
288,2021-04-26 16:30:00,NASDAQ,2021-Q1,MASI,sensing,2,7364,7373,sense,not sure it makes sense to break the revenues
288,2021-04-26 16:30:00,NASDAQ,2021-Q1,MASI,sensing,3,8223,8232,sense,maybe give us some sense of the portion of
288,2021-04-26 16:30:00,NASDAQ,2021-Q1,MASI,seizing,1,1150,1159,invest,as we continue to invest in delivering innovative technologies
288,2021-04-26 16:30:00,NASDAQ,2021-Q1,MASI,seizing,2,1235,1244,invested,realized term on our invested cash due to the
289,2021-05-07 10:00:00,NYSE,2021-Q1,EOG,sensing,1,418,427,shape,sheet is in superior shape with a peer leading
289,2021-05-07 10:00:00,NYSE,2021-Q1,EOG,sensing,2,2797,2806,sense,trying to get a sense of whether the special
289,2021-05-07 10:00:00,NYSE,2021-Q1,EOG,sensing,3,4725,4734,sense,do you have a sense on you know how
289,2021-05-07 10:00:00,NYSE,2021-Q1,EOG,sensing,4,8608,8617,sense,plays where it makes sense and we do them
289,2021-05-07 10:00:00,NYSE,2021-Q1,EOG,sensing,5,8683,8692,sense,that it always makes sense to go through two
289,2021-05-07 10:00:00,NYSE,2021-Q1,EOG,seizing,1,1162,1171,investing,priorities to remain consistent investing in high returns generating
290,2021-05-11 08:00:00,NYSE,2021-Q1,PLTR,seizing,1,1079,1088,investing,data systems we are investing in innovation in the
290,2021-05-11 08:00:00,NYSE,2021-Q1,PLTR,seizing,2,1540,1549,invest,continue to pursue and invest in our channel partners
290,2021-05-11 08:00:00,NYSE,2021-Q1,PLTR,seizing,3,2329,2338,invest,we are continuing to invest in these regions to
290,2021-05-11 08:00:00,NYSE,2021-Q1,PLTR,seizing,4,2632,2641,invest,as we continue to invest in our sales team
290,2021-05-11 08:00:00,NYSE,2021-Q1,PLTR,seizing,5,3188,3197,invest,exciting product vision to invest in there s just
290,2021-05-11 08:00:00,NYSE,2021-Q1,PLTR,seizing,6,3208,3217,invest,to do is to invest aggressively to go after
290,2021-05-11 08:00:00,NYSE,2021-Q1,PLTR,seizing,7,3290,3299,invest,is palantir choosing to invest in companies such as
290,2021-05-11 08:00:00,NYSE,2021-Q1,PLTR,seizing,8,3360,3369,invest,with ambitious companies to invest in both compelling management
290,2021-05-11 08:00:00,NYSE,2021-Q1,PLTR,seizing,9,4691,4700,invested,about roivant they ve invested a lot in computational
290,2021-05-11 08:00:00,NYSE,2021-Q1,PLTR,seizing,10,6553,6562,investing,that we ll continue investing in overall we re
290,2021-05-11 08:00:00,NYSE,2021-Q1,PLTR,seizing,11,7216,7229,investing,really going to be investing into the business investing in sales hires investments
290,2021-05-11 08:00:00,NYSE,2021-Q1,PLTR,transforming,1,519,528,transform,the next evolution to transform ai into alpha enabling
291,2021-01-15 11:30:00,NYSE,2020-Q4,C,sensing,1,1550,1559,shape,as the pace and shape of the recovery is
291,2021-01-15 11:30:00,NYSE,2020-Q4,C,sensing,2,5598,5607,sense,gives you a good sense john john mcdonald autonomous
291,2021-01-15 11:30:00,NYSE,2020-Q4,C,sensing,3,9315,9324,sense,a way that makes sense but that s honestly
291,2021-01-15 11:30:00,NYSE,2020-Q4,C,sensing,4,9792,9801,sense,makes a lot of sense betsy graseck morgan stanley
291,2021-01-15 11:30:00,NYSE,2020-Q4,C,sensing,5,9925,9934,sense,maybe give us a sense as to how you
291,2021-01-15 11:30:00,NYSE,2020-Q4,C,sensing,6,11502,11511,shape,be in any way shape or form that i
291,2021-01-15 11:30:00,NYSE,2020-Q4,C,seizing,1,1407,1416,invested,with guidance as we invested in our transformation results
291,2021-01-15 11:30:00,NYSE,2020-Q4,C,seizing,2,2621,2630,invest,as we continue to invest in our products and
291,2021-01-15 11:30:00,NYSE,2020-Q4,C,seizing,3,3906,3915,invest,commitment that we will invest your capital wisely and
291,2021-01-15 11:30:00,NYSE,2020-Q4,C,seizing,4,4686,4695,invest,franchises we want to invest behind what are the
291,2021-01-15 11:30:00,NYSE,2020-Q4,C,seizing,5,5531,5540,invest,we would look to invest in in the context
291,2021-01-15 11:30:00,NYSE,2020-Q4,C,seizing,6,8103,8112,investing,growth you ve been investing can you talk to
291,2021-01-15 11:30:00,NYSE,2020-Q4,C,seizing,7,8533,8542,invest,going to continue to invest in this platform and
291,2021-01-15 11:30:00,NYSE,2020-Q4,C,seizing,8,8767,8776,invest,and continue to to invest to get that executed
291,2021-01-15 11:30:00,NYSE,2020-Q4,C,seizing,9,8950,8959,invest,going to continue to invest in the business and
291,2021-01-15 11:30:00,NYSE,2020-Q4,C,seizing,10,9696,9705,investing,the year and also investing we ve we ve
291,2021-01-15 11:30:00,NYSE,2020-Q4,C,seizing,11,9711,9720,invested,i think we ve invested as much as another
291,2021-01-15 11:30:00,NYSE,2020-Q4,C,seizing,12,11123,11132,investing,think about you know investing you know out on
292,2019-05-02 16:30:00,NASDAQ,2019-Q1,PARA,sensing,1,3540,3549,sense,it in the traditional sense and the data suggests
292,2019-05-02 16:30:00,NASDAQ,2019-Q1,PARA,sensing,2,10157,10166,sense,kind of just made sense chris chris spade chief
292,2019-05-02 16:30:00,NASDAQ,2019-Q1,PARA,seizing,1,285,294,invest,results while continuing to invest in our future as
292,2019-05-02 16:30:00,NASDAQ,2019-Q1,PARA,seizing,2,955,964,invest,are on track to invest more than billion in
292,2019-05-02 16:30:00,NASDAQ,2019-Q1,PARA,seizing,3,11132,11141,invest,but we really mean invest because as chris pointed
292,2019-05-02 16:30:00,NASDAQ,2019-Q1,PARA,seizing,4,11144,11153,invested,our best return on invested capital is to make
293,2021-03-02 17:00:00,NYSE,2021-Q4,BOX,sensing,1,6803,6812,sense,wanted to get a sense of how you re
293,2021-03-02 17:00:00,NYSE,2021-Q4,BOX,sensing,2,9756,9765,sense,either to get a sense of scale there will
293,2021-03-02 17:00:00,NYSE,2021-Q4,BOX,seizing,1,1914,1923,invest,we will continue to invest in as we scale
293,2021-03-02 17:00:00,NYSE,2021-Q4,BOX,seizing,2,3039,3048,investing,we will also continue investing in our customer success
293,2021-03-02 17:00:00,NYSE,2021-Q4,BOX,transforming,1,908,917,transform,power its mission to transform the way the drugs
293,2021-03-02 17:00:00,NYSE,2021-Q4,BOX,transforming,2,1206,1215,transform,our leadership position and transform how enterprises work in
293,2021-03-02 17:00:00,NYSE,2021-Q4,BOX,transforming,3,7683,7692,revamping,starting to think about revamping all operations around clinical
294,2021-05-06 08:30:00,NASDAQ,2021-Q1,BCRX,sensing,1,3873,3882,sense,you give us a sense of when we might
294,2021-05-06 08:30:00,NASDAQ,2021-Q1,BCRX,sensing,2,7617,7626,shape,to really build and shape it so i think
294,2021-05-06 08:30:00,NASDAQ,2021-Q1,BCRX,sensing,3,8716,8725,sense,if you have any sense on the percentage of
294,2021-05-06 08:30:00,NASDAQ,2021-Q1,BCRX,seizing,1,1206,1215,investing,in the u s investing in experienced commercial teams
294,2021-05-06 08:30:00,NASDAQ,2021-Q1,BCRX,transforming,1,3104,3113,transforming,clear that biocryst is transforming into a company with
295,2022-03-31 17:00:00,NYSE,2021-Q4,BLND,sensing,1,4701,4710,sense,pricing model that makes sense just given it s
295,2022-03-31 17:00:00,NYSE,2021-Q4,BLND,sensing,2,4743,4752,sense,way it might make sense for us to take
295,2022-03-31 17:00:00,NYSE,2021-Q4,BLND,sensing,3,6433,6442,sense,as in the traditional sense as a price hike
295,2022-03-31 17:00:00,NYSE,2021-Q4,BLND,sensing,4,6571,6580,sense,platform if that makes sense but to your maybe
295,2022-03-31 17:00:00,NYSE,2021-Q4,BLND,sensing,5,7195,7208,sense,not in an absolute sense but in the sense of customers and us
295,2022-03-31 17:00:00,NYSE,2021-Q4,BLND,sensing,6,7838,7847,sense,work with in the sense that but there s
295,2022-03-31 17:00:00,NYSE,2021-Q4,BLND,seizing,1,3540,3549,invest,that have continued to invest in new technology and
295,2022-03-31 17:00:00,NYSE,2021-Q4,BLND,seizing,2,7695,7704,invest,we ll continue to invest in in the long
295,2022-03-31 17:00:00,NYSE,2021-Q4,BLND,seizing,3,8628,8637,investing,part of that is investing in the future and
295,2022-03-31 17:00:00,NYSE,2021-Q4,BLND,seizing,4,8692,8701,invested,fact that we ve invested in that to build
295,2022-03-31 17:00:00,NYSE,2021-Q4,BLND,transforming,1,5138,5147,transforming,an industry that s transforming a lot over a
296,2021-07-15 09:00:00,NYSE,2021-Q2,USB,sensing,1,3749,3758,sense,market when it makes sense to be buying back
296,2021-07-15 09:00:00,NYSE,2021-Q2,USB,sensing,2,3883,3892,sense,that so it makes sense but would just be
296,2021-07-15 09:00:00,NYSE,2021-Q2,USB,sensing,3,7600,7609,sense,make strategic and financial sense and consistent with our
296,2021-07-15 09:00:00,NYSE,2021-Q2,USB,seizing,1,2110,2119,invest,taking the opportunity to invest in growth so we
296,2021-07-15 09:00:00,NYSE,2021-Q2,USB,seizing,2,4643,4652,investing,the reasons we re investing in all these digital
296,2021-07-15 09:00:00,NYSE,2021-Q2,USB,seizing,3,5174,5183,investing,we were opportunistic in investing when the year was
296,2021-07-15 09:00:00,NYSE,2021-Q2,USB,seizing,4,6539,6548,investing,always constantly sort of investing in that business it
296,2021-07-15 09:00:00,NYSE,2021-Q2,USB,seizing,5,6559,6568,investing,how much we re investing at any particular point
296,2021-07-15 09:00:00,NYSE,2021-Q2,USB,seizing,6,7236,7245,investing,you clearly have been investing a lot in combining
296,2021-07-15 09:00:00,NYSE,2021-Q2,USB,seizing,7,8576,8585,investing,the regulatory to the investing to the pandemic and
297,2019-06-03 17:00:00,NASDAQ,2019-Q1,COUP,sensing,1,565,574,sense,will give you a sense of our geographic functional
297,2019-06-03 17:00:00,NASDAQ,2019-Q1,COUP,sensing,2,2410,2419,shaping,our st quarter of shaping and cultivating the bsm
297,2019-06-03 17:00:00,NASDAQ,2019-Q1,COUP,sensing,3,3706,3715,sense,it from that broad sense and then zoom into
297,2019-06-03 17:00:00,NASDAQ,2019-Q1,COUP,sensing,4,5060,5069,sense,a real a good sense of things to come
297,2019-06-03 17:00:00,NASDAQ,2019-Q1,COUP,sensing,5,7789,7798,sense,wanted to get a sense of sort of anything
297,2019-06-03 17:00:00,NASDAQ,2019-Q1,COUP,seizing,1,3867,3876,invest,continuing to do is invest heavily in our go
299,2021-03-01 17:00:00,NASDAQ,2020-Q4,CCXI,sensing,1,10144,10153,sense,guess any kind of sense as to it will
300,2020-04-30 17:00:00,NASDAQ,2020-Q2,AAPL,seizing,1,1919,1928,investing,by doubling down and investing in the next generation
300,2020-04-30 17:00:00,NASDAQ,2020-Q2,AAPL,seizing,2,3917,3926,invest,unchanged we continue to invest confidently in our future
300,2020-04-30 17:00:00,NASDAQ,2020-Q2,AAPL,seizing,3,4092,4101,invest,we have continued to invest in the business and
300,2020-04-30 17:00:00,NASDAQ,2020-Q2,AAPL,seizing,4,4112,4121,investing,what we do best investing in our product and
300,2020-04-30 17:00:00,NASDAQ,2020-Q2,AAPL,seizing,5,4812,4821,invest,we will continue to invest in our pipeline we
300,2020-04-30 17:00:00,NASDAQ,2020-Q2,AAPL,seizing,6,4832,4841,invest,we will continue to invest there obviously we are
300,2020-04-30 17:00:00,NASDAQ,2020-Q2,AAPL,seizing,7,4907,4916,invest,need to continue to invest during difficult circumstances and
300,2020-04-30 17:00:00,NASDAQ,2020-Q2,AAPL,seizing,8,5023,5032,investing,apple pull back from investing and you as a
301,2021-08-06 10:00:00,NASDAQ,2021-Q2,GRPN,sensing,1,1632,1641,sense,and where it makes sense let me provide some
301,2021-08-06 10:00:00,NASDAQ,2021-Q2,GRPN,seizing,1,4941,4950,invest,spend levels as we invest in our brands repositioning
301,2021-08-06 10:00:00,NASDAQ,2021-Q2,GRPN,transforming,1,1356,1365,transform,will allow us to transform our marketplace by growing
301,2021-08-06 10:00:00,NASDAQ,2021-Q2,GRPN,transforming,2,3486,3495,transform,everything were doing to transform the groupon marketplace if
302,2021-10-07 11:00:00,NYSE,2022-Q2,PKE,sensing,1,6006,6015,sense,doesn t make any sense i think he said
302,2021-10-07 11:00:00,NYSE,2022-Q2,PKE,sensing,2,6025,6034,sense,wouldn t make any sense i think he said
302,2021-10-07 11:00:00,NYSE,2022-Q2,PKE,sensing,3,6044,6053,sense,wouldn t make any sense he further stated we
302,2021-10-07 11:00:00,NYSE,2022-Q2,PKE,sensing,4,11745,11754,sense,it makes so much sense for us to be
302,2021-10-07 11:00:00,NYSE,2022-Q2,PKE,seizing,1,2413,2422,invest,so we will not invest our cash casually or
302,2021-10-07 11:00:00,NYSE,2022-Q2,PKE,seizing,2,2497,2506,invest,do a deal or invest our cash in an
302,2021-10-07 11:00:00,NYSE,2022-Q2,PKE,seizing,3,5265,5274,investing,longer term airbus is investing opportunities for rates as
302,2021-10-07 11:00:00,NYSE,2022-Q2,PKE,seizing,4,6351,6360,investing,rates up they re investing so let s go
303,2020-04-29 18:30:00,NASDAQ,2020-Q1,TSLA,sensing,1,2230,2239,sense,it will still make sense as to buy fsd
303,2020-04-29 18:30:00,NASDAQ,2020-Q1,TSLA,sensing,2,5132,5141,sense,storage does it make sense for tesla to buy
303,2020-04-29 18:30:00,NASDAQ,2020-Q1,TSLA,sensing,3,8482,8491,sense,that estimate would make sense and then i will
303,2020-04-29 18:30:00,NASDAQ,2020-Q1,TSLA,seizing,1,2878,2887,invest,expand rapidly continue to invest in the future and
303,2020-04-29 18:30:00,NASDAQ,2020-Q1,TSLA,seizing,2,6091,6100,invested,s high time we invested in infrastructure in this
303,2020-04-29 18:30:00,NASDAQ,2020-Q1,TSLA,seizing,3,6224,6233,investing,you want to be investing in steam engines or
303,2020-04-29 18:30:00,NASDAQ,2020-Q1,TSLA,seizing,4,7125,7134,investing,tremendous amount of experience investing at the highest levels
304,2021-05-12 08:30:00,NASDAQ,2021-Q1,WIX,sensing,1,5220,5229,sense,believe that what makes sense to us is the
304,2021-05-12 08:30:00,NASDAQ,2021-Q1,WIX,sensing,2,6450,6459,sense,analyst understood that makes sense thank you operator your
304,2021-05-12 08:30:00,NASDAQ,2021-Q1,WIX,sensing,3,6738,6747,sense,a good taste and sense of humor and is
304,2021-05-12 08:30:00,NASDAQ,2021-Q1,WIX,sensing,4,7096,7105,sense,that it also makes sense for us you know
304,2021-05-12 08:30:00,NASDAQ,2021-Q1,WIX,seizing,1,4211,4229,"invest, invested",expect this year to invest a lot about sales and marketing we also invested a lot about you
304,2021-05-12 08:30:00,NASDAQ,2021-Q1,WIX,seizing,2,4251,4260,investing,about it but also investing a lot about the
304,2021-05-12 08:30:00,NASDAQ,2021-Q1,WIX,seizing,3,5441,5450,invest,trois we ll only invest when we know that
305,2023-02-06 16:30:00,NYSE,2022-Q4,PINS,sensing,1,5955,5964,sense,unfold you probably can sense from my guide that
305,2023-02-06 16:30:00,NYSE,2022-Q4,PINS,seizing,1,1905,1914,investing,capital allocation strategy including investing in the business maintaining
305,2023-02-06 16:30:00,NYSE,2022-Q4,PINS,seizing,2,2071,2080,investing,we ve long been investing in being a more
305,2023-02-06 16:30:00,NYSE,2022-Q4,PINS,seizing,3,3494,3503,invest,re not planning to invest in a brand marketing
305,2023-02-06 16:30:00,NYSE,2022-Q4,PINS,seizing,4,5868,5877,invest,hope to continue to invest in further optimizations through
305,2023-02-06 16:30:00,NYSE,2022-Q4,PINS,seizing,5,8093,8102,invested,our user base we invested a lot in personalization
305,2023-02-06 16:30:00,NYSE,2022-Q4,PINS,seizing,6,8170,8179,investing,working because we were investing heavily in personalization and
305,2023-02-06 16:30:00,NYSE,2022-Q4,PINS,seizing,7,10141,10150,invest,going to continue to invest in that if even
306,2021-05-04 08:30:00,NYSE,2021-Q1,XPO,sensing,1,1625,1634,shape,spin are in good shape and running to schedule
306,2021-05-04 08:30:00,NYSE,2021-Q1,XPO,sensing,2,3929,3938,sense,malcolm gave you a sense of just how exciting
306,2021-05-04 08:30:00,NYSE,2021-Q1,XPO,sensing,3,5126,5135,sense,just give us a sense of the reoccurring revenue
306,2021-05-04 08:30:00,NYSE,2021-Q1,XPO,seizing,1,3399,3408,invest,made the decision to invest in headcount at a
306,2021-05-04 08:30:00,NYSE,2021-Q1,XPO,seizing,2,4223,4232,invested,spain we ve also invested in improving the sustainability
306,2021-05-04 08:30:00,NYSE,2021-Q1,XPO,seizing,3,5419,5428,investing,at all times is investing in capex those are
306,2021-05-04 08:30:00,NYSE,2021-Q1,XPO,transforming,1,1050,1059,redesign,customers to help them redesign their supply chains and
307,2021-04-15 09:00:00,NYSE,2021-Q1,BAC,sensing,1,1328,1337,sense,we serve our employees sense of pride in our
307,2021-04-15 09:00:00,NYSE,2021-Q1,BAC,sensing,2,8025,8034,shape,we can start to shape those teammates out that
307,2021-04-15 09:00:00,NYSE,2021-Q1,BAC,sensing,3,13412,13421,sense,you guys get the sense of of how much
307,2021-04-15 09:00:00,NYSE,2021-Q1,BAC,seizing,1,1480,1489,invest,inventory increase hiring and invest and do what they
307,2021-04-15 09:00:00,NYSE,2021-Q1,BAC,seizing,2,3444,3453,invest,liquidity is available to invest at higher rates a
307,2021-04-15 09:00:00,NYSE,2021-Q1,BAC,seizing,3,7511,7525,investing,how much you re investing but how is your investing spend i mean did
307,2021-04-15 09:00:00,NYSE,2021-Q1,BAC,seizing,4,7774,7783,invested,the reality is we invested at the same rate
307,2021-04-15 09:00:00,NYSE,2021-Q1,BAC,seizing,5,8829,8838,investing,on in terms of investing we d like to
307,2021-04-15 09:00:00,NYSE,2021-Q1,BAC,seizing,6,8847,8856,invest,securities but we will invest it over time we
307,2021-04-15 09:00:00,NYSE,2021-Q1,BAC,seizing,7,9232,9241,invest,fund loan growth or invest for turn or other
307,2021-04-15 09:00:00,NYSE,2021-Q1,BAC,seizing,8,12911,12920,invest,back is really to invest around that platform so
308,2020-07-31 11:00:00,NASDAQ,2020-Q3,JOUT,sensing,1,1757,1766,sense,give us a better sense as to the magnitude
308,2020-07-31 11:00:00,NASDAQ,2020-Q3,JOUT,sensing,2,2523,2532,shape,re in pretty good shape really with our retailers
308,2020-07-31 11:00:00,NASDAQ,2020-Q3,JOUT,sensing,3,2868,2877,sense,you give us a sense of what kind of
308,2020-07-31 11:00:00,NASDAQ,2020-Q3,JOUT,transforming,1,835,844,transformed,legacy of innovation that transformed minn kota and hummingbird
309,2021-03-18 10:30:00,NASDAQ,2020-Q4,SNDL,sensing,1,4156,4165,sense,do you have a sense for when we might
309,2021-03-18 10:30:00,NASDAQ,2020-Q4,SNDL,sensing,2,6645,6654,shaping,see that market share shaping up in the short
309,2021-03-18 10:30:00,NASDAQ,2020-Q4,SNDL,seizing,1,879,888,invested,results to date sundial invested million late in the
309,2021-03-18 10:30:00,NASDAQ,2020-Q4,SNDL,seizing,2,1683,1692,invested,previous quarter as we invested in our brand portfolio
309,2021-03-18 10:30:00,NASDAQ,2020-Q4,SNDL,seizing,3,4435,4444,invested,we ve also significantly invested in our in house
309,2021-03-18 10:30:00,NASDAQ,2020-Q4,SNDL,seizing,4,6016,6025,invested,you think about the invested capital between the two
309,2021-03-18 10:30:00,NASDAQ,2020-Q4,SNDL,seizing,5,7043,7052,investing,now that we re investing in our sales and
309,2021-03-18 10:30:00,NASDAQ,2020-Q4,SNDL,transforming,1,1317,1326,transform,has seen the company transform from a precarious financial
309,2021-03-18 10:30:00,NASDAQ,2020-Q4,SNDL,transforming,2,6484,6493,revamped,fact that we just revamped all of our cultivation
310,2019-05-02 11:00:00,NYSE,2019-Q1,BALL,sensing,1,8183,8192,shape,are probably in better shape now absent the softness
310,2019-05-02 11:00:00,NYSE,2019-Q1,BALL,sensing,2,10657,10666,sense,also just give a sense of what type of
310,2019-05-02 11:00:00,NYSE,2019-Q1,BALL,seizing,1,1968,1977,investing,roughly flat to by investing in our businesses pursuing
310,2019-05-02 11:00:00,NYSE,2019-Q1,BALL,seizing,2,3214,3223,invested,minutes ago we ve invested meaningfully in our business
310,2019-05-02 11:00:00,NYSE,2019-Q1,BALL,seizing,3,3289,3298,investing,only going to be investing that capital if we
310,2019-05-02 11:00:00,NYSE,2019-Q1,BALL,seizing,4,3615,3624,invest,capital where we could invest if we get the
310,2019-05-02 11:00:00,NYSE,2019-Q1,BALL,seizing,5,4944,4953,invested,t forget that we invested in new line in
310,2019-05-02 11:00:00,NYSE,2019-Q1,BALL,seizing,6,5517,5526,invest,ve been able to invest in our business through
310,2019-05-02 11:00:00,NYSE,2019-Q1,BALL,seizing,7,5933,5942,invest,about their willingness to invest in more can sheet
310,2019-05-02 11:00:00,NYSE,2019-Q1,BALL,seizing,8,7422,7431,invest,as you continue to invest capital in some of
310,2019-05-02 11:00:00,NYSE,2019-Q1,BALL,seizing,9,7756,7767,investing,an announcement about you investing co investing with one of your
310,2019-05-02 11:00:00,NYSE,2019-Q1,BALL,seizing,10,7777,7786,investing,more and more co investing on filling capacity so
310,2019-05-02 11:00:00,NYSE,2019-Q1,BALL,seizing,11,9057,9066,invest,we will continue to invest in this we ve
310,2019-05-02 11:00:00,NYSE,2019-Q1,BALL,seizing,12,9367,9376,investing,the customer that s investing and they are allowing
311,2021-05-04 08:30:00,NASDAQ,2021-Q1,IDXX,sensing,1,4827,4836,sense,expansions where it makes sense we know that there
311,2021-05-04 08:30:00,NASDAQ,2021-Q1,IDXX,seizing,1,1878,1887,invest,year opex levels and invest to support our strong
311,2021-05-04 08:30:00,NASDAQ,2021-Q1,IDXX,seizing,2,4200,4209,invest,is to continue to invest in the infrastructure necessary
311,2021-05-04 08:30:00,NASDAQ,2021-Q1,IDXX,seizing,3,4430,4439,invest,that you want to invest into the growth in
312,2021-03-18 23:00:00,NASDAQ,2020-Q4,LX,sensing,1,2826,2835,sense,product so in that sense there s no loan
312,2021-03-18 23:00:00,NASDAQ,2020-Q4,LX,sensing,2,2859,2868,sense,financial product in the sense that you re used
312,2021-03-18 23:00:00,NASDAQ,2020-Q4,LX,sensing,3,3156,3165,sense,some degree in the sense that it may not
313,2022-02-22 17:00:00,NYSE,2021-Q4,BWXT,sensing,1,1649,1658,shaping,the feedback and are shaping our package to drive
313,2022-02-22 17:00:00,NYSE,2021-Q4,BWXT,sensing,2,3060,3069,shaping,how we see earnings shaping up this year there
313,2022-02-22 17:00:00,NYSE,2021-Q4,BWXT,sensing,3,3075,3084,shape,that are influencing the shape of the year but
313,2022-02-22 17:00:00,NYSE,2021-Q4,BWXT,sensing,4,4166,4175,sense,got it that makes sense and then just shifting
313,2022-02-22 17:00:00,NYSE,2021-Q4,BWXT,sensing,5,5171,5180,sense,generic offering in the sense that whatever customer could
314,2021-01-29 10:00:00,NYSE,2020-Q4,CHD,sensing,1,12821,12830,sense,office openings makes good sense but i m wondering
314,2021-01-29 10:00:00,NYSE,2020-Q4,CHD,sensing,2,14551,14560,sense,specialty products still makes sense as part of church
314,2021-01-29 10:00:00,NYSE,2020-Q4,CHD,seizing,1,253,262,invest,us the opportunity to invest in our future which
314,2021-01-29 10:00:00,NYSE,2020-Q4,CHD,seizing,2,4737,4746,investing,market where we re investing significant time and resources
314,2021-01-29 10:00:00,NYSE,2020-Q4,CHD,seizing,3,4950,4959,investing,customers finally we are investing for the first time
314,2021-01-29 10:00:00,NYSE,2020-Q4,CHD,seizing,4,6562,6571,invested,the quarter as we invested behind our brands to
314,2021-01-29 10:00:00,NYSE,2020-Q4,CHD,seizing,5,10951,10960,investing,where you see in investing for larger and faster
314,2021-01-29 10:00:00,NYSE,2020-Q4,CHD,seizing,6,12096,12105,invest,we re continuing to invest there we do have
315,2021-07-27 16:30:00,NASDAQ,2021-Q2,GOOGL,seizing,1,1561,1570,invest,we ll continue to invest in our sites in
315,2021-07-27 16:30:00,NASDAQ,2021-Q2,GOOGL,seizing,2,2213,2222,invest,we ll continue to invest in new ways to
315,2021-07-27 16:30:00,NASDAQ,2021-Q2,GOOGL,seizing,3,3348,3357,invest,july we continue to invest across google services to
315,2021-07-27 16:30:00,NASDAQ,2021-Q2,GOOGL,seizing,4,3439,3448,invest,we will continue to invest aggressively given the opportunity
315,2021-07-27 16:30:00,NASDAQ,2021-Q2,GOOGL,seizing,5,3825,3834,invest,most important ways we invest beyond that i would
315,2021-07-27 16:30:00,NASDAQ,2021-Q2,GOOGL,seizing,6,4496,4505,invest,shift to digital and invest more in data analytics
315,2021-07-27 16:30:00,NASDAQ,2021-Q2,GOOGL,seizing,7,4843,4852,invest,line with continuing to invest in headcount growth i
315,2021-07-27 16:30:00,NASDAQ,2021-Q2,GOOGL,seizing,8,5160,5169,invested,etc which we have invested and built over time
315,2021-07-27 16:30:00,NASDAQ,2021-Q2,GOOGL,seizing,9,5258,5267,invest,intend to continue to invest meaningfully we are very
315,2021-07-27 16:30:00,NASDAQ,2021-Q2,GOOGL,seizing,10,5285,5294,invest,global footprint continuing to invest in our compute capacity
315,2021-07-27 16:30:00,NASDAQ,2021-Q2,GOOGL,seizing,11,5316,5325,invest,and so continuing to invest across the board given
315,2021-07-27 16:30:00,NASDAQ,2021-Q2,GOOGL,seizing,12,5359,5368,invest,intend to continue to invest aggressively including expanding our
315,2021-07-27 16:30:00,NASDAQ,2021-Q2,GOOGL,seizing,13,5786,5795,invest,continue to see us invest here philipp schindler chief
315,2021-07-27 16:30:00,NASDAQ,2021-Q2,GOOGL,seizing,14,6319,6328,invested,so we ve definitely invested both in terms of
315,2021-07-27 16:30:00,NASDAQ,2021-Q2,GOOGL,seizing,15,6347,6356,investing,and now we are investing in our consumer experiences
315,2021-07-27 16:30:00,NASDAQ,2021-Q2,GOOGL,seizing,16,7063,7072,investing,newer capabilities as well investing in next generation of
315,2021-07-27 16:30:00,NASDAQ,2021-Q2,GOOGL,seizing,17,7103,7112,invest,see us continue to invest here with a focus
315,2021-07-27 16:30:00,NASDAQ,2021-Q2,GOOGL,seizing,18,8011,8020,investing,toward focusing on both investing in deep technology and
316,2021-05-07 10:00:00,NYSE,2021-Q1,MAIN,seizing,1,1548,1557,invest,for the companies we invest in positions us as
316,2021-05-07 10:00:00,NYSE,2021-Q1,MAIN,seizing,2,1892,1901,investing,with our focus of investing in both debt and
316,2021-05-07 10:00:00,NYSE,2021-Q1,MAIN,seizing,3,2027,2036,invest,of the companies we invest in allows the long
316,2021-05-07 10:00:00,NYSE,2021-Q1,MAIN,seizing,4,2565,2574,invested,investments and return of invested equity capital resulted in
317,2021-08-06 22:00:00,NYSE,2021-Q2,RC,transforming,1,809,818,redeployment,these acquisitions accelerate the redeployment of the anworth capital
317,2021-08-06 22:00:00,NYSE,2021-Q2,RC,transforming,2,1923,1932,redeployment,from post covid capital redeployment in our sbc cre
317,2021-08-06 22:00:00,NYSE,2021-Q2,RC,transforming,3,2116,2125,redeployment,ppp earnings and the redeployment of capital from the
318,2021-07-27 12:00:00,NASDAQ,2021-Q2,PCH,sensing,1,2480,2489,sense,you give us some sense of what is the
318,2021-07-27 12:00:00,NASDAQ,2021-Q2,PCH,sensing,2,3421,3430,sense,want to get a sense for how demand is
318,2021-07-27 12:00:00,NASDAQ,2021-Q2,PCH,sensing,3,4002,4011,sense,trying to get a sense for that because that
318,2021-07-27 12:00:00,NASDAQ,2021-Q2,PCH,sensing,4,4152,4161,sense,to get a quick sense on northern sawlog pricing
318,2021-07-27 12:00:00,NASDAQ,2021-Q2,PCH,sensing,5,5997,6006,sense,makes a lot of sense and i guess just
318,2021-07-27 12:00:00,NASDAQ,2021-Q2,PCH,sensing,6,6225,6234,sense,timberland segment that makes sense okay and then i
318,2021-07-27 12:00:00,NASDAQ,2021-Q2,PCH,sensing,7,6679,6688,sense,trying to get a sense i know that you
318,2021-07-27 12:00:00,NASDAQ,2021-Q2,PCH,sensing,8,7315,7324,sense,would make it makes sense to be pushing that
318,2021-07-27 12:00:00,NASDAQ,2021-Q2,PCH,sensing,9,7471,7480,sense,get to breakeven our sense is that cash flows
318,2021-07-27 12:00:00,NASDAQ,2021-Q2,PCH,sensing,10,7536,7545,sense,makes a lot of sense the i guess on
319,2021-05-05 07:00:00,NYSE,2021-Q1,NVO,sensing,1,3941,3950,sense,wanted to get a sense of what is your
319,2021-05-05 07:00:00,NYSE,2021-Q1,NVO,seizing,1,315,324,invest,two partnerships where we invest in healthier urban populations
320,2021-11-04 16:30:00,NASDAQ,2021-Q3,MELI,sensing,1,6076,6085,sense,costs and in that sense the financial institution license
320,2021-11-04 16:30:00,NASDAQ,2021-Q3,MELI,sensing,2,6626,6635,sense,get to an overall sense of actual total payers
320,2021-11-04 16:30:00,NASDAQ,2021-Q3,MELI,sensing,3,7765,7774,sense,makes a lot of sense thank you operator thank
320,2021-11-04 16:30:00,NASDAQ,2021-Q3,MELI,seizing,1,554,563,investing,which were geared toward investing in working capital for
320,2021-11-04 16:30:00,NASDAQ,2021-Q3,MELI,seizing,2,8389,8398,investing,on continued conviction behind investing in more warehouses as
320,2021-11-04 16:30:00,NASDAQ,2021-Q3,MELI,transforming,1,1353,1362,transforming,on the network are transforming the commerce experience throughout
321,2021-01-28 11:00:00,NYSE,2020-Q4,MSCI,sensing,1,5386,5395,sense,got it that makes sense i appreciate that and
321,2021-01-28 11:00:00,NYSE,2020-Q4,MSCI,sensing,2,9439,9448,sense,opened up in the sense of initially more of
321,2021-01-28 11:00:00,NYSE,2020-Q4,MSCI,sensing,3,9727,9736,sense,could give us a sense of how to think
321,2021-01-28 11:00:00,NYSE,2020-Q4,MSCI,sensing,4,10682,10691,sense,analyst yes that makes sense all right thanks so
321,2021-01-28 11:00:00,NYSE,2020-Q4,MSCI,seizing,1,1176,1185,investing,remain deeply committed to investing responsibly in triple crown
321,2021-01-28 11:00:00,NYSE,2020-Q4,MSCI,seizing,2,2169,2178,invest,of growth msci will invest in several key areas
321,2021-01-28 11:00:00,NYSE,2020-Q4,MSCI,seizing,3,2224,2233,invest,and third we will invest in our broader technology
321,2021-01-28 11:00:00,NYSE,2020-Q4,MSCI,seizing,4,3227,3236,investing,noted throughout this call investing in our business remains
321,2021-01-28 11:00:00,NYSE,2020-Q4,MSCI,seizing,5,3508,3517,invest,question is why not invest more in the business
321,2021-01-28 11:00:00,NYSE,2020-Q4,MSCI,seizing,6,3626,3635,investing,the same time heavily investing in the critical growth
321,2021-01-28 11:00:00,NYSE,2020-Q4,MSCI,seizing,7,3691,3700,investing,or cyclical to growth investing and of course the
321,2021-01-28 11:00:00,NYSE,2020-Q4,MSCI,seizing,8,4221,4230,invest,focused on continuing to invest in key initiatives and
321,2021-01-28 11:00:00,NYSE,2020-Q4,MSCI,seizing,9,4513,4522,investing,of expenses are really investing you have seen the
321,2021-01-28 11:00:00,NYSE,2020-Q4,MSCI,seizing,10,6324,6333,invest,of global investors to invest in all regions of
321,2021-01-28 11:00:00,NYSE,2020-Q4,MSCI,seizing,11,6408,6417,investing,opening up dramatically bond investing given the high yields
321,2021-01-28 11:00:00,NYSE,2020-Q4,MSCI,seizing,12,6469,6478,invest,of helping chinese institutions invest outside of china and
321,2021-01-28 11:00:00,NYSE,2020-Q4,MSCI,seizing,13,6526,6535,investing,who are focused on investing in china through our
321,2021-01-28 11:00:00,NYSE,2020-Q4,MSCI,seizing,14,6880,6889,investing,you still in the investing mode to introduce more
321,2021-01-28 11:00:00,NYSE,2020-Q4,MSCI,seizing,15,10524,10536,investing,big part of passive investing is momentum investing obviously i mean the
321,2021-01-28 11:00:00,NYSE,2020-Q4,MSCI,seizing,16,10559,10568,investing,of different ways of investing right that s not
322,2021-03-11 16:30:00,NASDAQ,2020-Q4,GERN,sensing,1,3671,3680,sense,makes a lot of sense what s going on
322,2021-03-11 16:30:00,NASDAQ,2020-Q4,GERN,sensing,2,4030,4039,sense,makes a lot of sense and then this next
322,2021-03-11 16:30:00,NASDAQ,2020-Q4,GERN,sensing,3,6814,6823,sense,makes a lot of sense or am i misreading
322,2021-03-11 16:30:00,NASDAQ,2020-Q4,GERN,seizing,1,3395,3404,invest,in addition we ll invest in building the appropriate
323,2021-05-05 16:30:00,NASDAQ,2021-Q1,TNDM,sensing,1,5591,5600,sense,t sport is your sense that the fda believes
323,2021-05-05 16:30:00,NASDAQ,2021-Q1,TNDM,seizing,1,2972,2981,investing,this leverage while heavily investing in r d to
323,2021-05-05 16:30:00,NASDAQ,2021-Q1,TNDM,seizing,2,6629,6638,invested,data and we have invested greatly in our data
324,2020-03-04 10:00:00,NYSE,2019-Q4,ATTO,sensing,1,5446,5455,sense,affecting customers in any sense of creating any disruption
324,2020-03-04 10:00:00,NYSE,2019-Q4,ATTO,seizing,1,6443,6452,invest,that we want to invest on in the short
325,2020-08-27 09:00:00,NYSE,2020-Q2,FRO,sensing,1,2904,2913,shape,in a very good shape but so i don
325,2020-08-27 09:00:00,NYSE,2020-Q2,FRO,sensing,2,3460,3469,sense,i see ok makes sense and and last question
325,2020-08-27 09:00:00,NYSE,2020-Q2,FRO,sensing,3,3814,3823,sense,huh all right makes sense thanks guys that s
325,2020-08-27 09:00:00,NYSE,2020-Q2,FRO,sensing,4,4103,4112,sense,s edge ok makes sense yeah i was tracking
325,2020-08-27 09:00:00,NYSE,2020-Q2,FRO,sensing,5,4338,4347,sense,up and what makes sense but with the size
326,2021-07-28 10:00:00,NYSE,2021-Q2,CHE,sensing,1,3484,3493,shape,we re in great shape in terms of demand
326,2021-07-28 10:00:00,NYSE,2021-Q2,CHE,transforming,1,5221,5230,redesigned,can effectively be potentially redesigned by each insurance plan
327,2020-04-23 11:00:00,NYSE,2020-Q1,GWW,sensing,1,1328,1337,sense,to give you a sense of the magnitude of
327,2020-04-23 11:00:00,NYSE,2020-Q1,GWW,sensing,2,1871,1880,sense,it doesn t make sense to forecast in this
327,2020-04-23 11:00:00,NYSE,2020-Q1,GWW,sensing,3,7810,7819,sense,have you any broad sense of how much your
327,2020-04-23 11:00:00,NYSE,2020-Q1,GWW,sensing,4,8697,8706,sense,t make as much sense and so we re
327,2020-04-23 11:00:00,NYSE,2020-Q1,GWW,seizing,1,2251,2260,invest,we will continue to invest where it matters most
327,2020-04-23 11:00:00,NYSE,2020-Q1,GWW,seizing,2,3393,3402,invest,which we used to invest in the business and
327,2020-04-23 11:00:00,NYSE,2020-Q1,GWW,seizing,3,3430,3439,invest,times we continue to invest prudently in our business
327,2020-04-23 11:00:00,NYSE,2020-Q1,GWW,seizing,4,3456,3465,invested,earnings and return on invested capital was over overall
327,2020-04-23 11:00:00,NYSE,2020-Q1,GWW,seizing,5,5789,5798,investing,said that we re investing related to advertising technology
327,2020-04-23 11:00:00,NYSE,2020-Q1,GWW,seizing,6,8895,8904,investing,not we should be investing or not in businesses
328,2021-01-29 11:00:00,NASDAQ,2020-Q4,OCFC,sensing,1,5819,5828,sense,what makes the most sense what is most attractive
328,2021-01-29 11:00:00,NASDAQ,2020-Q4,OCFC,sensing,2,7045,7054,sense,had a pretty good sense as to the strength
328,2021-01-29 11:00:00,NASDAQ,2020-Q4,OCFC,sensing,3,7327,7336,sense,okay got it makes sense thanks operator the next
329,2021-04-29 08:30:00,NYSE,2021-Q1,KEX,sensing,1,9262,9271,shaped,steepest sort of v shaped recovery i m curious
329,2021-04-29 08:30:00,NYSE,2021-Q1,KEX,sensing,2,10143,10152,sense,trying to get a sense as to where your
330,2019-04-25 17:00:00,NASDAQ,2019-Q1,MAT,sensing,1,7992,8001,shape,product that is taking shape we ve introduced this
330,2019-04-25 17:00:00,NASDAQ,2019-Q1,MAT,transforming,1,592,601,transform,our organization as we transform mattel into an ip
331,2021-03-24 08:00:00,OTC,2020-Q4,TCEHY,seizing,1,981,990,invest,enhance our platforms we invest in incremental innovation to
331,2021-03-24 08:00:00,OTC,2020-Q4,TCEHY,seizing,2,993,1002,invest,experiences and we also invest in transformative innovation to
331,2021-03-24 08:00:00,OTC,2020-Q4,TCEHY,seizing,3,2351,2360,invest,investment principles are to invest in high quality management
331,2021-03-24 08:00:00,OTC,2020-Q4,TCEHY,seizing,4,3192,3201,investing,attention and we re investing in pc and console
331,2021-03-24 08:00:00,OTC,2020-Q4,TCEHY,seizing,5,6276,6285,investing,decade we ve been investing aggressively and swimming upstream
331,2021-03-24 08:00:00,OTC,2020-Q4,TCEHY,seizing,6,7350,7359,invested,reason why we have invested in a lot of
331,2021-03-24 08:00:00,OTC,2020-Q4,TCEHY,seizing,7,10354,10363,investing,have been very active investing in studios that are
331,2021-03-24 08:00:00,OTC,2020-Q4,TCEHY,seizing,8,10371,10380,investing,also been very active investing in studios that focus
331,2021-03-24 08:00:00,OTC,2020-Q4,TCEHY,seizing,9,10390,10399,invest,that we want to invest in a certain number
331,2021-03-24 08:00:00,OTC,2020-Q4,TCEHY,seizing,10,10414,10423,invest,and we want to invest in the best or
331,2021-03-24 08:00:00,OTC,2020-Q4,TCEHY,seizing,11,10949,10958,investing,the pace of your investing to change as new
331,2021-03-24 08:00:00,OTC,2020-Q4,TCEHY,seizing,12,10984,10993,investing,the pace of our investing activity has been relatively
331,2021-03-24 08:00:00,OTC,2020-Q4,TCEHY,seizing,13,11108,11117,investing,the desirability of us investing in and supporting start
332,2021-08-12 16:30:00,NASDAQ,2021-Q2,LHDX,sensing,1,2436,2445,sense,you give us a sense of the size of
332,2021-08-12 16:30:00,NASDAQ,2021-Q2,LHDX,sensing,2,2616,2625,sense,just give us a sense of your current capacity
332,2021-08-12 16:30:00,NASDAQ,2021-Q2,LHDX,sensing,3,2777,2786,sense,could quantify that any sense of based on inbound
332,2021-08-12 16:30:00,NASDAQ,2021-Q2,LHDX,sensing,4,2788,2797,sense,the sales funnel any sense of just how much
333,2021-07-21 08:00:00,NASDAQ,2021-Q2,NDAQ,seizing,1,518,527,invest,aligned offerings as we invest in and grow new
333,2021-07-21 08:00:00,NASDAQ,2021-Q2,NDAQ,seizing,2,9160,9169,invest,when they bring in invest early stage investors they
333,2021-07-21 08:00:00,NASDAQ,2021-Q2,NDAQ,seizing,3,9879,9902,"invest, investing",and so if we invest in the platform we are actively investing and we will continue actively to invest in the platform to
335,2021-01-27 08:00:00,NASDAQ,2020-Q4,NAVI,sensing,1,7649,7658,sense,point it might make sense for us to partner
335,2021-01-27 08:00:00,NASDAQ,2020-Q4,NAVI,transforming,1,3378,3387,redeployment,seeing or just a redeployment of excess liquidity and
336,2022-03-03 08:30:00,NASDAQ,2021-Q4,ARGX,sensing,1,585,594,sense,has been demonstrating its sense of urgency during a
336,2022-03-03 08:30:00,NASDAQ,2021-Q4,ARGX,sensing,2,661,670,sense,an individualized approach makes sense to physicians we believe
336,2022-03-03 08:30:00,NASDAQ,2021-Q4,ARGX,sensing,3,3079,3088,shape,kidney franchise is taking shape overall we are planning
336,2022-03-03 08:30:00,NASDAQ,2021-Q4,ARGX,sensing,4,6732,6741,sense,we can get some sense of how you re
336,2022-03-03 08:30:00,NASDAQ,2021-Q4,ARGX,sensing,5,6766,6775,sense,you give us some sense of whether or not
336,2022-03-03 08:30:00,NASDAQ,2021-Q4,ARGX,sensing,6,7481,7490,sense,you gotten an early sense about how physicians are
336,2022-03-03 08:30:00,NASDAQ,2021-Q4,ARGX,sensing,7,8594,8603,sense,them what would make sense in regard to a
336,2022-03-03 08:30:00,NASDAQ,2021-Q4,ARGX,seizing,1,3118,3127,invest,did not continue to invest in our science slide
336,2022-03-03 08:30:00,NASDAQ,2021-Q4,ARGX,transforming,1,2804,2813,transformed,luc truyen wim has transformed our development organization over
337,2021-11-18 07:00:00,NYSE,2021-Q3,ATHM,transforming,1,3034,3043,transform,traditional business actually would transform from quantitative based to
337,2021-11-18 07:00:00,NYSE,2021-Q3,ATHM,transforming,2,3049,3058,transform,would be quantity then transform into quality the oems
337,2021-11-18 07:00:00,NYSE,2021-Q3,ATHM,transforming,3,3107,3116,transform,believe the advertisement would transform from the exposure type
337,2021-11-18 07:00:00,NYSE,2021-Q3,ATHM,transforming,4,3397,3406,transform,if they don t transform their business and model
338,2021-03-31 08:30:00,NASDAQ,2021-Q2,WBA,seizing,1,1048,1057,invest,strong financial position to invest in future growth and
338,2021-03-31 08:30:00,NASDAQ,2021-Q2,WBA,seizing,2,1488,1497,invested,flu categories additionally we invested heavily in sg a
338,2021-03-31 08:30:00,NASDAQ,2021-Q2,WBA,seizing,3,3487,3496,investing,on cost efficiencies and investing in our future continues
338,2021-03-31 08:30:00,NASDAQ,2021-Q2,WBA,transforming,1,3831,3840,transforming,modernizing our pharmacy business transforming our retail operations and
338,2021-03-31 08:30:00,NASDAQ,2021-Q2,WBA,transforming,2,9090,9099,redesigning,we re doing is redesigning what they actually do
339,2021-02-16 17:00:00,NASDAQ,2020-Q4,NMIH,sensing,1,3871,3880,sense,fast and that makes sense given where the coupons
339,2021-02-16 17:00:00,NASDAQ,2020-Q4,NMIH,sensing,2,4947,4956,sense,analyst okay that makes sense thank you that was
339,2021-02-16 17:00:00,NASDAQ,2020-Q4,NMIH,sensing,3,6411,6420,sense,trying to get a sense of was when we
339,2021-02-16 17:00:00,NASDAQ,2020-Q4,NMIH,sensing,4,6783,6792,sense,to give you a sense of our average loan
339,2021-02-16 17:00:00,NASDAQ,2020-Q4,NMIH,sensing,5,6871,6880,sense,that makes lot of sense i really appreciate it
339,2021-02-16 17:00:00,NASDAQ,2020-Q4,NMIH,sensing,6,7595,7604,sense,ll give you a sense so i don t
340,2021-04-07 08:30:00,NYSE,2021-Q2,MSM,sensing,1,3829,3838,sense,just give us a sense of a you know
340,2021-04-07 08:30:00,NYSE,2021-Q2,MSM,sensing,2,4337,4346,sense,do you have a sense of what what is
340,2021-04-07 08:30:00,NYSE,2021-Q2,MSM,sensing,3,4381,4390,sense,but any any rough sense of that and then
340,2021-04-07 08:30:00,NYSE,2021-Q2,MSM,sensing,4,9279,9288,sense,it it makes makes sense thanks i really appreciate
340,2021-04-07 08:30:00,NYSE,2021-Q2,MSM,seizing,1,900,909,investing,growth and we re investing into them in order
340,2021-04-07 08:30:00,NYSE,2021-Q2,MSM,seizing,2,1012,1021,invested,and returning return on invested capital into the high
340,2021-04-07 08:30:00,NYSE,2021-Q2,MSM,seizing,3,3203,3212,invested,of gross savings and invested roughly million to million
340,2021-04-07 08:30:00,NYSE,2021-Q2,MSM,seizing,4,3245,3254,invested,this year we also invested roughly million in q
340,2021-04-07 08:30:00,NYSE,2021-Q2,MSM,seizing,5,6170,6179,invested,capital and returns on invested capital so you ve
340,2021-04-07 08:30:00,NYSE,2021-Q2,MSM,seizing,6,6201,6210,invested,assume a roughly similar invested capital base if you
340,2021-04-07 08:30:00,NYSE,2021-Q2,MSM,seizing,7,6232,6241,invested,high teens returns on invested capital is that the
340,2021-04-07 08:30:00,NYSE,2021-Q2,MSM,seizing,8,6272,6281,invested,assume similar levels of invested capital we i think
340,2021-04-07 08:30:00,NYSE,2021-Q2,MSM,transforming,1,751,760,redesigned,changes were made we redesigned our value proposition and
341,2021-05-06 09:30:00,NYSE,2021-Q1,K,sensing,1,490,499,shaped,portfolio that we ve shaped toward growth has benefited
341,2021-05-06 09:30:00,NYSE,2021-Q1,K,sensing,2,4172,4181,shape,business remains in good shape we re very pleased
341,2021-05-06 09:30:00,NYSE,2021-Q1,K,sensing,3,4374,4383,shape,is in really good shape with more capacity coming
341,2021-05-06 09:30:00,NYSE,2021-Q1,K,sensing,4,7377,7386,sense,can you give a sense of how your conversations
341,2021-05-06 09:30:00,NYSE,2021-Q1,K,sensing,5,7839,7848,shaped,the way it s shaped up we like the
341,2021-05-06 09:30:00,NYSE,2021-Q1,K,sensing,6,7943,7952,sense,just to get a sense of the first quarter
341,2021-05-06 09:30:00,NYSE,2021-Q1,K,sensing,7,8239,8248,shape,points just on the shape of the year so
341,2021-05-06 09:30:00,NYSE,2021-Q1,K,sensing,8,8332,8341,sense,just give you a sense of the lap ahead
341,2021-05-06 09:30:00,NYSE,2021-Q1,K,sensing,9,8342,8351,shape,us and just the shape of the year i
341,2021-05-06 09:30:00,NYSE,2021-Q1,K,sensing,10,8732,8741,shaping,think about things like shaping a growth portfolio that
341,2021-05-06 09:30:00,NYSE,2021-Q1,K,sensing,11,9768,9777,shape,re in pretty good shape and so it s
341,2021-05-06 09:30:00,NYSE,2021-Q1,K,seizing,1,5422,5431,invested,disciplined on overhead and invested behind our brands and
341,2021-05-06 09:30:00,NYSE,2021-Q1,K,seizing,2,6186,6195,investing,in the marketplace through investing in our brands through
341,2021-05-06 09:30:00,NYSE,2021-Q1,K,seizing,3,7531,7540,invest,we ve got to invest in our brands we
342,2019-10-29 10:30:00,NYSE,2019-Q3,EME,sensing,1,10328,10337,sense,to give us a sense are we missing something
342,2019-10-29 10:30:00,NYSE,2019-Q3,EME,sensing,2,10815,10824,sense,yes i mean a sense of i don t
342,2019-10-29 10:30:00,NYSE,2019-Q3,EME,seizing,1,3183,3192,investing,has more than covered investing and financing activities during
342,2019-10-29 10:30:00,NYSE,2019-Q3,EME,seizing,2,4308,4317,invest,those who cover and invest in us as we
343,2021-11-09 08:00:00,NYSE,2021-Q3,IGT,sensing,1,4155,4164,sense,want to get a sense on your thoughts around
343,2021-11-09 08:00:00,NYSE,2021-Q3,IGT,sensing,2,5100,5109,sense,base because and my sense is it s been
343,2021-11-09 08:00:00,NYSE,2021-Q3,IGT,seizing,1,423,432,invest,segment and willingness to invest in this fast emerging
343,2021-11-09 08:00:00,NYSE,2021-Q3,IGT,seizing,2,5198,5207,invested,you know we have invested seriously we have presented
344,2022-06-02 16:30:00,NASDAQ,2022-Q1,LULU,sensing,1,1950,1959,shaped,of our astro pant shaped jacket and inspire crop
344,2022-06-02 16:30:00,NASDAQ,2022-Q1,LULU,seizing,1,948,957,invest,we will continue to invest in the region and
344,2022-06-02 16:30:00,NASDAQ,2022-Q1,LULU,seizing,2,2700,2709,invest,also continuing to strategically invest in our long term
344,2022-06-02 16:30:00,NASDAQ,2022-Q1,LULU,seizing,3,8754,8763,investing,markets through pay protection investing in the culture and
344,2022-06-02 16:30:00,NASDAQ,2022-Q1,LULU,seizing,4,8794,8810,investing,in shanghai we re investing in people and talent we re investing in relationships with the
344,2022-06-02 16:30:00,NASDAQ,2022-Q1,LULU,transforming,1,1944,1953,revamped,guests favorite styles including revamped versions of our astro
345,2020-05-07 17:00:00,NYSE,2020-Q1,NET,sensing,1,678,687,sense,you more of a sense of what we re
345,2020-05-07 17:00:00,NYSE,2020-Q1,NET,sensing,2,2909,2918,sense,to track and make sense of covid symptoms and
345,2020-05-07 17:00:00,NYSE,2020-Q1,NET,sensing,3,4949,4958,sense,can give us some sense of what that can
345,2020-05-07 17:00:00,NYSE,2020-Q1,NET,sensing,4,5285,5294,sense,makes a lot of sense and then thomas one
345,2020-05-07 17:00:00,NYSE,2020-Q1,NET,sensing,5,9579,9588,sense,makes a lot of sense and thomas for you
345,2020-05-07 17:00:00,NYSE,2020-Q1,NET,seizing,1,2994,3003,invest,two things focus and invest so we are focusing
345,2020-05-07 17:00:00,NYSE,2020-Q1,NET,seizing,2,3013,3022,investing,returns and we are investing in building trust hiring
345,2020-05-07 17:00:00,NYSE,2020-Q1,NET,seizing,3,5587,5596,invest,need in order to invest behind the demand sterling
345,2020-05-07 17:00:00,NYSE,2020-Q1,NET,seizing,4,7216,7225,invest,expect to continue to invest and also benefit from
345,2020-05-07 17:00:00,NYSE,2020-Q1,NET,seizing,5,8128,8137,invest,you ve got to invest in things like network
345,2020-05-07 17:00:00,NYSE,2020-Q1,NET,transforming,1,3145,3154,transform,plays in helping customers transform and digitize their business
346,2020-11-13 12:00:00,NYSE,2020-Q3,FSM,sensing,1,2968,2977,sense,to give us a sense of recovery though from
346,2020-11-13 12:00:00,NYSE,2020-Q3,FSM,sensing,2,3469,3478,sense,the vat recovery any sense of kind of how
347,2022-08-11 08:30:00,NYSE,2022-Q2,SGHC,seizing,1,1071,1080,investing,considering various opportunities including investing in brand and other
347,2022-08-11 08:30:00,NYSE,2022-Q2,SGHC,seizing,2,2406,2415,investing,because our focus on investing remains for the long
348,2021-02-25 11:00:00,NASDAQ,2020-Q4,PRFT,sensing,1,3752,3761,sense,a relationship that makes sense brian kinstlinger alliance global
348,2021-02-25 11:00:00,NASDAQ,2020-Q4,PRFT,sensing,2,5456,5465,sense,re seeing in the sense that are clients at
349,,NASDAQ,2018-Q4,ALTR,sensing,1,4487,4496,sense,just give us a sense any change it sounds
349,,NASDAQ,2018-Q4,ALTR,sensing,2,4502,4511,sense,very good so my sense is no changes if
349,,NASDAQ,2018-Q4,ALTR,sensing,3,4520,4529,sense,could give us a sense on that and sort
349,,NASDAQ,2018-Q4,ALTR,seizing,1,2417,2426,investing,margins higher while simultaneously investing prudently into those areas
350,2021-03-11 17:00:00,NASDAQ,2021-Q4,DOMO,sensing,1,4276,4285,sense,out how to make sense of the partners that
350,2021-03-11 17:00:00,NASDAQ,2021-Q4,DOMO,sensing,2,6814,6823,sense,it doesn t make sense to us so we
350,2021-03-11 17:00:00,NASDAQ,2021-Q4,DOMO,seizing,1,1724,1733,invest,think about how to invest for growth and let
350,2021-03-11 17:00:00,NASDAQ,2021-Q4,DOMO,seizing,2,1876,1885,investing,that we are also investing in the sales enablement
350,2021-03-11 17:00:00,NASDAQ,2021-Q4,DOMO,seizing,3,2554,2563,invest,and we continue to invest in retention as our
350,2021-03-11 17:00:00,NASDAQ,2021-Q4,DOMO,seizing,4,3121,3130,invest,levels primarily as we invest in sales capacity host
350,2021-03-11 17:00:00,NASDAQ,2021-Q4,DOMO,seizing,5,3159,3168,invest,and marketing as we invest in our growth initiatives
350,2021-03-11 17:00:00,NASDAQ,2021-Q4,DOMO,transforming,1,1994,2003,transforming,to our mission of transforming the way business is
351,2021-06-29 11:00:00,NYSE,2021-Q3,EPAC,sensing,1,4936,4945,shape,s still in good shape and quite honestly our
351,2021-06-29 11:00:00,NYSE,2021-Q3,EPAC,sensing,2,5056,5065,sense,gives me a good sense of your inventories at
351,2021-06-29 11:00:00,NYSE,2021-Q3,EPAC,sensing,3,8097,8106,shape,in a pretty good shape so we tried to
351,2021-06-29 11:00:00,NYSE,2021-Q3,EPAC,seizing,1,3120,3129,seizing,ll continue our efforts seizing opportunities to drive sustainable
352,2021-02-04 13:30:00,NYSE,2021-Q2,CLX,sensing,1,5227,5236,sense,wanted to get a sense of how you re
352,2021-02-04 13:30:00,NYSE,2021-Q2,CLX,sensing,2,5946,5955,shape,business is in better shape than you might see
352,2021-02-04 13:30:00,NYSE,2021-Q2,CLX,sensing,3,8148,8157,sense,portfolio where it makes sense and i think it
352,2021-02-04 13:30:00,NYSE,2021-Q2,CLX,sensing,4,9165,9174,sense,analyst yes that makes sense and i m going
352,2021-02-04 13:30:00,NYSE,2021-Q2,CLX,sensing,5,9699,9708,sense,you give us a sense of retailers receptivity to
352,2021-02-04 13:30:00,NYSE,2021-Q2,CLX,seizing,1,1470,1479,investing,our momentum and continue investing behind our global portfolio
352,2021-02-04 13:30:00,NYSE,2021-Q2,CLX,seizing,2,2200,2209,investing,enables us to continue investing in our brands capabilities
352,2021-02-04 13:30:00,NYSE,2021-Q2,CLX,seizing,3,2746,2755,investing,as a reminder includes investing more across our portfolio
352,2021-02-04 13:30:00,NYSE,2021-Q2,CLX,seizing,4,3170,3179,invest,we will continue to invest strongly in our global
352,2021-02-04 13:30:00,NYSE,2021-Q2,CLX,seizing,5,6533,6542,invest,ve already started to invest and establish the supply
352,2021-02-04 13:30:00,NYSE,2021-Q2,CLX,seizing,6,7314,7323,invest,are not hesitant to invest when we see strong
352,2021-02-04 13:30:00,NYSE,2021-Q2,CLX,seizing,7,8483,8492,investing,m sure you re investing doubling down tripling down
352,2021-02-04 13:30:00,NYSE,2021-Q2,CLX,seizing,8,8530,8539,investing,be leading in and investing further versus maybe pulling
352,2021-02-04 13:30:00,NYSE,2021-Q2,CLX,seizing,9,9367,9376,investing,our products we re investing behind that we have
352,2021-02-04 13:30:00,NYSE,2021-Q2,CLX,seizing,10,9408,9417,investing,that we re clearly investing in this year that
352,2021-02-04 13:30:00,NYSE,2021-Q2,CLX,seizing,11,9508,9517,investing,company and we re investing behind that jason english
352,2021-02-04 13:30:00,NYSE,2021-Q2,CLX,seizing,12,10264,10273,investing,that we have been investing the fact that we
352,2021-02-04 13:30:00,NYSE,2021-Q2,CLX,seizing,13,10345,10354,investing,are really focused on investing in those brands getting
352,2021-02-04 13:30:00,NYSE,2021-Q2,CLX,seizing,14,10542,10551,investing,ll continue to prioritize investing in our base business
352,2021-02-04 13:30:00,NYSE,2021-Q2,CLX,seizing,15,10776,10785,invest,the best opportunity to invest that cash and as
353,2021-02-25 11:00:00,NYSE,2020-Q3,GVA,sensing,1,728,737,shape,who we believe can shape our future and drive
353,2021-02-25 11:00:00,NYSE,2020-Q3,GVA,sensing,2,4500,4509,sense,division but maybe a sense of like in the
353,2021-02-25 11:00:00,NYSE,2020-Q3,GVA,sensing,3,5052,5061,sense,do you get the sense from them that with
353,2021-02-25 11:00:00,NYSE,2020-Q3,GVA,sensing,4,5989,5998,sense,maybe kind of a sense of order of magnitude
353,2021-02-25 11:00:00,NYSE,2020-Q3,GVA,sensing,5,6786,6795,sense,so hopefully that makes sense adam adam beavis goldman
353,2021-02-25 11:00:00,NYSE,2020-Q3,GVA,sensing,6,6796,6805,sense,analyst no that makes sense and that s very
353,2021-02-25 11:00:00,NYSE,2020-Q3,GVA,sensing,7,7453,7462,sense,i mean in the sense of more competition than
353,2021-02-25 11:00:00,NYSE,2020-Q3,GVA,seizing,1,3916,3925,invest,is well positioned to invest in our business and
353,2021-02-25 11:00:00,NYSE,2020-Q3,GVA,transforming,1,1602,1611,transforming,quarters of moving on transforming the risk profile of
353,2021-02-25 11:00:00,NYSE,2020-Q3,GVA,transforming,2,6660,6669,transforming,job of moving and transforming that business into the
353,2021-02-25 11:00:00,NYSE,2020-Q3,GVA,transforming,3,6721,6730,transforming,now that we re transforming that business and it
354,2021-05-07 08:30:00,NYSE,2021-Q1,KWR,sensing,1,1024,1033,shape,strong first quarter the shape of our year s
354,2021-05-07 08:30:00,NYSE,2021-Q1,KWR,sensing,2,2271,2280,sense,opportunities which make strategic sense all while remaining committed
354,2021-05-07 08:30:00,NYSE,2021-Q1,KWR,sensing,3,3339,3348,shape,s definitely changed the shape of how our ebitda
354,2021-05-07 08:30:00,NYSE,2021-Q1,KWR,seizing,1,2261,2270,invest,to pay dividends and invest in acquisitions that provide
355,2019-12-12 17:00:00,NASDAQ,2020-Q1,COST,sensing,1,4136,4145,sense,just to get a sense for what sort of
355,2019-12-12 17:00:00,NASDAQ,2020-Q1,COST,sensing,2,4278,4287,sense,just to get a sense for how much that
355,2019-12-12 17:00:00,NASDAQ,2020-Q1,COST,sensing,3,4450,4459,sense,research advisors analyst makes sense thanks a lot operator
355,2019-12-12 17:00:00,NASDAQ,2020-Q1,COST,sensing,4,5694,5703,sense,found items that makes sense in other parts of
355,2019-12-12 17:00:00,NASDAQ,2020-Q1,COST,sensing,5,8608,8617,sense,for evaluating what makes sense for you in terms
358,2019-11-06 08:30:00,NASDAQ,2019-Q3,CSTE,seizing,1,1781,1790,invest,platform we continue to invest behind our sales team
358,2019-11-06 08:30:00,NASDAQ,2019-Q3,CSTE,transforming,1,559,568,transform,it strategy that will transform our company into a
359,2020-08-12 08:30:00,NASDAQ,2020-Q2,ANGI,sensing,1,398,407,sense,done historically in the sense of it s a
359,2020-08-12 08:30:00,NASDAQ,2020-Q2,ANGI,sensing,2,6267,6276,sense,same way in the sense of it s a
359,2020-08-12 08:30:00,NASDAQ,2020-Q2,ANGI,sensing,3,6593,6602,shaping,buying entire businesses and shaping those businesses that s
359,2020-08-12 08:30:00,NASDAQ,2020-Q2,ANGI,sensing,4,8363,8372,sense,for it in the sense of we haven t
359,2020-08-12 08:30:00,NASDAQ,2020-Q2,ANGI,sensing,5,10049,10058,sense,for us in the sense that getting a company
359,2020-08-12 08:30:00,NASDAQ,2020-Q2,ANGI,seizing,1,430,439,seize,is be opportunistic and seize opportunities when we see
359,2020-08-12 08:30:00,NASDAQ,2020-Q2,ANGI,seizing,2,1627,1636,invested,we built from scratch invested in and went nowhere
359,2020-08-12 08:30:00,NASDAQ,2020-Q2,ANGI,seizing,3,6328,6337,invested,than actually we ve invested in any of the
359,2020-08-12 08:30:00,NASDAQ,2020-Q2,ANGI,seizing,4,6936,6945,investing,vimeo we can be investing more every quarter and
359,2020-08-12 08:30:00,NASDAQ,2020-Q2,ANGI,seizing,5,6972,6981,invest,s more dollars to invest there even before choosing
359,2020-08-12 08:30:00,NASDAQ,2020-Q2,ANGI,seizing,6,6987,6996,investing,dollars we can be investing there and so we
359,2020-08-12 08:30:00,NASDAQ,2020-Q2,ANGI,seizing,7,7011,7020,invest,release more products and invest some of this incremental
359,2020-08-12 08:30:00,NASDAQ,2020-Q2,ANGI,seizing,8,7792,7801,invest,going to continue to invest to take share throughout
360,2022-05-05 17:00:00,NASDAQ,2022-Q1,ONCT,sensing,1,2430,2439,sense,analyst great that makes sense jim thank you all
361,2021-04-27 17:00:00,NASDAQ,2021-Q1,CSGP,seizing,1,8192,8207,invest,and you do usually invest in the marketing you do invest in the marketing ahead
361,2021-04-27 17:00:00,NASDAQ,2021-Q1,CSGP,seizing,2,9844,9853,investing,our training we re investing a little bit more
362,2020-07-30 09:30:00,NYSE,2020-Q2,RDS.A,sensing,1,11741,11750,sense,not make intuitive business sense that being said there
362,2020-07-30 09:30:00,NYSE,2020-Q2,RDS.A,sensing,2,16903,16912,sense,just to get a sense of where we are
362,2020-07-30 09:30:00,NYSE,2020-Q2,RDS.A,seizing,1,1914,1923,invest,and we continue to invest in power for example
362,2020-07-30 09:30:00,NYSE,2020-Q2,RDS.A,seizing,2,2123,2132,investing,are paying dividends and investing at the revised cash
362,2020-07-30 09:30:00,NYSE,2020-Q2,RDS.A,seizing,3,3272,3281,investing,in cash flow from investing activities so there is
362,2020-07-30 09:30:00,NYSE,2020-Q2,RDS.A,seizing,4,13538,13547,invest,so your ability to invest more and see the
362,2020-07-30 09:30:00,NYSE,2020-Q2,RDS.A,seizing,5,13571,13580,invest,we re going to invest in those but we
362,2020-07-30 09:30:00,NYSE,2020-Q2,RDS.A,seizing,6,14905,14914,investing,everything hangs off of investing in the company and
362,2020-07-30 09:30:00,NYSE,2020-Q2,RDS.A,seizing,7,14939,14948,investing,in the company and investing in future cash flow
362,2020-07-30 09:30:00,NYSE,2020-Q2,RDS.A,seizing,8,15116,15125,invest,ll be looking to invest in the future of
362,2020-07-30 09:30:00,NYSE,2020-Q2,RDS.A,transforming,1,1548,1557,redesign,program in shell to redesign and restructure toward a
362,2020-07-30 09:30:00,NYSE,2020-Q2,RDS.A,transforming,2,1605,1614,redesigning,that besides reshaping and redesigning we will also resize
363,2022-02-09 08:00:00,NASDAQ,2021-Q4,REYN,sensing,1,5471,5480,sense,debt if that makes sense for us and that
363,2022-02-09 08:00:00,NASDAQ,2021-Q4,REYN,seizing,1,2391,2400,invest,priorities are unchanged we invest to strengthen and extend
363,2022-02-09 08:00:00,NASDAQ,2021-Q4,REYN,seizing,2,3145,3154,investing,outlook we are clearly investing further in our advertising
363,2022-02-09 08:00:00,NASDAQ,2021-Q4,REYN,seizing,3,5387,5396,invest,that we decided to invest more heavily in capital
364,2021-05-04 08:30:00,NYSE,2021-Q1,UAA,sensing,1,5411,5420,shape,base how will that shape up is there any
364,2021-05-04 08:30:00,NYSE,2021-Q1,UAA,sensing,2,10578,10587,sense,give us a nice sense of how the balance
364,2021-05-04 08:30:00,NYSE,2021-Q1,UAA,seizing,1,1612,1621,investing,tightly manage inventory while investing in brand awareness and
364,2021-05-04 08:30:00,NYSE,2021-Q1,UAA,seizing,2,3331,3340,invest,with the optionality to invest in critical areas like
364,2021-05-04 08:30:00,NYSE,2021-Q1,UAA,seizing,3,6899,6908,invest,as we want to invest more in the brand
364,2021-05-04 08:30:00,NYSE,2021-Q1,UAA,seizing,4,8930,8939,invest,make the decision to invest back into the brand
364,2021-05-04 08:30:00,NYSE,2021-Q1,UAA,seizing,5,9600,9609,investing,companies when they start investing more into their direct
364,2021-05-04 08:30:00,NYSE,2021-Q1,UAA,seizing,6,9794,9803,investing,how we re now investing for the future really
364,2021-05-04 08:30:00,NYSE,2021-Q1,UAA,transforming,1,2174,2183,transformed,strong evidence that our transformed operating model can efficiently
365,2021-01-26 12:00:00,NYSE,2020-Q4,PLD,sensing,1,4542,4551,sense,makes a lot of sense obviously we understand the
365,2021-01-26 12:00:00,NYSE,2020-Q4,PLD,sensing,2,5118,5127,sense,the question in a sense that we re only
365,2021-01-26 12:00:00,NYSE,2020-Q4,PLD,sensing,3,5277,5286,sense,execute when it makes sense for us but i
365,2021-01-26 12:00:00,NYSE,2020-Q4,PLD,sensing,4,7795,7804,sense,very opportunistic in that sense operator your next question
365,2021-01-26 12:00:00,NYSE,2020-Q4,PLD,sensing,5,8499,8508,sense,it s just no sense of we could sell
366,2022-04-27 09:30:00,NASDAQ,2022-Q1,TRMK,sensing,1,2916,2925,sense,trying to get a sense of kind of how
366,2022-04-27 09:30:00,NASDAQ,2022-Q1,TRMK,seizing,1,2092,2101,invest,we will continue to invest in technology to meet
367,2020-04-23 08:30:00,NYSE,2020-Q1,BFH,sensing,1,4064,4073,sense,like yourselves in the sense that i think you
367,2020-04-23 08:30:00,NYSE,2020-Q1,BFH,sensing,2,4151,4160,sense,that give us a sense of what part of
367,2020-04-23 08:30:00,NYSE,2020-Q1,BFH,seizing,1,341,350,investing,with an eye toward investing in our future on
367,2020-04-23 08:30:00,NYSE,2020-Q1,BFH,seizing,2,1473,1482,investing,term expense reduction and investing in our business strategically
367,2020-04-23 08:30:00,NYSE,2020-Q1,BFH,seizing,3,3112,3121,investing,time we are thoughtfully investing in the future we
367,2020-04-23 08:30:00,NYSE,2020-Q1,BFH,seizing,4,3206,3215,investing,operating model and thoughtfully investing in the future with
367,2020-04-23 08:30:00,NYSE,2020-Q1,BFH,seizing,5,3933,3942,invest,but as importantly really invest where we think where
367,2020-04-23 08:30:00,NYSE,2020-Q1,BFH,seizing,6,3973,3982,invest,we ll continue to invest there and you know
368,2020-07-20 17:00:00,NYSE,2020-Q2,IBM,sensing,1,593,602,shape,that take time to shape and therefore to close
368,2020-07-20 17:00:00,NYSE,2020-Q2,IBM,sensing,2,9407,9416,sense,can get a better sense of how the transformation
368,2020-07-20 17:00:00,NYSE,2020-Q2,IBM,sensing,3,9511,9520,sense,to get a better sense of how to think
368,2020-07-20 17:00:00,NYSE,2020-Q2,IBM,seizing,1,458,467,seize,opportunities that ibm will seize as our clients accelerate
368,2020-07-20 17:00:00,NYSE,2020-Q2,IBM,seizing,2,3801,3810,invest,we re continuing to invest building skills and practices
368,2020-07-20 17:00:00,NYSE,2020-Q2,IBM,seizing,3,4713,4722,invest,flow and liquidity to invest in our business and
368,2020-07-20 17:00:00,NYSE,2020-Q2,IBM,seizing,4,4770,4779,investing,focus will be on investing and maintaining flexibility to
368,2020-07-20 17:00:00,NYSE,2020-Q2,IBM,seizing,5,7811,7820,invest,going to continue to invest in this business capital
368,2020-07-20 17:00:00,NYSE,2020-Q2,IBM,seizing,6,8535,8544,invest,going to continue to invest in our business and
368,2020-07-20 17:00:00,NYSE,2020-Q2,IBM,seizing,7,10096,10105,invest,and then also two invest in new transformational services
368,2020-07-20 17:00:00,NYSE,2020-Q2,IBM,transforming,1,2766,2775,transforming,and security we re transforming key business support functions
368,2020-07-20 17:00:00,NYSE,2020-Q2,IBM,transforming,2,3738,3747,transform,red hat technologies to transform their businesses looking at
368,2020-07-20 17:00:00,NYSE,2020-Q2,IBM,transforming,3,7617,7626,transforming,first in terms of transforming their applications and that
369,2021-02-24 08:30:00,NYSE,2020-Q4,GTY,seizing,1,1551,1560,invested,the fourth quarter we invested million in highly high
369,2021-02-24 08:30:00,NYSE,2020-Q4,GTY,seizing,2,1839,1848,invested,for the year we invested approximately million in both
369,2021-02-24 08:30:00,NYSE,2020-Q4,GTY,seizing,3,1902,1911,invested,in this project we invested million and we expect
369,2021-02-24 08:30:00,NYSE,2020-Q4,GTY,seizing,4,1986,1995,invested,spending side we have invested approximately million in the
369,2021-02-24 08:30:00,NYSE,2020-Q4,GTY,seizing,5,2026,2035,invest,of where we could invest these funds in the
369,2021-02-24 08:30:00,NYSE,2020-Q4,GTY,seizing,6,5763,5772,invest,funding our tenants also invest in our properties right
371,2021-02-08 09:00:00,NYSE,2020-Q4,CNA,sensing,1,4838,4847,sense,long duration that makes sense that was a zero
371,2021-02-08 09:00:00,NYSE,2020-Q4,CNA,sensing,2,4940,4949,sense,perfect that totally makes sense and just finally if
371,2021-02-08 09:00:00,NYSE,2020-Q4,CNA,seizing,1,2675,2684,invested,remained low fixed income invested assets that support our
372,2021-02-02 04:00:00,NYSE,2020-Q4,BP,sensing,1,8921,8930,sense,hopefully gives you a sense of how we think
372,2021-02-02 04:00:00,NYSE,2020-Q4,BP,sensing,2,9721,9730,sense,it in a volume sense we are trying to
372,2021-02-02 04:00:00,NYSE,2020-Q4,BP,sensing,3,9733,9742,sense,a free cash flow sense and that s what
372,2021-02-02 04:00:00,NYSE,2020-Q4,BP,sensing,4,13071,13080,shape,the debate you can shape some of these things
372,2021-02-02 04:00:00,NYSE,2020-Q4,BP,sensing,5,13095,13104,sense,of these dialogs my sense is i walk away
372,2021-02-02 04:00:00,NYSE,2020-Q4,BP,sensing,6,18553,18562,sense,that gives you a sense of what s valuable
372,2021-02-02 04:00:00,NYSE,2020-Q4,BP,seizing,1,2098,2107,invest,our reinvent bp program invest in a disciplined manner
372,2021-02-02 04:00:00,NYSE,2020-Q4,BP,seizing,2,2211,2220,invest,deteriorate we plan to invest around billion in low
372,2021-02-02 04:00:00,NYSE,2020-Q4,BP,seizing,3,6000,6013,investing,down to billion then investing into the transition investing into the hydrocarbons and
372,2021-02-02 04:00:00,NYSE,2020-Q4,BP,seizing,4,9855,9864,invest,through time if we invest on a continuous basis
372,2021-02-02 04:00:00,NYSE,2020-Q4,BP,seizing,5,11977,11990,invest,debt down to billion invest into the transition invest in the resilient and
372,2021-02-02 04:00:00,NYSE,2020-Q4,BP,seizing,6,12409,12418,invest,when you don t invest in it obviously given
372,2021-02-02 04:00:00,NYSE,2020-Q4,BP,seizing,7,16808,16817,invested,unfortunately the absolute capital invested is almost becomes de
372,2021-02-02 04:00:00,NYSE,2020-Q4,BP,seizing,8,16866,16875,invest,to be able to invest or the capital you
372,2021-02-02 04:00:00,NYSE,2020-Q4,BP,seizing,9,17643,17652,investing,doing in terms of investing into how those permian
372,2021-02-02 04:00:00,NYSE,2020-Q4,BP,transforming,1,883,892,transforming,focus on performing while transforming i d like to
372,2021-02-02 04:00:00,NYSE,2020-Q4,BP,transforming,2,3177,3186,transform,the group needs to transform so i want to
372,2021-02-02 04:00:00,NYSE,2020-Q4,BP,transforming,3,5121,5130,transforming,focusing on performing while transforming through extraordinary circumstances we
372,2021-02-02 04:00:00,NYSE,2020-Q4,BP,transforming,4,13360,13369,transform,us the permission to transform the company which is
372,2021-02-02 04:00:00,NYSE,2020-Q4,BP,transforming,5,13370,13379,transform,we say perform or transform and murray and i
373,2020-05-11 09:00:00,NYSE,2020-Q1,VRS,seizing,1,4363,4372,invest,going to continue to invest in that project adam
374,2020-05-09 21:00:00,NASDAQ,2020-Q2,GEOS,sensing,1,1166,1175,sensing,of optoseis fiber optic sensing technology in combination with
374,2020-05-09 21:00:00,NASDAQ,2020-Q2,GEOS,sensing,2,5096,5105,sense,do we have any sense for what the market
375,2020-04-30 10:00:00,NASDAQ,2020-Q1,SPOK,seizing,1,4447,4456,invest,we also continue to invest in our company to
375,2020-04-30 10:00:00,NASDAQ,2020-Q1,SPOK,seizing,2,4721,4730,investing,the future while still investing in our platform we
375,2020-04-30 10:00:00,NASDAQ,2020-Q1,SPOK,seizing,3,6176,6185,invested,the money you ve invested and the amount of
375,2020-04-30 10:00:00,NASDAQ,2020-Q1,SPOK,seizing,4,6707,6716,investing,being pressed we are investing a lot of money
375,2020-04-30 10:00:00,NASDAQ,2020-Q1,SPOK,seizing,5,6765,6774,investing,we won t be investing million a year in
376,2021-04-29 17:00:00,NYSE,2021-Q2,BZH,sensing,1,2168,2177,sense,like it makes more sense to wait until the
376,2021-04-29 17:00:00,NYSE,2021-Q2,BZH,sensing,2,2509,2518,sense,makes a lot of sense and it s helpful
376,2021-04-29 17:00:00,NYSE,2021-Q2,BZH,sensing,3,3481,3490,senses,these gathering places these senses of place within your
376,2021-04-29 17:00:00,NYSE,2021-Q2,BZH,seizing,1,352,361,invested,the same time we invested for the future grew
376,2021-04-29 17:00:00,NYSE,2021-Q2,BZH,seizing,2,4390,4399,invest,and we want to invest with our team and
376,2021-04-29 17:00:00,NYSE,2021-Q2,BZH,seizing,3,4940,4949,investing,larger dollar amount is investing in the business the
376,2021-04-29 17:00:00,NYSE,2021-Q2,BZH,seizing,4,5030,5039,investing,returns we can make investing in the business so
377,2021-05-07 09:00:00,NYSE,2021-Q1,ENB,sensing,1,385,394,shaping,we see the year shaping up and as you
377,2021-05-07 09:00:00,NYSE,2021-Q1,ENB,sensing,2,1527,1536,sense,and you get a sense of that with the
377,2021-05-07 09:00:00,NYSE,2021-Q1,ENB,sensing,3,1593,1602,sense,it doesn t make sense especially from an environmental
377,2021-05-07 09:00:00,NYSE,2021-Q1,ENB,sensing,4,4134,4143,shaping,see the full year shaping up because of a
377,2021-05-07 09:00:00,NYSE,2021-Q1,ENB,sensing,5,7790,7799,shape,we re in good shape so far linda ezergailis
377,2021-05-07 09:00:00,NYSE,2021-Q1,ENB,sensing,6,8545,8554,sense,trying to get a sense of how much other
377,2021-05-07 09:00:00,NYSE,2021-Q1,ENB,sensing,7,9602,9611,sense,does it makes perfect sense just trying to think
377,2021-05-07 09:00:00,NYSE,2021-Q1,ENB,sensing,8,9941,9950,sense,you think it makes sense to seek financial assistance
377,2021-05-07 09:00:00,NYSE,2021-Q1,ENB,seizing,1,1859,1868,invested,us to billion of invested investable capacity annually so
377,2021-05-07 09:00:00,NYSE,2021-Q1,ENB,seizing,2,7110,7119,invest,term how you might invest in connectivity and other
377,2021-05-07 09:00:00,NYSE,2021-Q1,ENB,seizing,3,9093,9102,invest,where one needs to invest but at the same
377,2021-05-07 09:00:00,NYSE,2021-Q1,ENB,seizing,4,9169,9178,investing,to be something like investing even further with next
378,2021-05-11 08:00:00,NYSE,2021-Q1,IGT,sensing,1,3822,3831,sense,point it may make sense for us to consider
378,2021-05-11 08:00:00,NYSE,2021-Q1,IGT,seizing,1,1373,1382,investing,new jurisdictions we are investing to support this growth
378,2021-05-11 08:00:00,NYSE,2021-Q1,IGT,seizing,2,1497,1506,investing,into our commitment to investing in three main objectives
379,2020-08-07 10:00:00,NYSE,2020-Q2,UFS,sensing,1,3897,3906,sense,might make the most sense for a next stage
379,2020-08-07 10:00:00,NYSE,2020-Q2,UFS,sensing,2,4717,4726,sense,wanted to get a sense of how intertwined the
379,2020-08-07 10:00:00,NYSE,2020-Q2,UFS,sensing,3,4783,4792,sense,your portfolio that makes sense to be lumped into
379,2020-08-07 10:00:00,NYSE,2020-Q2,UFS,sensing,4,7684,7693,sense,that out getting a sense of how much of
379,2020-08-07 10:00:00,NYSE,2020-Q2,UFS,sensing,5,8034,8043,sense,perfect world that makes sense we don t live
379,2020-08-07 10:00:00,NYSE,2020-Q2,UFS,sensing,6,8734,8743,shape,be in very good shape and let s not
379,2020-08-07 10:00:00,NYSE,2020-Q2,UFS,sensing,7,8758,8767,shape,we re in good shape there steve chercover d
379,2020-08-07 10:00:00,NYSE,2020-Q2,UFS,sensing,8,8809,8818,sense,the end here any sense what the cash costs
379,2020-08-07 10:00:00,NYSE,2020-Q2,UFS,sensing,9,8988,8997,sense,okay and then any sense what your operating rate
379,2020-08-07 10:00:00,NYSE,2020-Q2,UFS,sensing,10,9404,9413,sense,you give us some sense of what that might
379,2020-08-07 10:00:00,NYSE,2020-Q2,UFS,seizing,1,2456,2465,invested,flow and return on invested capital and enables our
379,2020-08-07 10:00:00,NYSE,2020-Q2,UFS,seizing,2,5641,5650,invest,approach has been to invest in the business to
380,2021-01-21 16:30:00,NASDAQ,2020-Q4,ISRG,sensing,1,8840,8849,sense,it is bundling makes sense if the underlying products
380,2021-01-21 16:30:00,NASDAQ,2020-Q4,ISRG,seizing,1,503,512,invest,hospital customers continue to invest in building their intuitive
380,2021-01-21 16:30:00,NASDAQ,2020-Q4,ISRG,seizing,2,1569,1578,investing,instruments we ve been investing capital in our manufacturing
380,2021-01-21 16:30:00,NASDAQ,2020-Q4,ISRG,seizing,3,1627,1645,invest,us greater ability to invest in higher volume processes we ll continue to invest in this cycle going
380,2021-01-21 16:30:00,NASDAQ,2020-Q4,ISRG,seizing,4,1678,1687,invest,result we continue to invest in our innovation engines
380,2021-01-21 16:30:00,NASDAQ,2020-Q4,ISRG,seizing,5,3299,3308,invest,we ll continue to invest in the business for
380,2021-01-21 16:30:00,NASDAQ,2020-Q4,ISRG,seizing,6,3315,3324,invest,covid we continue to invest in product development activities
380,2021-01-21 16:30:00,NASDAQ,2020-Q4,ISRG,seizing,7,4632,4641,invest,absorbed some folks will invest ahead getting ready and
380,2021-01-21 16:30:00,NASDAQ,2020-Q4,ISRG,seizing,8,5499,5508,invest,want to continue to invest in the r d
381,2021-02-18 17:00:00,NASDAQ,2020-Q4,TTD,sensing,1,718,727,shape,campaigns in some way shape or form they continued
381,2021-02-18 17:00:00,NASDAQ,2020-Q4,TTD,sensing,2,978,987,sense,to return to some sense of normal more broadly
381,2021-02-18 17:00:00,NASDAQ,2020-Q4,TTD,sensing,3,1010,1019,sense,to give you a sense of these trends and
381,2021-02-18 17:00:00,NASDAQ,2020-Q4,TTD,sensing,4,8238,8247,sense,walmart it makes absolute sense for other companies like
381,2021-02-18 17:00:00,NASDAQ,2020-Q4,TTD,sensing,5,10375,10384,sense,and scale in the sense that we are pointed
381,2021-02-18 17:00:00,NASDAQ,2020-Q4,TTD,seizing,1,678,687,investing,all while we are investing in our future as
381,2021-02-18 17:00:00,NASDAQ,2020-Q4,TTD,seizing,2,727,736,invest,to shift spend and invest in ad opportunities that
381,2021-02-18 17:00:00,NASDAQ,2020-Q4,TTD,seizing,3,4231,4240,invest,why we continue to invest in our platform with
381,2021-02-18 17:00:00,NASDAQ,2020-Q4,TTD,seizing,4,4305,4314,investing,sign that we are investing in the right way
381,2021-02-18 17:00:00,NASDAQ,2020-Q4,TTD,seizing,5,5487,5496,invest,as we continue to invest in the long term
381,2021-02-18 17:00:00,NASDAQ,2020-Q4,TTD,seizing,6,5588,5597,invest,our platform while we invest in and scale our
381,2021-02-18 17:00:00,NASDAQ,2020-Q4,TTD,seizing,7,6768,6777,invest,lots of areas to invest in i mentioned a
381,2021-02-18 17:00:00,NASDAQ,2020-Q4,TTD,seizing,8,6853,6862,invest,target we want to invest in areas that drive
382,,NASDAQ,2018-Q2,DISC.A,sensing,1,9034,9043,sense,disadvantage which makes no sense and so by putting
382,,NASDAQ,2018-Q2,DISC.A,sensing,2,10730,10739,sense,you give us a sense of the consolidated u
382,,NASDAQ,2018-Q2,DISC.A,transforming,1,2547,2556,transforming,realize the benefits of transforming the new discovery with
383,2021-03-10 08:30:00,NYSE,2021-Q1,ABM,sensing,1,6346,6355,sense,month enhancedclean contracts my sense is a lot of
383,2021-03-10 08:30:00,NYSE,2021-Q1,ABM,sensing,2,8376,8385,sense,sort of get a sense of whether we begin
383,2021-03-10 08:30:00,NYSE,2021-Q1,ABM,sensing,3,8442,8451,sense,wanted to get a sense of that survey work
383,2021-03-10 08:30:00,NYSE,2021-Q1,ABM,sensing,4,8463,8472,sense,do you get a sense that maybe some of
383,2021-03-10 08:30:00,NYSE,2021-Q1,ABM,seizing,1,1472,1481,investing,are going to be investing in our clients team
383,2021-03-10 08:30:00,NYSE,2021-Q1,ABM,seizing,2,2022,2031,invest,with great opportunity to invest in our future growth
383,2021-03-10 08:30:00,NYSE,2021-Q1,ABM,seizing,3,5935,5944,investing,to be thinking about investing into our business over
383,2021-03-10 08:30:00,NYSE,2021-Q1,ABM,seizing,4,6965,6974,invest,re moving aggressively to invest in and to exploit
383,2021-03-10 08:30:00,NYSE,2021-Q1,ABM,seizing,5,7153,7162,investing,this work stream and investing into the business organically
383,2021-03-10 08:30:00,NYSE,2021-Q1,ABM,seizing,6,7189,7198,investing,re going to be investing in our tech right
383,2021-03-10 08:30:00,NYSE,2021-Q1,ABM,seizing,7,7342,7357,invest,about our ability to invest in our people and to invest in technology and again
383,2021-03-10 08:30:00,NYSE,2021-Q1,ABM,seizing,8,8016,8025,investing,that we currently are investing against our future it
384,2021-05-05 08:30:00,NASDAQ,2021-Q1,RDWR,seizing,1,742,751,invest,and they chose to invest in radware s web
384,2021-05-05 08:30:00,NASDAQ,2021-Q1,RDWR,seizing,2,1216,1225,invest,few we continue to invest in these strategic relationships
384,2021-05-05 08:30:00,NASDAQ,2021-Q1,RDWR,seizing,3,1826,1835,invested,of our cash is invested in highly liquid u
385,2021-02-25 09:00:00,NYSE,2020-Q4,BUD,sensing,1,8372,8381,sense,one follow up any sense of timing you could
385,2021-02-25 09:00:00,NYSE,2020-Q4,BUD,sensing,2,9892,9901,sense,give us maybe a sense of your balance now
385,2021-02-25 09:00:00,NYSE,2020-Q4,BUD,seizing,1,482,491,invest,disruption while continuing to invest behind our strategy most
385,2021-02-25 09:00:00,NYSE,2020-Q4,BUD,seizing,2,3791,3800,invest,of cash is to invest behind our brands and
385,2021-02-25 09:00:00,NYSE,2020-Q4,BUD,seizing,3,3922,3931,invest,be working quickly to invest as the environment began
385,2021-02-25 09:00:00,NYSE,2020-Q4,BUD,seizing,4,10027,10036,investing,that we have been investing for now five years
385,2021-02-25 09:00:00,NYSE,2020-Q4,BUD,seizing,5,10482,10491,investing,that we ve been investing since ze was founded
385,2021-02-25 09:00:00,NYSE,2020-Q4,BUD,seizing,6,10587,10596,invested,the momentum and we invested accordingly and the guidance
385,2021-02-25 09:00:00,NYSE,2020-Q4,BUD,seizing,7,10612,10621,investing,fuel the momentum and investing behind the growth so
385,2021-02-25 09:00:00,NYSE,2020-Q4,BUD,transforming,1,404,413,revamped,beers enhanced by a revamped innovation process we re
385,2021-02-25 09:00:00,NYSE,2020-Q4,BUD,transforming,2,2535,2544,transform,for bees to truly transform our customer relationships and
385,2021-02-25 09:00:00,NYSE,2020-Q4,BUD,transforming,3,6880,6889,redesigned,s announcement of a redesigned distribution partnership between heineken
385,2021-02-25 09:00:00,NYSE,2020-Q4,BUD,transforming,4,10166,10175,transform,this is going to transform our business and our
385,2021-02-25 09:00:00,NYSE,2020-Q4,BUD,transforming,5,10719,10728,revamped,in class brand portfolio revamped innovation process digital platforms
387,2021-02-10 16:30:00,NYSE,2020-Q4,UBER,sensing,1,8634,8643,shape,we are in great shape and in some markets
387,2021-02-10 16:30:00,NYSE,2020-Q4,UBER,sensing,2,9658,9667,sense,didn t think made sense from a long term
387,2021-02-10 16:30:00,NYSE,2020-Q4,UBER,seizing,1,554,563,invest,year while continuing to invest in long term initiatives
387,2021-02-10 16:30:00,NYSE,2020-Q4,UBER,seizing,2,861,870,investing,to reposition this means investing in new mobility products
387,2021-02-10 16:30:00,NYSE,2020-Q4,UBER,seizing,3,1214,1223,invest,in we expect to invest million to million in
387,2021-02-10 16:30:00,NYSE,2020-Q4,UBER,seizing,4,1451,1460,investing,for our mobility business investing for growth and delivery
387,2021-02-10 16:30:00,NYSE,2020-Q4,UBER,seizing,5,4107,4116,invest,that can afford to invest in those areas and
387,2021-02-10 16:30:00,NYSE,2020-Q4,UBER,seizing,6,4248,4257,invest,of that profitability and invest back in so it
387,2021-02-10 16:30:00,NYSE,2020-Q4,UBER,seizing,7,4426,4443,investing,side as opposed to investing more heavily on the supply side and investing a deepening on the
387,2021-02-10 16:30:00,NYSE,2020-Q4,UBER,seizing,8,5287,5296,invest,continue to lean and invest and grow you are
387,2021-02-10 16:30:00,NYSE,2020-Q4,UBER,seizing,9,5557,5566,invest,we will continue to invest for growth dara khosrowshahi
387,2021-02-10 16:30:00,NYSE,2020-Q4,UBER,seizing,10,5813,5822,invest,the technology that we invest in to make sure
387,2021-02-10 16:30:00,NYSE,2020-Q4,UBER,seizing,11,6100,6109,invested,platform and we ve invested in i think we
387,2021-02-10 16:30:00,NYSE,2020-Q4,UBER,seizing,12,8297,8306,investing,economics scaling and really investing and building in the
387,2021-02-10 16:30:00,NYSE,2020-Q4,UBER,transforming,1,640,649,redesigned,business for instance our redesigned uber super app already
388,2020-01-23 10:00:00,NYSE,2020-Q1,HZO,sensing,1,2956,2965,sense,to the year my sense is you may revisit
388,2020-01-23 10:00:00,NYSE,2020-Q1,HZO,sensing,2,4170,4179,sense,you give us a sense of maybe how much
390,2021-05-05 10:00:00,NYSE,2021-Q1,STAG,sensing,1,2790,2799,sense,you give us a sense where the in place
390,2021-05-05 10:00:00,NYSE,2021-Q1,STAG,sensing,2,4848,4857,sense,year what s your sense about fallout is there
390,2021-05-05 10:00:00,NYSE,2021-Q1,STAG,seizing,1,628,637,invested,run we have continually invested in the platform broadened
392,2021-05-04 10:00:00,NYSE,2021-Q1,CLDT,sensing,1,3535,3544,sense,we believe this made sense and will allow us
392,2021-05-04 10:00:00,NYSE,2021-Q1,CLDT,sensing,2,3657,3666,shape,is now in great shape since we no longer
392,2021-05-04 10:00:00,NYSE,2021-Q1,CLDT,sensing,3,4854,4863,shape,in very very good shape anyway so by having
392,2021-05-04 10:00:00,NYSE,2021-Q1,CLDT,sensing,4,4878,4887,shape,the pandemic in good shape we have allocated some
392,2021-05-04 10:00:00,NYSE,2021-Q1,CLDT,sensing,5,5547,5556,sense,trying to get a sense of how much variance
392,2021-05-04 10:00:00,NYSE,2021-Q1,CLDT,sensing,6,6518,6527,sense,not a lot of sense so we ll be
392,2021-05-04 10:00:00,NYSE,2021-Q1,CLDT,seizing,1,1383,1392,investing,every hotel gm and investing of their time to
392,2021-05-04 10:00:00,NYSE,2021-Q1,CLDT,seizing,2,2788,2797,invested,about million and we invested approximately million in our
393,2019-10-29 17:00:00,NASDAQ,2019-Q3,MAT,sensing,1,8949,8958,sense,does it still make sense now to not own
393,2019-10-29 17:00:00,NASDAQ,2019-Q3,MAT,sensing,2,8990,8999,sense,cases it would make sense to retain ownership of
393,2019-10-29 17:00:00,NASDAQ,2019-Q3,MAT,transforming,1,433,442,transform,on our strategy to transform mattel into an ip
393,2019-10-29 17:00:00,NASDAQ,2019-Q3,MAT,transforming,2,2023,2032,transforming,and consistent progress in transforming mattel into an ip
394,2021-02-18 04:30:00,NYSE,2020-Q4,BCS,sensing,1,3140,3149,shape,banking franchise in good shape and are optimistic about
394,2021-02-18 04:30:00,NYSE,2020-Q4,BCS,sensing,2,4835,4844,sense,re right in the sense that spending i think
394,2021-02-18 04:30:00,NYSE,2020-Q4,BCS,sensing,3,4853,4862,sense,u s in the sense that we start benefiting
394,2021-02-18 04:30:00,NYSE,2020-Q4,BCS,sensing,4,5398,5407,sense,you give us a sense of the trajectory of
394,2021-02-18 04:30:00,NYSE,2020-Q4,BCS,sensing,5,7395,7404,sense,it gives you a sense of the sensitivity it
394,2021-02-18 04:30:00,NYSE,2020-Q4,BCS,sensing,6,7488,7497,sense,you ll get a sense of the all in
394,2021-02-18 04:30:00,NYSE,2020-Q4,BCS,sensing,7,9539,9548,sense,just to get a sense of tushar morzaria group
394,2021-02-18 04:30:00,NYSE,2020-Q4,BCS,sensing,8,10832,10841,sense,that doesn t make sense but that s how
394,2021-02-18 04:30:00,NYSE,2020-Q4,BCS,sensing,9,10851,10860,shape,the right sort of shape of the company we
394,2021-02-18 04:30:00,NYSE,2020-Q4,BCS,sensing,10,13005,13014,shape,do you see the shape of the group in
394,2021-02-18 04:30:00,NYSE,2020-Q4,BCS,sensing,11,13919,13928,sense,us to get a sense of the currency effect
394,2021-02-18 04:30:00,NYSE,2020-Q4,BCS,seizing,1,912,921,invest,response we continue to invest in our technology platform
394,2021-02-18 04:30:00,NYSE,2020-Q4,BCS,seizing,2,1215,1224,investing,financing by and directly investing gbp million in sustainability
394,2021-02-18 04:30:00,NYSE,2020-Q4,BCS,seizing,3,2108,2117,investing,drive cost efficiencies while investing in the franchises where
394,2021-02-18 04:30:00,NYSE,2020-Q4,BCS,seizing,4,4106,4115,invest,costs and continue to invest in the future of
394,2021-02-18 04:30:00,NYSE,2020-Q4,BCS,seizing,5,7768,7777,invest,of all continue to invest in some of our
394,2021-02-18 04:30:00,NYSE,2020-Q4,BCS,seizing,6,7843,7852,invest,year to continue to invest i haven t given
394,2021-02-18 04:30:00,NYSE,2020-Q4,BCS,seizing,7,10581,10590,invest,that we continue to invest and cost income ratio
394,2021-02-18 04:30:00,NYSE,2020-Q4,BCS,seizing,8,10771,10780,invest,us to continue to invest and focus on the
395,2021-01-26 09:00:00,NYSE,2020-Q4,ADM,sensing,1,7390,7399,sense,by covid in the sense that there are some
395,2021-01-26 09:00:00,NYSE,2020-Q4,ADM,sensing,2,9141,9150,sense,from brazil in that sense benjamin theurer barclays capital
395,2021-01-26 09:00:00,NYSE,2020-Q4,ADM,seizing,1,5318,5327,investing,to grow we are investing in that business and
395,2021-01-26 09:00:00,NYSE,2020-Q4,ADM,seizing,2,7477,7486,investing,a business that is investing in growth but it
395,2021-01-26 09:00:00,NYSE,2020-Q4,ADM,seizing,3,8016,8025,invest,so we continue to invest in science in customer
396,2022-08-01 16:30:00,NYSE,2022-Q2,ANET,sensing,1,3385,3394,sense,kind of get a sense for what you re
396,2022-08-01 16:30:00,NYSE,2022-Q2,ANET,sensing,2,3880,3889,sense,a time that makes sense but the question i
396,2022-08-01 16:30:00,NYSE,2022-Q2,ANET,sensing,3,5750,5759,sense,to give us a sense of kind of the
396,2022-08-01 16:30:00,NYSE,2022-Q2,ANET,sensing,4,8955,8968,sense,in that area any sense for magnitude any sense for timing in terms
396,2022-08-01 16:30:00,NYSE,2022-Q2,ANET,sensing,5,9057,9066,sense,analyst got it any sense of magnitude on the
399,2021-04-22 17:00:00,NASDAQ,2021-Q2,CLFD,seizing,1,588,597,invest,future quarters as we invest in additional resources within
399,2021-04-22 17:00:00,NASDAQ,2021-Q2,CLFD,seizing,2,2044,2053,investing,the country we began investing early last fall in
400,2021-04-29 13:00:00,NYSE,2021-Q1,SO,sensing,1,7158,7167,sense,order to in a sense start of hot functional
400,2021-04-29 13:00:00,NYSE,2021-Q1,SO,sensing,2,8634,8643,sense,do you have any sense of vaccination rates among
400,2021-04-29 13:00:00,NYSE,2021-Q1,SO,seizing,1,555,564,invest,consider plan for and invest in infrastructure needed to
400,2021-04-29 13:00:00,NYSE,2021-Q1,SO,transforming,1,12517,12526,transform,but the opportunity to transform your key and obviously
400,2021-04-29 13:00:00,NYSE,2021-Q1,SO,transforming,2,12663,12672,reconfiguring,secret sauce here is reconfiguring the portfolio absent coal
401,2020-05-27 21:00:00,NYSE,2020-Q1,BEST,seizing,1,920,929,investing,we plan to continue investing in automation and applying
401,2020-05-27 21:00:00,NYSE,2020-Q1,BEST,seizing,2,1834,1843,investing,on capital allocation and investing we have fortified our
401,2020-05-27 21:00:00,NYSE,2020-Q1,BEST,seizing,3,2582,2591,invest,as we continue to invest in technology please note
401,2020-05-27 21:00:00,NYSE,2020-Q1,BEST,seizing,4,2604,2613,invest,sg a expense and invest in r d to
401,2020-05-27 21:00:00,NYSE,2020-Q1,BEST,seizing,5,3459,3468,investing,in terms of capex investing in automation is still
401,2020-05-27 21:00:00,NYSE,2020-Q1,BEST,seizing,6,3479,3488,invest,our plan is to invest rmb billion in capex
402,2021-07-29 08:00:00,NYSE,2021-Q2,TPX,sensing,1,3693,3702,shape,model is in fantastic shape but could you guys
402,2021-07-29 08:00:00,NYSE,2021-Q2,TPX,sensing,2,4053,4062,shape,springs are in great shape in fact there is
402,2021-07-29 08:00:00,NYSE,2021-Q2,TPX,sensing,3,6581,6590,shape,development are in great shape it is tracking to
402,2021-07-29 08:00:00,NYSE,2021-Q2,TPX,sensing,4,7183,7192,sense,just give us a sense of where they are
402,2021-07-29 08:00:00,NYSE,2021-Q2,TPX,sensing,5,7313,7322,sense,components if that makes sense to you but as
402,2021-07-29 08:00:00,NYSE,2021-Q2,TPX,seizing,1,2586,2595,invested,last year consumers have invested a slightly larger portion
402,2021-07-29 08:00:00,NYSE,2021-Q2,TPX,seizing,2,2671,2680,invest,are more willing to invest in a high quality
402,2021-07-29 08:00:00,NYSE,2021-Q2,TPX,seizing,3,5551,5560,invest,we have got to invest somewhere whether that be
402,2021-07-29 08:00:00,NYSE,2021-Q2,TPX,seizing,4,5579,5588,invested,certainly got to be invested in somewhere because our
402,2021-07-29 08:00:00,NYSE,2021-Q2,TPX,transforming,1,6868,6877,revamping,seems like they are revamping their own marketing campaigns
403,2021-02-24 16:30:00,NASDAQ,2020-Q4,ADPT,sensing,1,623,632,sense,future indications the immune sense study for t detect
403,2021-02-24 16:30:00,NASDAQ,2020-Q4,ADPT,sensing,2,1690,1699,sense,remainder of the immune sense lyme study during this
403,2021-02-24 16:30:00,NASDAQ,2020-Q4,ADPT,sensing,3,6980,6989,sense,trying to get a sense of what that could
403,2021-02-24 16:30:00,NASDAQ,2020-Q4,ADPT,seizing,1,3769,3778,invested,year over year we invested in additional lab personnel
404,2020-05-09 21:00:00,NYSE,2020-Q1,ING,sensing,1,217,226,shape,re all in good shape healthy in light of
404,2020-05-09 21:00:00,NYSE,2020-Q1,ING,sensing,2,6820,6829,sense,just give us a sense on what initiatives you
404,2020-05-09 21:00:00,NYSE,2020-Q1,ING,sensing,3,7675,7684,sense,or partially in that sense also please note that
404,2020-05-09 21:00:00,NYSE,2020-Q1,ING,sensing,4,11075,11084,sense,you give us a sense of what you think
404,2020-05-09 21:00:00,NYSE,2020-Q1,ING,sensing,5,13759,13768,sense,could we have a sense of magnitude do you
404,2020-05-09 21:00:00,NYSE,2020-Q1,ING,sensing,6,16329,16338,sense,just give us a sense of how you expect
404,2020-05-09 21:00:00,NYSE,2020-Q1,ING,sensing,7,16364,16373,sense,give a bit of sense of where you re
404,2020-05-09 21:00:00,NYSE,2020-Q1,ING,seizing,1,3633,3642,invest,where we want to invest so we will continue
404,2020-05-09 21:00:00,NYSE,2020-Q1,ING,seizing,2,5902,5911,invest,using those savings to invest in bonds and we
404,2020-05-09 21:00:00,NYSE,2020-Q1,ING,seizing,3,6177,6186,investing,investment fund that is investing in bonds it s
404,2020-05-09 21:00:00,NYSE,2020-Q1,ING,seizing,4,9449,9458,investing,decreases because nobody is investing so you would expect
404,2020-05-09 21:00:00,NYSE,2020-Q1,ING,seizing,5,11425,11434,invested,one that we have invested in in many more
405,2019-07-23 08:30:00,NYSE,2019-Q2,ATI,sensing,1,4362,4371,sense,trying to get a sense of the speech overlap
405,2019-07-23 08:30:00,NYSE,2019-Q2,ATI,sensing,2,5954,5963,sense,trying to get a sense of profitability of the
406,2020-04-30 17:00:00,NASDAQ,2020-Q2,AAPL,seizing,1,1919,1928,investing,by doubling down and investing in the next generation
406,2020-04-30 17:00:00,NASDAQ,2020-Q2,AAPL,seizing,2,3917,3926,invest,unchanged we continue to invest confidently in our future
406,2020-04-30 17:00:00,NASDAQ,2020-Q2,AAPL,seizing,3,4092,4101,invest,we have continued to invest in the business and
406,2020-04-30 17:00:00,NASDAQ,2020-Q2,AAPL,seizing,4,4112,4121,investing,what we do best investing in our product and
406,2020-04-30 17:00:00,NASDAQ,2020-Q2,AAPL,seizing,5,4812,4821,invest,we will continue to invest in our pipeline we
406,2020-04-30 17:00:00,NASDAQ,2020-Q2,AAPL,seizing,6,4832,4841,invest,we will continue to invest there obviously we are
406,2020-04-30 17:00:00,NASDAQ,2020-Q2,AAPL,seizing,7,4907,4916,invest,need to continue to invest during difficult circumstances and
406,2020-04-30 17:00:00,NASDAQ,2020-Q2,AAPL,seizing,8,5023,5032,investing,apple pull back from investing and you as a
407,2022-07-27 16:30:00,NYSE,2022-Q2,NCR,seizing,1,925,934,invest,solution and continued to invest in our direct distribution
407,2022-07-27 16:30:00,NYSE,2022-Q2,NCR,seizing,2,1864,1873,invested,working capital we have invested roughly million in working
407,2022-07-27 16:30:00,NYSE,2022-Q2,NCR,seizing,3,2893,2902,invested,on the street and invested in sales and marketing
407,2022-07-27 16:30:00,NYSE,2022-Q2,NCR,seizing,4,3055,3064,invested,inventory both increased we invested in working capital to
407,2022-07-27 16:30:00,NYSE,2022-Q2,NCR,transforming,1,498,507,transform,and continue to successfully transform ncr into a software
407,2022-07-27 16:30:00,NYSE,2022-Q2,NCR,transforming,2,3251,3260,transforming,made significant strategic progress transforming ncr to a software
408,2021-05-26 20:00:00,NASDAQ,2021-Q1,VNET,sensing,1,5842,5855,sense,see whether it makes sense and make no sense and so forth sometime
408,2021-05-26 20:00:00,NASDAQ,2021-Q1,VNET,transforming,1,621,630,transform,market trends and to transform headwinds into tailwinds in
408,2021-05-26 20:00:00,NASDAQ,2021-Q1,VNET,transforming,2,2804,2813,transform,have great examples basically transform and upgrade the retail
409,2020-07-22 18:00:00,NASDAQ,2020-Q2,TSLA,sensing,1,627,636,sense,program would also make sense in california so i
409,2020-07-22 18:00:00,NASDAQ,2020-Q2,TSLA,sensing,2,4505,4514,sense,projects where it makes sense and there s a
409,2020-07-22 18:00:00,NASDAQ,2020-Q2,TSLA,sensing,3,5220,5229,sense,it didn t make sense up to now to
410,2021-05-05 17:30:00,NASDAQ,2021-Q1,MELI,sensing,1,6890,6899,sense,check my sort of sense was always get usability
410,2021-05-05 17:30:00,NASDAQ,2021-Q1,MELI,seizing,1,2124,2133,invested,over new users with invested funds in their wallet
410,2021-05-05 17:30:00,NASDAQ,2021-Q1,MELI,seizing,2,3180,3189,invest,operate we decided to invest less aggressively on the
410,2021-05-05 17:30:00,NASDAQ,2021-Q1,MELI,seizing,3,4328,4337,investing,right place to be investing long term and so
410,2021-05-05 17:30:00,NASDAQ,2021-Q1,MELI,seizing,4,4362,4371,invest,we can continue to invest aggressively in growing the
410,2021-05-05 17:30:00,NASDAQ,2021-Q1,MELI,seizing,5,5330,5339,invest,bit boosted because you invest less in marketing and
410,2021-05-05 17:30:00,NASDAQ,2021-Q1,MELI,seizing,6,7196,7205,investing,you are not also investing and focusing in cross
410,2021-05-05 17:30:00,NASDAQ,2021-Q1,MELI,seizing,7,7645,7654,investing,say that we are investing in this business now
411,2021-05-07 08:30:00,NASDAQ,2021-Q1,OCGN,sensing,1,2129,2138,sense,do you have a sense of when you might
411,2021-05-07 08:30:00,NASDAQ,2021-Q1,OCGN,seizing,1,1920,1929,invest,for potential assets to invest license or partner we
412,2021-02-25 08:30:00,NYSE,2021-Q1,GEF,sensing,1,2018,2027,sense,you give us a sense for the maintenance downtime
412,2021-02-25 08:30:00,NYSE,2021-Q1,GEF,sensing,2,3079,3088,sense,helpful and that makes sense and just as a
412,2021-02-25 08:30:00,NYSE,2021-Q1,GEF,sensing,3,3115,3124,sense,you give us a sense as to how volumes
412,2021-02-25 08:30:00,NYSE,2021-Q1,GEF,sensing,4,3922,3931,sense,can give us a sense you gave us obviously
412,2021-02-25 08:30:00,NYSE,2021-Q1,GEF,sensing,5,4012,4021,sense,just give us a sense from a risk mitigation
413,2021-03-25 11:00:00,NYSE,2020-Q4,REX,sensing,1,2234,2243,sense,makes a lot of sense stuart maybe a question
413,2021-03-25 11:00:00,NYSE,2020-Q4,REX,sensing,2,2506,2515,shaping,and how they re shaping up this year now
413,2021-03-25 11:00:00,NYSE,2020-Q4,REX,sensing,3,2544,2553,shape,you re seeing that shape out i know it
413,2021-03-25 11:00:00,NYSE,2020-Q4,REX,sensing,4,2562,2571,sense,you can get a sense of that yet but
413,2021-03-25 11:00:00,NYSE,2020-Q4,REX,seizing,1,645,654,investing,are continuing to explore investing in carbon and carbon
414,2020-05-05 08:00:00,NYSE,2020-Q1,FCAU,sensing,1,10263,10278,shape,talk about the v shape the u shape the indecipherable shape i think at the
414,2020-05-05 08:00:00,NYSE,2020-Q1,FCAU,sensing,2,11401,11410,shape,we are learning will shape our business into the
414,2020-05-05 08:00:00,NYSE,2020-Q1,FCAU,seizing,1,2767,2776,invest,our expectations as we invest in a number of
414,2020-05-05 08:00:00,NYSE,2020-Q1,FCAU,transforming,1,1559,1568,reconfigured,health experts we ve reconfigured common areas offices and
414,2020-05-05 08:00:00,NYSE,2020-Q1,FCAU,transforming,2,3721,3730,reconfigured,other work areas and reconfigured certain workstations as required
414,2020-05-05 08:00:00,NYSE,2020-Q1,FCAU,transforming,3,8202,8211,revamping,weeks as production is revamping can you just share
415,2021-10-14 09:00:00,NYSE,2021-Q3,BAC,sensing,1,1043,1052,sense,chart gives you a sense of the daily progression
415,2021-10-14 09:00:00,NYSE,2021-Q3,BAC,sensing,2,8869,8878,sense,that gives you a sense of maybe the opportunity
415,2021-10-14 09:00:00,NYSE,2021-Q3,BAC,sensing,3,8946,8955,sense,trying to get a sense of how you think
415,2021-10-14 09:00:00,NYSE,2021-Q3,BAC,seizing,1,545,554,invested,of asset sensitivity we invested in our core deposits
415,2021-10-14 09:00:00,NYSE,2021-Q3,BAC,seizing,2,1176,1185,invested,might note we ve invested in hundreds of relationship
415,2021-10-14 09:00:00,NYSE,2021-Q3,BAC,seizing,3,2788,2797,investing,deposit growth and related investing of liquidity as well
415,2021-10-14 09:00:00,NYSE,2021-Q3,BAC,seizing,4,3606,3615,investing,is that years of investing and operating under responsible
415,2021-10-14 09:00:00,NYSE,2021-Q3,BAC,seizing,5,3641,3650,investing,and we never stopped investing and while this is
415,2021-10-14 09:00:00,NYSE,2021-Q3,BAC,seizing,6,4507,4516,investing,know we have been investing in our investment banking
415,2021-10-14 09:00:00,NYSE,2021-Q3,BAC,seizing,7,4613,4622,invest,as we continue to invest we continue our investments
415,2021-10-14 09:00:00,NYSE,2021-Q3,BAC,seizing,8,4659,4668,invest,have the capabilities to invest in new technologies that
415,2021-10-14 09:00:00,NYSE,2021-Q3,BAC,seizing,9,5118,5127,invest,leverage as you still invest so maybe you can
415,2021-10-14 09:00:00,NYSE,2021-Q3,BAC,seizing,10,5142,5151,invest,coming years as you invest yet eke out further
415,2021-10-14 09:00:00,NYSE,2021-Q3,BAC,seizing,11,8408,8417,invest,we re going to invest in that and then
415,2021-10-14 09:00:00,NYSE,2021-Q3,BAC,seizing,12,8447,8456,invest,and we continue to invest at real time payments
416,,NYSE,2021-Q3,XPO,sensing,1,5397,5406,sense,wanted to get a sense of what you think
416,,NYSE,2021-Q3,XPO,sensing,2,5448,5457,sense,want to get a sense of maybe where you
416,,NYSE,2021-Q3,XPO,sensing,3,5913,5922,sense,you give us a sense if you can see
416,,NYSE,2021-Q3,XPO,sensing,4,5961,5970,sense,want to get a sense of do you think
416,,NYSE,2021-Q3,XPO,sensing,5,8388,8397,sense,makes a lot of sense given the fundamentals of
416,,NYSE,2021-Q3,XPO,sensing,6,9287,9296,sense,wadewitz okay that makes sense can you offer any
416,,NYSE,2021-Q3,XPO,seizing,1,544,553,invested,has superlative return on invested capital making it an
416,,NYSE,2021-Q3,XPO,seizing,2,1021,1030,invested,total company return on invested capital was with the
416,,NYSE,2021-Q3,XPO,seizing,3,2691,2700,investing,starting in we re investing to significantly increase our
416,,NYSE,2021-Q3,XPO,seizing,4,3221,3230,invested,a high return on invested capital and we re
416,,NYSE,2021-Q3,XPO,seizing,5,4089,4098,investing,school and we re investing more into these driver
416,,NYSE,2021-Q3,XPO,seizing,6,4208,4217,investing,week and we re investing more capex adding more
416,,NYSE,2021-Q3,XPO,seizing,7,4273,4282,investing,metro markets and then investing in the physical footprint
416,,NYSE,2021-Q3,XPO,seizing,8,5188,5197,investing,you ll see us investing more in capex and
416,,NYSE,2021-Q3,XPO,seizing,9,8719,8728,invest,we ve got to invest in it so that
417,2021-02-03 08:30:00,NYSE,2020-Q4,APO,sensing,1,3739,3748,sense,is large in a sense that we talk about
417,2021-02-03 08:30:00,NYSE,2020-Q4,APO,sensing,2,5076,5085,sense,nothing but in some sense it actually accomplished everything
417,2021-02-03 08:30:00,NYSE,2020-Q4,APO,sensing,3,6918,6927,shape,comes out in pristine shape both of those entities
417,2021-02-03 08:30:00,NYSE,2020-Q4,APO,seizing,1,1450,1459,investing,for apollo style of investing to really stand out
417,2021-02-03 08:30:00,NYSE,2020-Q4,APO,seizing,2,1988,1997,invested,platform resulted in billion invested this year on behalf
417,2021-02-03 08:30:00,NYSE,2020-Q4,APO,seizing,3,2323,2332,seizing,and believe strongly that seizing esg opportunities makes us
417,2021-02-03 08:30:00,NYSE,2020-Q4,APO,seizing,4,2682,2691,investing,growth in fees for investing the assets of our
417,2021-02-03 08:30:00,NYSE,2020-Q4,APO,seizing,5,3123,3132,invested,drive management fees when invested on performance moving on
417,2021-02-03 08:30:00,NYSE,2020-Q4,APO,seizing,6,3182,3191,invested,at a multiple of invested capital of times and
417,2021-02-03 08:30:00,NYSE,2020-Q4,APO,seizing,7,5568,5577,invest,it even harder to invest new investor dollars thanks
417,2021-02-03 08:30:00,NYSE,2020-Q4,APO,seizing,8,7412,7421,invest,fund ix continues to invest and as scott mentioned
417,2021-02-03 08:30:00,NYSE,2020-Q4,APO,seizing,9,7844,7853,invest,opportunities for us to invest around for us to
418,2021-01-27 08:00:00,NYSE,2020-Q4,TXT,sensing,1,4966,4975,sense,scott what s your sense on the support for
418,2021-01-27 08:00:00,NYSE,2020-Q4,TXT,sensing,2,7033,7042,sense,you give us a sense for how much annual
418,2021-01-27 08:00:00,NYSE,2020-Q4,TXT,sensing,3,9107,9116,sense,made a lot of sense but for the time
418,2021-01-27 08:00:00,NYSE,2020-Q4,TXT,seizing,1,924,933,invest,revenues while continuing to invest in future vertical lift
418,2021-01-27 08:00:00,NYSE,2020-Q4,TXT,seizing,2,8292,8301,invest,spend and where we invest and understand what the
418,2021-01-27 08:00:00,NYSE,2020-Q4,TXT,seizing,3,8385,8394,invest,of how much you invest and what the volume
418,2021-01-27 08:00:00,NYSE,2020-Q4,TXT,seizing,4,9241,9250,invest,has been largely to invest through primarily organic activity
419,2021-02-25 08:00:00,NASDAQ,2020-Q4,IDSY,sensing,1,1728,1737,sensing,critical activity of weight sensing to maximize revenue ensure
419,2021-02-25 08:00:00,NASDAQ,2020-Q4,IDSY,sensing,2,1749,1758,sensing,ws standing for way sensing telemetry platform is a
419,2021-02-25 08:00:00,NASDAQ,2020-Q4,IDSY,sensing,3,1864,1873,sensing,milestone in our way sensing initiative with american intermodal
419,2021-02-25 08:00:00,NASDAQ,2020-Q4,IDSY,seizing,1,3735,3744,investing,going to slightly start investing a little bit more
419,2021-02-25 08:00:00,NASDAQ,2020-Q4,IDSY,seizing,2,3768,3777,investing,are going to start investing a bit but again
419,2021-02-25 08:00:00,NASDAQ,2020-Q4,IDSY,seizing,3,5304,5313,invested,logistics segment which we invested heavily in the panhandle
420,2021-02-18 09:30:00,NYSE,2020-Q4,GEL,sensing,1,4704,4713,sense,you give us a sense of where you see
420,2021-02-18 09:30:00,NYSE,2020-Q4,GEL,sensing,2,4767,4776,sense,rail movements to make sense grant sims chief executive
420,2021-02-18 09:30:00,NYSE,2020-Q4,GEL,sensing,3,6002,6011,sense,extent that that makes sense and is accretive and
421,2020-04-23 08:00:00,NYSE,2020-Q1,DFS,sensing,1,759,768,sense,to give you a sense for how our card
421,2020-04-23 08:00:00,NYSE,2020-Q1,DFS,sensing,2,4864,4873,sense,we were doing made sense so you could expect
421,2020-04-23 08:00:00,NYSE,2020-Q1,DFS,sensing,3,6879,6888,shape,we re in great shape for the future so
421,2020-04-23 08:00:00,NYSE,2020-Q1,DFS,sensing,4,7388,7397,sense,just to get a sense as to how you
422,2021-02-09 08:00:00,NYSE,2020-Q4,IT,sensing,1,7627,7636,sense,companies and it makes sense to buy rather than
422,2021-02-09 08:00:00,NYSE,2020-Q4,IT,sensing,2,8300,8309,sense,can give us a sense for what the sales
422,2021-02-09 08:00:00,NYSE,2020-Q4,IT,seizing,1,3770,3779,investing,avoidance initiatives while still investing for future growth while
422,2021-02-09 08:00:00,NYSE,2020-Q4,IT,seizing,2,5499,5508,investing,to timeframe we were investing significantly both from operating
422,2021-02-09 08:00:00,NYSE,2020-Q4,IT,seizing,3,6272,6281,invested,it is we have invested in growing both our
423,2020-04-29 18:30:00,NASDAQ,2020-Q1,TSLA,sensing,1,2230,2239,sense,it will still make sense as to buy fsd
423,2020-04-29 18:30:00,NASDAQ,2020-Q1,TSLA,sensing,2,5132,5141,sense,storage does it make sense for tesla to buy
423,2020-04-29 18:30:00,NASDAQ,2020-Q1,TSLA,sensing,3,8482,8491,sense,that estimate would make sense and then i will
423,2020-04-29 18:30:00,NASDAQ,2020-Q1,TSLA,seizing,1,2878,2887,invest,expand rapidly continue to invest in the future and
423,2020-04-29 18:30:00,NASDAQ,2020-Q1,TSLA,seizing,2,6091,6100,invested,s high time we invested in infrastructure in this
423,2020-04-29 18:30:00,NASDAQ,2020-Q1,TSLA,seizing,3,6224,6233,investing,you want to be investing in steam engines or
423,2020-04-29 18:30:00,NASDAQ,2020-Q1,TSLA,seizing,4,7125,7134,investing,tremendous amount of experience investing at the highest levels
424,2021-02-02 16:30:00,NASDAQ,2020-Q4,TENB,sensing,1,5414,5423,shaped,not factoring any v shaped recovery or any changes
424,2021-02-02 16:30:00,NASDAQ,2020-Q4,TENB,sensing,2,7215,7224,sense,packaging that makes more sense or lowers the web
424,2021-02-02 16:30:00,NASDAQ,2020-Q4,TENB,sensing,3,7297,7306,sense,assessment that makes more sense can give more detailed
424,2021-02-02 16:30:00,NASDAQ,2020-Q4,TENB,sensing,4,7452,7461,sense,trying to get a sense of what you re
424,2021-02-02 16:30:00,NASDAQ,2020-Q4,TENB,seizing,1,1598,1607,invest,plan to continue to invest particularly in r d
424,2021-02-02 16:30:00,NASDAQ,2020-Q4,TENB,seizing,2,5707,5716,invest,is shifting back to invest to hopefully stabilize or
424,2021-02-02 16:30:00,NASDAQ,2020-Q4,TENB,seizing,3,6295,6304,invest,perfect but we do invest in our security and
424,2021-02-02 16:30:00,NASDAQ,2020-Q4,TENB,seizing,4,6925,6934,invest,gave us confidence to invest in the regular trading
424,2021-02-02 16:30:00,NASDAQ,2020-Q4,TENB,seizing,5,6967,6976,invest,us the confidence to invest more so certainly in
426,2022-08-10 02:00:00,NYSE,2023-Q1,HMC,sensing,1,2028,2037,sense,that we have to sense and do risk management
427,2019-10-31 11:00:00,NYSE,2019-Q3,BALL,sensing,1,4078,4096,"sense, shaping",and get a better sense of kind of how you re thinking about shaping up at this point
427,2019-10-31 11:00:00,NYSE,2019-Q3,BALL,sensing,2,6088,6097,sense,you have a rough sense for i guess just
427,2019-10-31 11:00:00,NYSE,2019-Q3,BALL,sensing,3,6342,6351,sense,of do you have sense for what the normal
427,2019-10-31 11:00:00,NYSE,2019-Q3,BALL,sensing,4,8821,8830,sense,do you see a sense of how you re
427,2019-10-31 11:00:00,NYSE,2019-Q3,BALL,seizing,1,376,385,investing,globe we are actively investing in new aluminum packaging
427,2019-10-31 11:00:00,NYSE,2019-Q3,BALL,seizing,2,851,860,invest,manage continuing to proactively invest in our beverage can
427,2019-10-31 11:00:00,NYSE,2019-Q3,BALL,seizing,3,1646,1655,invest,our customers continue to invest in their can filling
427,2019-10-31 11:00:00,NYSE,2019-Q3,BALL,seizing,4,2044,2053,invest,assess opportunities to prudently invest if the economics justify
427,2019-10-31 11:00:00,NYSE,2019-Q3,BALL,seizing,5,2343,2352,invest,we buy back stock invest in our businesses and
427,2019-10-31 11:00:00,NYSE,2019-Q3,BALL,seizing,6,2547,2556,invest,have great opportunities to invest in cans cups and
427,2019-10-31 11:00:00,NYSE,2019-Q3,BALL,seizing,7,2568,2577,invest,like always we will invest capital with an eye
427,2019-10-31 11:00:00,NYSE,2019-Q3,BALL,seizing,8,2858,2867,invest,positioned to lead and invest in sustainable growth in
427,2019-10-31 11:00:00,NYSE,2019-Q3,BALL,seizing,9,2937,2946,invest,will continue to responsibly invest do what is best
427,2019-10-31 11:00:00,NYSE,2019-Q3,BALL,seizing,10,8895,8904,invest,as possible and then invest it where we think
427,2019-10-31 11:00:00,NYSE,2019-Q3,BALL,seizing,11,8948,8957,investing,sure that you re investing for growth while at
429,2021-05-07 10:00:00,NASDAQ,2021-Q2,GEOS,sensing,1,2634,2643,sense,analyst is it your sense that from this point
429,2021-05-07 10:00:00,NASDAQ,2021-Q2,GEOS,sensing,2,3654,3663,sense,completed this year my sense was that it would
429,2021-05-07 10:00:00,NASDAQ,2021-Q2,GEOS,sensing,3,4828,4837,sense,high so it made sense to go ahead and
429,2021-05-07 10:00:00,NASDAQ,2021-Q2,GEOS,sensing,4,5552,5561,sense,be abandoned in some sense so we ll just
429,2021-05-07 10:00:00,NASDAQ,2021-Q2,GEOS,seizing,1,5056,5065,invest,expecting to project and invest in new equipment and
429,2021-05-07 10:00:00,NASDAQ,2021-Q2,GEOS,seizing,2,5075,5084,invest,we think we could invest as much as million
430,2021-04-24 11:30:00,NYSE,2021-Q2,DHI,sensing,1,8535,8544,sense,got it that makes sense all right guys thanks
430,2021-04-24 11:30:00,NYSE,2021-Q2,DHI,seizing,1,2550,2559,investing,our disciplined approach to investing capital to enhance the
431,2022-11-03 08:30:00,NYSE,2022-Q4,JCI,sensing,1,3646,3655,sense,lynch analyst thanks perfect sense thanks so much for
431,2022-11-03 08:30:00,NYSE,2022-Q4,JCI,seizing,1,651,660,invest,we have continued to invest in key technologies and
431,2022-11-03 08:30:00,NYSE,2022-Q4,JCI,seizing,2,1315,1324,invest,strong as our customers invest in unlocking employee health
431,2022-11-03 08:30:00,NYSE,2022-Q4,JCI,seizing,3,3026,3035,invest,our growth momentum and invest in advancing our digital
431,2022-11-03 08:30:00,NYSE,2022-Q4,JCI,seizing,4,3992,4001,invest,climate and we will invest mainly in our digital
431,2022-11-03 08:30:00,NYSE,2022-Q4,JCI,transforming,1,1214,1223,transform,state university has helped transform the campus and reached
432,2019-11-07 11:00:00,NYSE,2019-Q3,EEX,sensing,1,2849,2858,sense,a opportunities that make sense for us which means
432,2019-11-07 11:00:00,NYSE,2019-Q3,EEX,sensing,2,6249,6258,sense,what makes the most sense for our portfolio at
432,2019-11-07 11:00:00,NYSE,2019-Q3,EEX,sensing,3,6263,6272,sense,see anything that makes sense to discontinue at the
432,2019-11-07 11:00:00,NYSE,2019-Q3,EEX,sensing,4,6443,6452,sense,accelerated rate sally any sense of what s been
432,2019-11-07 11:00:00,NYSE,2019-Q3,EEX,sensing,5,7618,7627,sense,a whole lot of sense where we spend most
432,2019-11-07 11:00:00,NYSE,2019-Q3,EEX,seizing,1,1559,1568,invested,the rigor and thinking invested during the process and
432,2019-11-07 11:00:00,NYSE,2019-Q3,EEX,seizing,2,3045,3054,invest,we will continue to invest in our core business
433,2020-07-29 08:00:00,NYSE,2020-Q2,GE,sensing,1,7787,7796,sense,plan just a little sense of the structure i
433,2020-07-29 08:00:00,NYSE,2020-Q2,GE,sensing,2,7889,7898,sense,we think this makes sense in this environment clearly
433,2020-07-29 08:00:00,NYSE,2020-Q2,GE,transforming,1,1308,1317,redeploy,substantial non core asset redeploy capital enhance our financial
433,2020-07-29 08:00:00,NYSE,2020-Q2,GE,transforming,2,7937,7946,redeploy,us up clearly to redeploy that capital and i
434,2021-11-09 08:00:00,NYSE,2021-Q3,PLTR,sensing,1,5691,5700,sensing,you to go from sensing business disruption before they
434,2021-11-09 08:00:00,NYSE,2021-Q3,PLTR,sensing,2,8048,8057,sense,kind of an indicative sense of the performance we
434,2021-11-09 08:00:00,NYSE,2021-Q3,PLTR,seizing,1,3763,3772,invest,moving forward as we invest in our sales teams
434,2021-11-09 08:00:00,NYSE,2021-Q3,PLTR,seizing,2,4380,4389,invest,on alpha that we invest in capabilities that enable
434,2021-11-09 08:00:00,NYSE,2021-Q3,PLTR,seizing,3,4434,4443,invest,are you planning to invest in any cryptocurrency shyam
434,2021-11-09 08:00:00,NYSE,2021-Q3,PLTR,seizing,4,4776,4785,investing,r d hiring devs investing in new product offerings
434,2021-11-09 08:00:00,NYSE,2021-Q3,PLTR,seizing,5,4819,4828,invest,to build out and invest in marketing still in
434,2021-11-09 08:00:00,NYSE,2021-Q3,PLTR,seizing,6,6633,6642,investing,places that we are investing a lot we are
434,2021-11-09 08:00:00,NYSE,2021-Q3,PLTR,seizing,7,6950,6959,invested,we anticipated and have invested in for years we
434,2021-11-09 08:00:00,NYSE,2021-Q3,PLTR,seizing,8,8086,8095,invest,see the module we invest in it because it
434,2021-11-09 08:00:00,NYSE,2021-Q3,PLTR,seizing,9,8279,8290,invested,of million we ve invested about invested about million through q
434,2021-11-09 08:00:00,NYSE,2021-Q3,PLTR,transforming,1,2933,2942,transformed,so we have radically transformed the margin profile of
434,2021-11-09 08:00:00,NYSE,2021-Q3,PLTR,transforming,2,2972,2981,transform,in doing so to transform the ebitda they generate
434,2021-11-09 08:00:00,NYSE,2021-Q3,PLTR,transforming,3,6352,6361,transform,on how they could transform patient scheduling care delivery
435,2020-07-22 09:00:00,NYSE,2020-Q2,HCA,sensing,1,4150,4159,sense,you talk about your sense of people doing the
435,2020-07-22 09:00:00,NYSE,2020-Q2,HCA,sensing,2,4528,4537,sense,to have a better sense of what the full
435,2020-07-22 09:00:00,NYSE,2020-Q2,HCA,sensing,3,5617,5626,sense,updated view because my sense is that you re
435,2020-07-22 09:00:00,NYSE,2020-Q2,HCA,sensing,4,5695,5704,sense,medicare declines which makes sense that the medicare population
435,2020-07-22 09:00:00,NYSE,2020-Q2,HCA,seizing,1,7637,7646,invest,we will continue to invest in that platform we
435,2020-07-22 09:00:00,NYSE,2020-Q2,HCA,seizing,2,7746,7755,invest,we will continue to invest in that and build
436,2019-08-28 16:30:00,NYSE,2020-Q1,HRB,sensing,1,3385,3394,sense,shares when it makes sense jeffrey goldstein morgan stanley
436,2019-08-28 16:30:00,NYSE,2020-Q1,HRB,seizing,1,750,759,invest,our strategy as we invest for the long term
436,2019-08-28 16:30:00,NYSE,2020-Q1,HRB,seizing,2,952,961,investing,share gains we re investing an enhancement to the
436,2019-08-28 16:30:00,NYSE,2020-Q1,HRB,seizing,3,3905,3914,invest,line and continue to invest in new products grow
437,2019-12-02 17:00:00,NASDAQ,2019-Q3,COUP,sensing,1,4120,4129,sense,and if it makes sense in acquisitive voice as
437,2019-12-02 17:00:00,NASDAQ,2019-Q3,COUP,sensing,2,4605,4614,sense,have a very good sense for the value we
437,2019-12-02 17:00:00,NASDAQ,2019-Q3,COUP,sensing,3,4635,4644,sense,have a really good sense now around the speed
437,2019-12-02 17:00:00,NASDAQ,2019-Q3,COUP,sensing,4,5239,5248,sense,trying to get a sense of how quickly your
437,2019-12-02 17:00:00,NASDAQ,2019-Q3,COUP,sensing,5,8981,8990,sense,that question in the sense that we didn t
437,2019-12-02 17:00:00,NASDAQ,2019-Q3,COUP,seizing,1,4025,4034,invest,going to continue to invest in our enterprise business
437,2019-12-02 17:00:00,NASDAQ,2019-Q3,COUP,seizing,2,4050,4059,invest,going to continue to invest in our mid market
437,2019-12-02 17:00:00,NASDAQ,2019-Q3,COUP,seizing,3,4325,4334,invest,an incremental dollar to invest we think about it
438,2021-08-11 17:00:00,NASDAQ,2021-Q2,FTHM,sensing,1,5607,5616,sense,market share in a sense against the whole country
438,2021-08-11 17:00:00,NASDAQ,2021-Q2,FTHM,sensing,2,6210,6219,sense,makes a lot of sense and of course number
438,2021-08-11 17:00:00,NASDAQ,2021-Q2,FTHM,sensing,3,6747,6756,sense,a statement in a sense that shows how profitable
438,2021-08-11 17:00:00,NASDAQ,2021-Q2,FTHM,sensing,4,6926,6935,sense,if that makes any sense so ultimately long term
438,2021-08-11 17:00:00,NASDAQ,2021-Q2,FTHM,sensing,5,7264,7273,sense,an indicator of that sense that our agents leaving
438,2021-08-11 17:00:00,NASDAQ,2021-Q2,FTHM,sensing,6,8790,8799,sense,like oh it makes sense i got it but
438,2021-08-11 17:00:00,NASDAQ,2021-Q2,FTHM,sensing,7,8824,8833,sense,right yes that makes sense i appreciate that and
438,2021-08-11 17:00:00,NASDAQ,2021-Q2,FTHM,seizing,1,4354,4363,investing,after joining fathom by investing their savings back into
439,2021-04-29 16:30:00,NASDAQ,2021-Q1,GSHD,seizing,1,1011,1020,invest,business we continue to invest in expanding our physical
439,2021-04-29 16:30:00,NASDAQ,2021-Q1,GSHD,seizing,2,3504,3513,investing,for now that means investing heavily to grow rapidly
439,2021-04-29 16:30:00,NASDAQ,2021-Q1,GSHD,seizing,3,4424,4433,investing,growth and you re investing heavily in the business
439,2021-04-29 16:30:00,NASDAQ,2021-Q1,GSHD,seizing,4,4806,4815,invest,our investments and to invest in our terms so
439,2021-04-29 16:30:00,NASDAQ,2021-Q1,GSHD,seizing,5,5034,5043,invest,corporate channel is we invest there to drive growth
440,2021-08-18 08:00:00,OTC,2021-Q2,TCEHY,sensing,1,9708,9717,sense,want to get a sense about the regulatory environment
440,2021-08-18 08:00:00,OTC,2021-Q2,TCEHY,sensing,2,9780,9789,sense,want to get a sense about our strategies going
440,2021-08-18 08:00:00,OTC,2021-Q2,TCEHY,seizing,1,2907,2916,invested,adjustments relating to our invested companies number one net
440,2021-08-18 08:00:00,OTC,2021-Q2,TCEHY,seizing,2,4826,4835,investing,redeploy your capital into investing for the benefit of
440,2021-08-18 08:00:00,OTC,2021-Q2,TCEHY,seizing,3,7144,7153,invest,in that process we invest in these services we
440,2021-08-18 08:00:00,OTC,2021-Q2,TCEHY,transforming,1,1830,1839,revamped,crossover content and we revamped pubg mobile s battlefield
440,2021-08-18 08:00:00,OTC,2021-Q2,TCEHY,transforming,2,4822,4831,redeploy,the idea that you redeploy your capital into investing
441,2021-04-28 16:30:00,NASDAQ,2021-Q1,TWOU,sensing,1,764,773,sense,to give you a sense of our scale and
441,2021-04-28 16:30:00,NASDAQ,2021-Q1,TWOU,sensing,2,6662,6671,sense,won t make any sense to anybody but it
442,2021-05-04 09:00:00,NYSE,2021-Q1,RACE,seizing,1,3929,3938,invested,means that we have invested less last year and
443,2021-07-20 08:00:00,NYSE,2021-Q2,PPG,sensing,1,5637,5650,sense,the year give a sense of any better sense of how much of
443,2021-07-20 08:00:00,NYSE,2021-Q2,PPG,sensing,2,8276,8285,sense,do you have a sense of when they catchup
444,2021-11-22 17:15:00,NASDAQ,2022-Q3,URBN,sensing,1,6014,6023,sense,shoes in stores and sense to take that to
444,2021-11-22 17:15:00,NASDAQ,2022-Q3,URBN,sensing,2,7042,7051,sense,it gives you a sense there was a pretty
444,2021-11-22 17:15:00,NASDAQ,2022-Q3,URBN,seizing,1,2502,2511,invested,past few years has invested in infrastructure delivery capabilities
444,2021-11-22 17:15:00,NASDAQ,2022-Q3,URBN,seizing,2,2586,2595,investing,new customer acquisition by investing more in both digital
445,2021-08-05 16:30:00,NYSE,2021-Q2,AL,sensing,1,8010,8019,sense,is does it make sense at all to think
445,2021-08-05 16:30:00,NYSE,2021-Q2,AL,sensing,2,8729,8738,sense,make long term business sense for us obviously we
445,2021-08-05 16:30:00,NYSE,2021-Q2,AL,sensing,3,9008,9017,sense,you okay that makes sense steven f udvar hazy
445,2021-08-05 16:30:00,NYSE,2021-Q2,AL,sensing,4,9031,9040,sense,yes that definitely makes sense and then i just
446,2021-05-10 17:00:00,NYSE,2021-Q1,TREX,sensing,1,3601,3610,sense,point does it make sense or you actually need
446,2021-05-10 17:00:00,NYSE,2021-Q1,TREX,sensing,2,6631,6640,sense,davidson analyst okay makes sense and then my second
446,2021-05-10 17:00:00,NYSE,2021-Q1,TREX,seizing,1,7527,7536,invest,re not having to invest dollar for dollar if
448,2021-03-16 17:00:00,NASDAQ,2020-Q4,ORGO,sensing,1,3609,3618,sense,of give us a sense of how this all
448,2021-03-16 17:00:00,NASDAQ,2020-Q4,ORGO,seizing,1,2776,2785,investing,by million used in investing activities turning now to
448,2021-03-16 17:00:00,NASDAQ,2020-Q4,ORGO,seizing,2,4092,4101,invest,expecting to continue to invest in the commercial resources
449,2020-02-05 17:00:00,NASDAQ,2020-Q2,PTON,sensing,1,3009,3018,sense,you give us a sense of how much you
449,2020-02-05 17:00:00,NASDAQ,2020-Q2,PTON,sensing,2,3531,3540,sense,maybe create a bigger sense of urgency to get
449,2020-02-05 17:00:00,NASDAQ,2020-Q2,PTON,seizing,1,702,711,invest,plan to continue to invest smartly in new products
449,2020-02-05 17:00:00,NASDAQ,2020-Q2,PTON,seizing,2,1936,1945,investing,focused this year on investing in our logistics infrastructure
449,2020-02-05 17:00:00,NASDAQ,2020-Q2,PTON,seizing,3,3630,3639,invest,we will continue to invest aggressively behind our connected
449,2020-02-05 17:00:00,NASDAQ,2020-Q2,PTON,seizing,4,6440,6449,investing,engagement so we re investing heavily beyond cycling content
449,2020-02-05 17:00:00,NASDAQ,2020-Q2,PTON,seizing,5,6580,6589,investing,and so we are investing in content in a
450,2021-04-28 17:00:00,NASDAQ,2021-Q1,ATOM,sensing,1,1107,1116,sense,it doesn t make sense to shrink to a
450,2021-04-28 17:00:00,NASDAQ,2021-Q1,ATOM,sensing,2,5210,5219,sense,trying to get a sense of when we might
450,2021-04-28 17:00:00,NASDAQ,2021-Q1,ATOM,sensing,3,6412,6421,sense,months and provide a sense of the excitement we
451,2020-08-07 08:30:00,NASDAQ,2020-Q2,ALTR,sensing,1,3983,3992,sense,of give us a sense of how you re
451,2020-08-07 08:30:00,NASDAQ,2020-Q2,ALTR,sensing,2,5127,5136,sense,blair analyst yes makes sense it s for the
451,2020-08-07 08:30:00,NASDAQ,2020-Q2,ALTR,sensing,3,6276,6285,sense,little bit of a sense of what we re
451,2020-08-07 08:30:00,NASDAQ,2020-Q2,ALTR,sensing,4,6772,6781,sense,as composer which makes sense because you can develop
451,2020-08-07 08:30:00,NASDAQ,2020-Q2,ALTR,sensing,5,6825,6834,sense,board does that make sense or had i lost
451,2020-08-07 08:30:00,NASDAQ,2020-Q2,ALTR,sensing,6,6839,6848,sense,no it does make sense and i think the
451,2020-08-07 08:30:00,NASDAQ,2020-Q2,ALTR,seizing,1,689,698,investing,customers especially in automotive investing in their new products
451,2020-08-07 08:30:00,NASDAQ,2020-Q2,ALTR,seizing,2,713,722,invest,for top talent and invest in tools and technologies
451,2020-08-07 08:30:00,NASDAQ,2020-Q2,ALTR,seizing,3,1749,1758,investing,customers remain committed to investing in research and development
451,2020-08-07 08:30:00,NASDAQ,2020-Q2,ALTR,seizing,4,3147,3156,invest,will continue to strategically invest in certain r d
451,2020-08-07 08:30:00,NASDAQ,2020-Q2,ALTR,seizing,5,4328,4337,invest,re just continuing to invest in r d so
451,2020-08-07 08:30:00,NASDAQ,2020-Q2,ALTR,transforming,1,1174,1183,transform,even greater abilities to transform data from multiple sources
452,2021-04-22 09:00:00,NYSE,2021-Q1,BX,sensing,1,5033,5042,sense,to asset managers make sense because they re the
452,2021-04-22 09:00:00,NYSE,2021-Q1,BX,sensing,2,5613,5622,sense,for higher returns make sense if you look in
452,2021-04-22 09:00:00,NYSE,2021-Q1,BX,sensing,3,8601,8610,sense,wanted to get a sense from you of as
452,2021-04-22 09:00:00,NYSE,2021-Q1,BX,seizing,1,1714,1723,invested,day is nearly fully invested after only two years
452,2021-04-22 09:00:00,NYSE,2021-Q1,BX,seizing,2,1890,1899,invest,us substantial firepower to invest and we remain very
452,2021-04-22 09:00:00,NYSE,2021-Q1,BX,seizing,3,2663,2672,invested,in credit with billion invested or committed in the
452,2021-04-22 09:00:00,NYSE,2021-Q1,BX,seizing,4,2773,2782,invested,time the firm s invested performance revenue eligible aum
452,2021-04-22 09:00:00,NYSE,2021-Q1,BX,seizing,5,6035,6044,investing,we re adding more investing talents into baam and
452,2021-04-22 09:00:00,NYSE,2021-Q1,BX,seizing,6,6171,6180,investing,there s some thematic investing some exposure to tech
452,2021-04-22 09:00:00,NYSE,2021-Q1,BX,seizing,7,7037,7046,investing,into the cycle of investing in companies and also
452,2021-04-22 09:00:00,NYSE,2021-Q1,BX,seizing,8,7250,7259,invest,still finding areas to invest in spacs are out
452,2021-04-22 09:00:00,NYSE,2021-Q1,BX,seizing,9,8492,8501,invest,t require us to invest significant capital and so
453,2021-04-26 16:30:00,NYSE,2021-Q1,CNI,sensing,1,4657,4666,sense,try to get your sense of the kind of
453,2021-04-26 16:30:00,NYSE,2021-Q1,CNI,sensing,2,7605,7614,sense,the same rules makes sense for the trust as
453,2021-04-26 16:30:00,NYSE,2021-Q1,CNI,seizing,1,347,356,invest,we continue to prudently invest in the business and
454,2021-04-22 18:00:00,NASDAQ,2021-Q1,SIVB,sensing,1,1777,1786,sense,just give us a sense of once the deal
454,2021-04-22 18:00:00,NASDAQ,2021-Q1,SIVB,sensing,2,1833,1842,sense,just give us a sense of the timing and
454,2021-04-22 18:00:00,NASDAQ,2021-Q1,SIVB,sensing,3,5887,5896,sense,and it absolutely makes sense for us to put
454,2021-04-22 18:00:00,NASDAQ,2021-Q1,SIVB,sensing,4,6041,6050,sense,company and it makes sense for us to put
454,2021-04-22 18:00:00,NASDAQ,2021-Q1,SIVB,sensing,5,6223,6232,sense,client and what makes sense for the client what
454,2021-04-22 18:00:00,NASDAQ,2021-Q1,SIVB,sensing,6,6256,6265,sense,choose options that make sense for them if you
454,2021-04-22 18:00:00,NASDAQ,2021-Q1,SIVB,sensing,7,6547,6556,sense,and where it makes sense for the clients moving
454,2021-04-22 18:00:00,NASDAQ,2021-Q1,SIVB,seizing,1,433,442,investing,surprised that you re investing in some of this
454,2021-04-22 18:00:00,NASDAQ,2021-Q1,SIVB,seizing,2,461,470,investing,what exactly are you investing in thanks daniel j
454,2021-04-22 18:00:00,NASDAQ,2021-Q1,SIVB,seizing,3,649,663,"invest, investing",now what are we investing in we continue to invest in agency securities this
454,2021-04-22 18:00:00,NASDAQ,2021-Q1,SIVB,seizing,4,1499,1508,invest,to be able to invest new money at anywhere
454,2021-04-22 18:00:00,NASDAQ,2021-Q1,SIVB,seizing,5,1723,1732,invest,well as continuing to invest shorter in the available
454,2021-04-22 18:00:00,NASDAQ,2021-Q1,SIVB,seizing,6,1740,1749,investing,risk again net net investing at about to ebrahim
454,2021-04-22 18:00:00,NASDAQ,2021-Q1,SIVB,seizing,7,2506,2515,investing,areas that we re investing in and those are
454,2021-04-22 18:00:00,NASDAQ,2021-Q1,SIVB,seizing,8,4729,4738,investing,and we re certainly investing both in the longer
454,2021-04-22 18:00:00,NASDAQ,2021-Q1,SIVB,seizing,9,5874,5883,invest,going to continue to invest in the franchise we
454,2021-04-22 18:00:00,NASDAQ,2021-Q1,SIVB,seizing,10,5931,5940,investing,leerink you see us investing in our initiatives and
454,2021-04-22 18:00:00,NASDAQ,2021-Q1,SIVB,seizing,11,5974,5983,invest,going to continue to invest because we see this
455,2021-02-11 17:00:00,NASDAQ,2020-Q4,FROG,sensing,1,4970,4979,sense,wanted to get a sense shlomi what s sort
455,2021-02-11 17:00:00,NASDAQ,2020-Q4,FROG,sensing,2,5232,5241,shape,that comes in all shape and types from the
455,2021-02-11 17:00:00,NASDAQ,2020-Q4,FROG,sensing,3,8943,8952,sense,morgan analyst that makes sense thanks guys operator and
455,2021-02-11 17:00:00,NASDAQ,2020-Q4,FROG,seizing,1,1135,1144,invest,throughout we continue to invest in our people and
455,2021-02-11 17:00:00,NASDAQ,2020-Q4,FROG,seizing,2,3167,3176,invest,well we continue to invest in tools and solutions
455,2021-02-11 17:00:00,NASDAQ,2020-Q4,FROG,seizing,3,4180,4189,invest,we have continued to invest significantly in r d
456,2022-01-28 08:30:00,NYSE,2021-Q4,X,sensing,1,4578,4587,sense,trying to get a sense as to how much
456,2022-01-28 08:30:00,NYSE,2021-Q4,X,sensing,2,5699,5708,sense,annual call contracts any sense of the scale or
456,2022-01-28 08:30:00,NYSE,2021-Q4,X,sensing,3,6201,6210,sense,transact when it makes sense as dave said over
456,2022-01-28 08:30:00,NYSE,2021-Q4,X,sensing,4,7235,7244,sense,obviously as it makes sense to your point about
456,2022-01-28 08:30:00,NYSE,2021-Q4,X,sensing,5,7329,7338,sense,in those could make sense but the goal is
456,2022-01-28 08:30:00,NYSE,2021-Q4,X,seizing,1,1017,1026,invest,and we continue to invest in regions that have
456,2022-01-28 08:30:00,NYSE,2021-Q4,X,seizing,2,2956,2965,invest,balance sheet we will invest in capabilities not to
456,2022-01-28 08:30:00,NYSE,2021-Q4,X,seizing,3,4285,4294,invest,also worth noting that invest inaudible way as we
456,2022-01-28 08:30:00,NYSE,2021-Q4,X,transforming,1,1590,1599,transform,in allowed us to transform our balance sheet by
456,2022-01-28 08:30:00,NYSE,2021-Q4,X,transforming,2,2380,2389,transformed,beneficial partnerships in our transformed balance sheet is another
456,2022-01-28 08:30:00,NYSE,2021-Q4,X,transforming,3,2835,2844,transformed,passing quarter we have transformed the balance sheet announced
456,2022-01-28 08:30:00,NYSE,2021-Q4,X,transforming,4,3140,3149,transform,announced investments that will transform our earnings profile and
457,2022-02-17 08:00:00,NYSE,2021-Q4,GFI,sensing,1,718,727,shape,sheet is in great shape even though we had
457,2022-02-17 08:00:00,NYSE,2021-Q4,GFI,sensing,2,4236,4245,sense,just giving you a sense of the scale of
457,2022-02-17 08:00:00,NYSE,2021-Q4,GFI,sensing,3,4319,4328,sense,schedule to give a sense of what the next
457,2022-02-17 08:00:00,NYSE,2021-Q4,GFI,sensing,4,9021,9030,sense,it makes no economic sense to do any kind
457,2022-02-17 08:00:00,NYSE,2021-Q4,GFI,sensing,5,9420,9429,sense,ll really get a sense for the quality of
457,2022-02-17 08:00:00,NYSE,2021-Q4,GFI,sensing,6,9660,9669,sense,s a lot of sense prevails in the congresses
457,2022-02-17 08:00:00,NYSE,2021-Q4,GFI,sensing,7,11321,11330,sense,will give you a sense of the unit cost
457,2022-02-17 08:00:00,NYSE,2021-Q4,GFI,seizing,1,3416,3425,invested,mines of that we invested million into salares norte
457,2022-02-17 08:00:00,NYSE,2021-Q4,GFI,seizing,2,3546,3555,invested,that we made we invested million into capital at
457,2022-02-17 08:00:00,NYSE,2021-Q4,GFI,seizing,3,9398,9407,investing,how we ve been investing in those assets to
458,2022-05-10 17:00:00,NYSE,2022-Q1,ONTF,sensing,1,4618,4627,sense,just give us a sense of what your customers
458,2022-05-10 17:00:00,NYSE,2022-Q1,ONTF,sensing,2,7186,7195,sense,makes a lot of sense and then second question
458,2022-05-10 17:00:00,NYSE,2022-Q1,ONTF,sensing,3,7337,7346,sense,yup yup that makes sense thank you operator as
458,2022-05-10 17:00:00,NYSE,2022-Q1,ONTF,seizing,1,3336,3345,investing,over year we are investing in our public cloud
458,2022-05-10 17:00:00,NYSE,2022-Q1,ONTF,transforming,1,1248,1257,transform,using on experiences to transform their sales and market
458,2022-05-10 17:00:00,NYSE,2022-Q1,ONTF,transforming,2,1351,1360,revamped,program has been completely revamped and we ve added
458,2022-05-10 17:00:00,NYSE,2022-Q1,ONTF,transforming,3,2815,2824,transform,as we continue to transform our sales operation to
459,2021-02-19 11:00:00,NASDAQ,2020-Q4,HST,sensing,1,2808,2817,sense,give you a better sense of how we expect
459,2021-02-19 11:00:00,NASDAQ,2020-Q4,HST,sensing,2,4629,4638,shape,in in the best shape that the company has
459,2021-02-19 11:00:00,NASDAQ,2020-Q4,HST,sensing,3,6965,6974,sense,expansion hope that makes sense shaun kelley bank of
459,2021-02-19 11:00:00,NASDAQ,2020-Q4,HST,sensing,4,7202,7211,sense,we think it makes sense to take an excess
459,2021-02-19 11:00:00,NASDAQ,2020-Q4,HST,sensing,5,7213,7222,sense,land where it makes sense and develop a select
459,2021-02-19 11:00:00,NASDAQ,2020-Q4,HST,sensing,6,7378,7387,sense,street advisors analyst makes sense thank you operator our
459,2021-02-19 11:00:00,NASDAQ,2020-Q4,HST,sensing,7,7544,7553,sense,at and get a sense of how the asset
459,2021-02-19 11:00:00,NASDAQ,2020-Q4,HST,seizing,1,428,437,invested,quarter additionally we ve invested in our long term
459,2021-02-19 11:00:00,NASDAQ,2020-Q4,HST,seizing,2,1714,1723,invest,ability to continue to invest in our portfolio is
459,2021-02-19 11:00:00,NASDAQ,2020-Q4,HST,seizing,3,1878,1887,invest,in we continue to invest in the marriott transformational
459,2021-02-19 11:00:00,NASDAQ,2020-Q4,HST,seizing,4,7332,7341,invest,a better place to invest in your own assets
459,2021-02-19 11:00:00,NASDAQ,2020-Q4,HST,seizing,5,7365,7374,invest,going to continue to invest in our properties as
459,2021-02-19 11:00:00,NASDAQ,2020-Q4,HST,transforming,1,1952,1961,transforming,four hotels in thereby transforming of the hotels that
459,2021-02-19 11:00:00,NASDAQ,2020-Q4,HST,transforming,2,2147,2156,transforming,meaningful value while also transforming the resort to meet
459,2021-02-19 11:00:00,NASDAQ,2020-Q4,HST,transforming,3,3705,3714,redeploy,retained our ability to redeploy million of asset sale
460,2021-03-04 17:00:00,NASDAQ,2021-Q3,SWBI,sensing,1,5406,5415,sense,group analyst yeah makes sense and then can you
460,2021-03-04 17:00:00,NASDAQ,2021-Q3,SWBI,seizing,1,2102,2111,invest,allocation priorities were to invest in our business repay
460,2021-03-04 17:00:00,NASDAQ,2021-Q3,SWBI,seizing,2,2285,2294,investing,mark noted we are investing in strategic marketing initiatives
460,2021-03-04 17:00:00,NASDAQ,2021-Q3,SWBI,seizing,3,6809,6818,invest,make the other criteria invest in the business etc
461,2021-06-02 08:00:00,NYSE,2021-Q1,AAP,sensing,1,9814,9823,sense,brands where it makes sense for our business this
461,2021-06-02 08:00:00,NYSE,2021-Q1,AAP,sensing,2,10060,10069,shape,ll be in great shape to capture that margin
461,2021-06-02 08:00:00,NYSE,2021-Q1,AAP,seizing,1,1297,1306,invest,plan to continue to invest behind this powerful brand
461,2021-06-02 08:00:00,NYSE,2021-Q1,AAP,seizing,2,1911,1920,invest,as we continue to invest in product quality building
461,2021-06-02 08:00:00,NYSE,2021-Q1,AAP,seizing,3,1951,1960,investing,is strategic pricing by investing in new tools we
461,2021-06-02 08:00:00,NYSE,2021-Q1,AAP,seizing,4,2498,2507,invest,most we continued to invest in our store team
461,2021-06-02 08:00:00,NYSE,2021-Q1,AAP,seizing,5,2909,2918,invest,plan to continue to invest in our brands the
461,2021-06-02 08:00:00,NYSE,2021-Q1,AAP,seizing,6,3211,3220,invested,tom outlined earlier we invested in marketing during q
461,2021-06-02 08:00:00,NYSE,2021-Q1,AAP,seizing,7,3474,3483,invest,as we continue to invest in our transformation initiatives
461,2021-06-02 08:00:00,NYSE,2021-Q1,AAP,seizing,8,9168,9177,invest,margin expansion when we invest behind a diehard marketing
461,2021-06-02 08:00:00,NYSE,2021-Q1,AAP,seizing,9,9271,9280,invest,that s we will invest in marketing when we
461,2021-06-02 08:00:00,NYSE,2021-Q1,AAP,transforming,1,2294,2303,transforming,our supply chain and transforming in market delivery and
461,2021-06-02 08:00:00,NYSE,2021-Q1,AAP,transforming,2,2342,2351,transforming,second new initiative is transforming in market delivery and
461,2021-06-02 08:00:00,NYSE,2021-Q1,AAP,transforming,3,5594,5603,transforming,the ultimate essence of transforming the business but can
462,2019-05-08 09:00:00,NASDAQ,2019-Q1,LILA,seizing,1,1261,1270,investing,wireless panama and continue investing in and advancing the
462,2019-05-08 09:00:00,NASDAQ,2019-Q1,LILA,seizing,2,1775,1784,invested,generate returns from previously invested capital overall we re
462,2019-05-08 09:00:00,NASDAQ,2019-Q1,LILA,seizing,3,6455,6464,investing,or china it s investing in those countries and
462,2019-05-08 09:00:00,NASDAQ,2019-Q1,LILA,transforming,1,2350,2359,transform,we are committed to transform the business this involves
462,2019-05-08 09:00:00,NASDAQ,2019-Q1,LILA,transforming,2,4535,4544,transforming,for our company in transforming not only our cost
463,2022-11-16 17:00:00,NASDAQ,2023-Q3,NVDA,sensing,1,4065,4074,sense,last quarter it made sense that you took a
463,2022-11-16 17:00:00,NASDAQ,2023-Q3,NVDA,sensing,2,4646,4655,sense,just give us a sense of or talk about
463,2022-11-16 17:00:00,NASDAQ,2023-Q3,NVDA,sensing,3,4686,4695,sense,do you have a sense of where grace will
463,2022-11-16 17:00:00,NASDAQ,2023-Q3,NVDA,sensing,4,7356,7365,sense,our market but my sense is that where we
464,2019-10-24 11:00:00,NYSE,2019-Q3,SUI,sensing,1,3943,3952,sense,sort of have a sense of that all the
464,2019-10-24 11:00:00,NYSE,2019-Q3,SUI,sensing,2,6544,6553,sense,simple and it makes sense and it s it
464,2019-10-24 11:00:00,NYSE,2019-Q3,SUI,seizing,1,755,764,invested,transaction we ll have invested nearly million in the
465,2021-04-29 10:00:00,NYSE,2021-Q1,CNX,sensing,1,4324,4333,sense,trying to get a sense of how that plays
465,2021-04-29 10:00:00,NYSE,2021-Q1,CNX,sensing,2,5224,5233,sense,i think much more sense neal dingmann truist analyst
465,2021-04-29 10:00:00,NYSE,2021-Q1,CNX,sensing,3,5517,5526,shaped,curtailed some volumes we shaped some volumes cashed in
465,2021-04-29 10:00:00,NYSE,2021-Q1,CNX,sensing,4,5600,5609,sense,point that it makes sense to the time production
465,2021-04-29 10:00:00,NYSE,2021-Q1,CNX,sensing,5,5861,5870,shaping,up and down and shaping it quickly is something
466,2021-02-05 07:30:00,NASDAQ,2020-Q4,SNY,seizing,1,4948,4957,investing,that we will keep investing in our capacity notably
466,2021-02-05 07:30:00,NASDAQ,2020-Q4,SNY,seizing,2,5004,5013,investing,thing we are also investing into our vaxigrip influenza
466,2021-02-05 07:30:00,NASDAQ,2020-Q4,SNY,seizing,3,6216,6225,investing,we are of course investing efficiencies also have helped
466,2021-02-05 07:30:00,NASDAQ,2020-Q4,SNY,seizing,4,6319,6328,invest,promising we need to invest into it so you
466,2021-02-05 07:30:00,NASDAQ,2020-Q4,SNY,transforming,1,5556,5565,redeploy,where you intend to redeploy that eur million additional
467,2019-05-09 11:00:00,NASDAQ,2019-Q1,EBIX,sensing,1,6060,6069,sense,we believe in the sense of what we are
467,2019-05-09 11:00:00,NASDAQ,2019-Q1,EBIX,sensing,2,6220,6229,sense,you give us a sense of what that number
467,2019-05-09 11:00:00,NASDAQ,2019-Q1,EBIX,seizing,1,527,536,invest,intend to continue to invest in over the next
467,2019-05-09 11:00:00,NASDAQ,2019-Q1,EBIX,seizing,2,1002,1011,invested,bank payments of million invested million on acquisitions paid
467,2019-05-09 11:00:00,NASDAQ,2019-Q1,EBIX,seizing,3,1810,1819,invest,particular quarter if we invest our cash into growing
467,2019-05-09 11:00:00,NASDAQ,2019-Q1,EBIX,seizing,4,6678,6687,invest,cost and when you invest in new venture whether
468,2021-03-11 17:00:00,NYSE,2020-Q4,EVC,sensing,1,4131,4140,sense,trying to get a sense of how much of
468,2021-03-11 17:00:00,NYSE,2020-Q4,EVC,sensing,2,4344,4353,sense,of give me a sense of what did cisneros
468,2021-03-11 17:00:00,NYSE,2020-Q4,EVC,sensing,3,4388,4397,sense,of give us a sense of how much cisneros
468,2021-03-11 17:00:00,NYSE,2020-Q4,EVC,sensing,4,4447,4456,sense,of give us a sense of where you re
468,2021-03-11 17:00:00,NYSE,2020-Q4,EVC,sensing,5,4609,4618,sense,you give us a sense of where you re
468,2021-03-11 17:00:00,NYSE,2020-Q4,EVC,seizing,1,3887,3896,investing,make acquisitions while still investing in our organic growth
469,2021-02-08 16:30:00,NASDAQ,2021-Q3,TTWO,sensing,1,5987,5996,sense,door and then the sense that life services are
469,2021-02-08 16:30:00,NASDAQ,2021-Q3,TTWO,sensing,2,7034,7043,sense,and resources it makes sense to put behind mobile
469,2021-02-08 16:30:00,NASDAQ,2021-Q3,TTWO,sensing,3,7515,7524,shaping,what the linearity is shaping up to look like
469,2021-02-08 16:30:00,NASDAQ,2021-Q3,TTWO,seizing,1,1775,1784,invest,the studio continues to invest in its broad and
469,2021-02-08 16:30:00,NASDAQ,2021-Q3,TTWO,seizing,2,3120,3129,investing,our audience we are investing prudently to advance our
469,2021-02-08 16:30:00,NASDAQ,2021-Q3,TTWO,seizing,3,7113,7122,invested,so we are highly invested in the mobile business
469,2021-02-08 16:30:00,NASDAQ,2021-Q3,TTWO,seizing,4,7188,7197,investing,and we ve been investing in that obviously over
469,2021-02-08 16:30:00,NASDAQ,2021-Q3,TTWO,seizing,5,7399,7408,investing,it and we re investing more and more bryan
470,2019-10-23 17:00:00,NASDAQ,2020-Q2,XLNX,sensing,1,5239,5248,sense,just gives you a sense with victor s comments
470,2019-10-23 17:00:00,NASDAQ,2020-Q2,XLNX,sensing,2,5511,5520,sense,you give us a sense for the wireless business
470,2019-10-23 17:00:00,NASDAQ,2020-Q2,XLNX,seizing,1,2989,2998,invest,we will continue to invest in growth aligned with
472,2020-07-22 18:00:00,NASDAQ,2020-Q2,TSLA,sensing,1,627,636,sense,program would also make sense in california so i
472,2020-07-22 18:00:00,NASDAQ,2020-Q2,TSLA,sensing,2,4505,4514,sense,projects where it makes sense and there s a
472,2020-07-22 18:00:00,NASDAQ,2020-Q2,TSLA,sensing,3,5220,5229,sense,it didn t make sense up to now to
473,2020-04-22 08:00:00,NASDAQ,2020-Q1,NDAQ,sensing,1,6898,6907,sense,got it that makes sense okay thank you very
473,2020-04-22 08:00:00,NASDAQ,2020-Q1,NDAQ,sensing,2,7213,7222,sense,will give you a sense of the scale of
473,2020-04-22 08:00:00,NASDAQ,2020-Q1,NDAQ,sensing,3,8279,8288,sense,to give you a sense of where are the
473,2020-04-22 08:00:00,NASDAQ,2020-Q1,NDAQ,sensing,4,11616,11625,sense,make a lot of sense but i was hoping
473,2020-04-22 08:00:00,NASDAQ,2020-Q1,NDAQ,seizing,1,829,838,invested,extreme challenge we have invested and prepared for many
473,2020-04-22 08:00:00,NASDAQ,2020-Q1,NDAQ,seizing,2,2066,2075,investing,after many years of investing restructuring and reposition we
473,2020-04-22 08:00:00,NASDAQ,2020-Q1,NDAQ,seizing,3,3274,3283,investing,including an enlarging passive investing trend on one end
473,2020-04-22 08:00:00,NASDAQ,2020-Q1,NDAQ,seizing,4,8340,8349,investing,about where we re investing and why what we
473,2020-04-22 08:00:00,NASDAQ,2020-Q1,NDAQ,seizing,5,11418,11427,investing,doing a lot of investing in evestment in the
474,2020-09-24 16:45:00,NYSE,2021-Q1,AIR,sensing,1,2251,2260,sense,we have a clear sense of what the market
474,2020-09-24 16:45:00,NYSE,2021-Q1,AIR,sensing,2,3905,3914,sense,employees contract labor makes sense to an extent as
474,2020-09-24 16:45:00,NYSE,2021-Q1,AIR,sensing,3,4957,4966,sense,contracts where it makes sense so that s what
474,2020-09-24 16:45:00,NYSE,2021-Q1,AIR,sensing,4,5200,5209,sense,to if it makes sense to restructure the contract
475,2020-08-13 11:00:00,NYSE,2020-Q2,TK,transforming,1,1813,1822,transformed,prior year tnk has transformed the balance sheet bringing
476,2022-09-06 16:30:00,NASDAQ,2023-Q1,CDMO,seizing,1,3884,3893,investing,about it i think investing ahead of time i
476,2022-09-06 16:30:00,NASDAQ,2023-Q1,CDMO,seizing,2,3950,3959,invested,ve proactively gone and invested in that capacity to
477,2021-04-30 08:30:00,NYSE,2021-Q1,AON,sensing,1,2921,2930,sense,you give us a sense of what that growth
477,2021-04-30 08:30:00,NYSE,2021-Q1,AON,sensing,2,3398,3407,sense,and give us a sense of whether you would
477,2021-04-30 08:30:00,NYSE,2021-Q1,AON,seizing,1,2277,2286,invest,increase modestly as we invest in technology to drive
477,2021-04-30 08:30:00,NYSE,2021-Q1,AON,seizing,2,2409,2418,invest,expect to continue to invest organically and inorganically in
477,2021-04-30 08:30:00,NYSE,2021-Q1,AON,seizing,3,4301,4310,invested,improvement on return on invested capital and close to
477,2021-04-30 08:30:00,NYSE,2021-Q1,AON,transforming,1,813,822,reconfiguring,chain disruption reimagining and reconfiguring how and where work
478,2021-05-06 08:00:00,NASDAQ,2021-Q2,EZPW,sensing,1,2787,2796,sense,to give us a sense for the recovery and
478,2021-05-06 08:00:00,NASDAQ,2021-Q2,EZPW,seizing,1,2525,2534,invest,do and continuing to invest in innovation and store
478,2021-05-06 08:00:00,NASDAQ,2021-Q2,EZPW,seizing,2,3628,3637,invest,see us continue to invest there in de novo
479,2021-05-11 08:00:00,NASDAQ,2021-Q1,CCEP,sensing,1,535,544,shape,pricing is in good shape april was the toughest
479,2021-05-11 08:00:00,NASDAQ,2021-Q1,CCEP,sensing,2,5050,5059,sense,much forward to the sense of possibility we know
479,2021-05-11 08:00:00,NASDAQ,2021-Q1,CCEP,sensing,3,8308,8317,sense,hope you get a sense now from this presentation
479,2021-05-11 08:00:00,NASDAQ,2021-Q1,CCEP,sensing,4,8322,8331,sense,hope you get a sense of the next journey
479,2021-05-11 08:00:00,NASDAQ,2021-Q1,CCEP,sensing,5,9326,9335,sense,you ve got some sense of that from damian
479,2021-05-11 08:00:00,NASDAQ,2021-Q1,CCEP,sensing,6,12584,12593,sense,ve gotten a good sense of how we ve
479,2021-05-11 08:00:00,NASDAQ,2021-Q1,CCEP,sensing,7,13355,13364,sense,can you give a sense of how much of
479,2021-05-11 08:00:00,NASDAQ,2021-Q1,CCEP,sensing,8,18477,18486,sense,to give you a sense i mean i think
479,2021-05-11 08:00:00,NASDAQ,2021-Q1,CCEP,sensing,9,22193,22202,sense,just to get a sense of the opportunity my
479,2021-05-11 08:00:00,NASDAQ,2021-Q1,CCEP,sensing,10,22903,22912,sense,hope you got a sense today of our excitement
479,2021-05-11 08:00:00,NASDAQ,2021-Q1,CCEP,seizing,1,847,856,invest,we are continuing to invest in our business for
479,2021-05-11 08:00:00,NASDAQ,2021-Q1,CCEP,seizing,2,1561,1570,invested,and is a well invested business across its supply
479,2021-05-11 08:00:00,NASDAQ,2021-Q1,CCEP,seizing,3,3903,3912,invested,and amatil have successfully invested in ccep ventures and
479,2021-05-11 08:00:00,NASDAQ,2021-Q1,CCEP,seizing,4,9405,9414,invested,around our returns on invested capital as you know
479,2021-05-11 08:00:00,NASDAQ,2021-Q1,CCEP,seizing,5,11460,11469,invest,so greater ability to invest to support future growth
479,2021-05-11 08:00:00,NASDAQ,2021-Q1,CCEP,seizing,6,19269,19278,investing,where that we were investing in as when we
479,2021-05-11 08:00:00,NASDAQ,2021-Q1,CCEP,seizing,7,19326,19335,invest,to go back and invest in particularly in some
479,2021-05-11 08:00:00,NASDAQ,2021-Q1,CCEP,seizing,8,19640,19649,invested,very much aligned and invested in terms of the
479,2021-05-11 08:00:00,NASDAQ,2021-Q1,CCEP,seizing,9,21966,21975,investing,on core sparkling and investing behind that multi year
479,2021-05-11 08:00:00,NASDAQ,2021-Q1,CCEP,seizing,10,23195,23204,invest,we ve continued to invest in our people and
479,2021-05-11 08:00:00,NASDAQ,2021-Q1,CCEP,seizing,11,23278,23287,invest,and to continue to invest smartly in our business
479,2021-05-11 08:00:00,NASDAQ,2021-Q1,CCEP,transforming,1,933,942,redeployed,field sales have been redeployed to the home market
480,2021-06-30 09:00:00,NYSE,2021-Q4,GIS,sensing,1,255,264,sense,you give us a sense of what to expect
480,2021-06-30 09:00:00,NYSE,2021-Q4,GIS,sensing,2,2156,2170,"sense, shaping",to do more portfolio shaping and so in that sense we have an always
480,2021-06-30 09:00:00,NYSE,2021-Q4,GIS,sensing,3,3883,3892,sense,trying to get a sense of how we should
480,2021-06-30 09:00:00,NYSE,2021-Q4,GIS,sensing,4,6042,6051,sense,can you give a sense around elasticity what kind
480,2021-06-30 09:00:00,NYSE,2021-Q4,GIS,sensing,5,6942,6951,sense,want to get a sense how much of that
480,2021-06-30 09:00:00,NYSE,2021-Q4,GIS,seizing,1,5499,5508,invest,see us continue to invest in our data and
480,2021-06-30 09:00:00,NYSE,2021-Q4,GIS,seizing,2,7428,7437,invest,we ll continue to invest in order to drive
481,2021-02-23 11:00:00,NASDAQ,2021-Q2,CBRL,seizing,1,3312,3321,investing,approach in addition to investing in cracker barrel and
481,2021-02-23 11:00:00,NASDAQ,2021-Q2,CBRL,seizing,2,3326,3335,invest,we will continue to invest in strategic initiatives including
482,2021-03-01 11:00:00,NASDAQ,2020-Q4,MIDD,sensing,1,6338,6347,sense,would be helpful my sense is that the differentiation
482,2021-03-01 11:00:00,NASDAQ,2020-Q4,MIDD,sensing,2,8329,8338,sense,give us a little sense of where you see
482,2021-03-01 11:00:00,NASDAQ,2020-Q4,MIDD,seizing,1,712,721,invested,term strategy as we invested in the reinvention of
482,2021-03-01 11:00:00,NASDAQ,2020-Q4,MIDD,seizing,2,807,816,invest,we also continued to invest in showrooms for our
482,2021-03-01 11:00:00,NASDAQ,2020-Q4,MIDD,seizing,3,1403,1412,investing,and cash while also investing driving innovation and providing
482,2021-03-01 11:00:00,NASDAQ,2020-Q4,MIDD,seizing,4,1500,1509,invest,this while continuing to invest around million in technology
482,2021-03-01 11:00:00,NASDAQ,2020-Q4,MIDD,seizing,5,6564,6573,investing,and more we re investing in i would say
482,2021-03-01 11:00:00,NASDAQ,2020-Q4,MIDD,seizing,6,7463,7472,investing,s where we re investing that s where we
482,2021-03-01 11:00:00,NASDAQ,2020-Q4,MIDD,seizing,7,8371,8380,investing,and we ve been investing heavily in technology as
482,2021-03-01 11:00:00,NASDAQ,2020-Q4,MIDD,seizing,8,8550,8559,invest,etc and continue to invest in those platforms which
482,2021-03-01 11:00:00,NASDAQ,2020-Q4,MIDD,seizing,9,8640,8649,invested,process which we ve invested heavily in also in
482,2021-03-01 11:00:00,NASDAQ,2020-Q4,MIDD,seizing,10,8776,8785,invest,we will continue to invest in it in an
482,2021-03-01 11:00:00,NASDAQ,2020-Q4,MIDD,seizing,11,9609,9618,investing,again as we are investing in technologies we re
482,2021-03-01 11:00:00,NASDAQ,2020-Q4,MIDD,transforming,1,8750,8759,transform,where we can really transform that experience so this
483,2021-02-08 17:00:00,NASDAQ,2020-Q4,CORT,sensing,1,4926,4935,sense,year although in some sense not for a while
483,2021-02-08 17:00:00,NASDAQ,2020-Q4,CORT,sensing,2,5608,5617,sense,but really in some sense the answer to your
483,2021-02-08 17:00:00,NASDAQ,2020-Q4,CORT,sensing,3,8008,8017,sense,it up in a sense for you alan because
483,2021-02-08 17:00:00,NASDAQ,2020-Q4,CORT,sensing,4,8245,8254,sense,dose so in some sense no surprise to us
484,2022-10-14 11:00:00,NYSE,2022-Q3,C,sensing,1,6058,6067,sense,actions make the most sense in light of the
484,2022-10-14 11:00:00,NYSE,2022-Q3,C,sensing,2,6198,6207,sense,to see what makes sense as we move toward
484,2022-10-14 11:00:00,NYSE,2022-Q3,C,sensing,3,6879,6888,sense,that gives you some sense of where the revenue
484,2022-10-14 11:00:00,NYSE,2022-Q3,C,seizing,1,785,794,invest,a we continue to invest in building out our
484,2022-10-14 11:00:00,NYSE,2022-Q3,C,seizing,2,1035,1044,invest,as we continue to invest in our businesses and
484,2022-10-14 11:00:00,NYSE,2022-Q3,C,seizing,3,2012,2021,invest,and we continue to invest in the client experience
484,2022-10-14 11:00:00,NYSE,2022-Q3,C,seizing,4,2068,2077,invest,buckets we continue to invest in technology including systems
484,2022-10-14 11:00:00,NYSE,2022-Q3,C,seizing,5,5270,5279,invest,we will continue to invest in the franchise that
484,2022-10-14 11:00:00,NYSE,2022-Q3,C,seizing,6,8355,8364,investing,numbers we ve been investing heavily in the talent
484,2022-10-14 11:00:00,NYSE,2022-Q3,C,seizing,7,10071,10080,invest,we ll continue to invest in it and ensure
485,2021-03-10 17:00:00,NYSE,2021-Q3,ORCL,seizing,1,981,990,investing,a result we re investing aggressively this quarter this
485,2021-03-10 17:00:00,NYSE,2021-Q3,ORCL,seizing,2,4837,4846,invest,more companies continue to invest in java and trust
486,2020-05-07 11:00:00,NYSE,2020-Q1,CF,sensing,1,3540,3549,shape,in terms of the shape of the cost curve
486,2020-05-07 11:00:00,NYSE,2020-Q1,CF,sensing,2,6566,6575,sense,do you have a sense for what that number
486,2020-05-07 11:00:00,NYSE,2020-Q1,CF,sensing,3,7916,7925,sense,time and that makes sense as we stay around
487,2021-05-19 09:00:00,NYSE,2021-Q1,LOW,sensing,1,1587,1596,sense,to create a new sense of excitement and to
487,2021-05-19 09:00:00,NYSE,2021-Q1,LOW,sensing,2,6258,6267,sense,sure ok that makes sense and to follow up
487,2021-05-19 09:00:00,NYSE,2021-Q1,LOW,seizing,1,406,415,invested,mind in q we invested nearly million in support
487,2021-05-19 09:00:00,NYSE,2021-Q1,LOW,seizing,2,613,622,invest,increasing we continue to invest in our omnichannel capabilities
487,2021-05-19 09:00:00,NYSE,2021-Q1,LOW,seizing,3,3327,3336,invest,the quarter as we invest in our strategic initiatives
487,2021-05-19 09:00:00,NYSE,2021-Q1,LOW,seizing,4,3982,3991,invest,as we continue to invest in our omnichannel capabilities
487,2021-05-19 09:00:00,NYSE,2021-Q1,LOW,seizing,5,4604,4613,invest,flow we plan to invest billion in capex this
487,2021-05-19 09:00:00,NYSE,2021-Q1,LOW,seizing,6,5047,5056,invested,homes there s more invested capital so there s
487,2021-05-19 09:00:00,NYSE,2021-Q1,LOW,seizing,7,5347,5356,invest,income by continuing to invest in really smart strategic
487,2021-05-19 09:00:00,NYSE,2021-Q1,LOW,seizing,8,6813,6822,invest,we ll continue to invest in these tools and
487,2021-05-19 09:00:00,NYSE,2021-Q1,LOW,seizing,9,7638,7647,invested,that really wasn t invested in historically and was
487,2021-05-19 09:00:00,NYSE,2021-Q1,LOW,seizing,10,7960,7969,invest,talk about continuing to invest in online which is
487,2021-05-19 09:00:00,NYSE,2021-Q1,LOW,seizing,11,7974,7983,investing,sure that we re investing in our installation services
487,2021-05-19 09:00:00,NYSE,2021-Q1,LOW,seizing,12,8617,8626,invested,we ve we have invested in tools and processes
487,2021-05-19 09:00:00,NYSE,2021-Q1,LOW,transforming,1,1416,1425,transform,year plus journey to transform lowe s has given
487,2021-05-19 09:00:00,NYSE,2021-Q1,LOW,transforming,2,2862,2871,redesigned,as well as the redesigned store layout that aligns
487,2021-05-19 09:00:00,NYSE,2021-Q1,LOW,transforming,3,9477,9486,redesigned,the new crm the redesigned store layout and the
488,2022-06-09 10:00:00,NASDAQ,2022-Q2,FCEL,seizing,1,1437,1446,invest,quarter we continued to invest capital in our internal
488,2022-06-09 10:00:00,NASDAQ,2022-Q2,FCEL,seizing,2,2371,2380,investing,as the company is investing in rebranding and accelerating
488,2022-06-09 10:00:00,NASDAQ,2022-Q2,FCEL,seizing,3,3550,3559,investing,our existing platform by investing in extending and deepening
489,2021-04-27 08:30:00,NASDAQ,2021-Q1,AGNC,sensing,1,1905,1914,sense,backdrop sound it made sense to add into the
489,2021-04-27 08:30:00,NASDAQ,2021-Q1,AGNC,sensing,2,3310,3319,sense,obsess about in a sense which pocket the return
489,2021-04-27 08:30:00,NASDAQ,2021-Q1,AGNC,sensing,3,5505,5514,sense,feel like it makes sense to add to leverage
489,2021-04-27 08:30:00,NASDAQ,2021-Q1,AGNC,sensing,4,5628,5637,sense,expectations which obviously makes sense but i guess over
489,2021-04-27 08:30:00,NASDAQ,2021-Q1,AGNC,sensing,5,6129,6138,sense,analyst yes that makes sense ok thanks gary chris
490,2020-08-25 17:00:00,NYSE,2021-Q2,OOMA,sensing,1,3575,3584,sense,can you give a sense of how things transpired
490,2020-08-25 17:00:00,NYSE,2021-Q2,OOMA,sensing,2,4976,4985,shaping,that how is that shaping up and what do
490,2020-08-25 17:00:00,NYSE,2021-Q2,OOMA,sensing,3,5369,5378,sense,business opportunity that makes sense but our current focus
490,2020-08-25 17:00:00,NYSE,2021-Q2,OOMA,sensing,4,5461,5470,sense,there and the economic sense for the partnership is
490,2020-08-25 17:00:00,NYSE,2021-Q2,OOMA,seizing,1,2742,2751,invest,we will continue to invest in these programs to
490,2020-08-25 17:00:00,NYSE,2021-Q2,OOMA,seizing,2,3503,3512,invest,growth while continuing to invest in the future all
490,2020-08-25 17:00:00,NYSE,2021-Q2,OOMA,seizing,3,5815,5824,invest,are we continue to invest into the business side
491,2020-05-27 21:00:00,NYSE,2020-Q1,BEST,seizing,1,920,929,investing,we plan to continue investing in automation and applying
491,2020-05-27 21:00:00,NYSE,2020-Q1,BEST,seizing,2,1834,1843,investing,on capital allocation and investing we have fortified our
491,2020-05-27 21:00:00,NYSE,2020-Q1,BEST,seizing,3,2582,2591,invest,as we continue to invest in technology please note
491,2020-05-27 21:00:00,NYSE,2020-Q1,BEST,seizing,4,2604,2613,invest,sg a expense and invest in r d to
491,2020-05-27 21:00:00,NYSE,2020-Q1,BEST,seizing,5,3459,3468,investing,in terms of capex investing in automation is still
491,2020-05-27 21:00:00,NYSE,2020-Q1,BEST,seizing,6,3479,3488,invest,our plan is to invest rmb billion in capex
492,2021-05-04 08:00:00,NASDAQ,2021-Q1,INCY,sensing,1,3217,3226,sense,wanted to get a sense of what data we
492,2021-05-04 08:00:00,NASDAQ,2021-Q1,INCY,sensing,2,3256,3265,sense,wanted to get a sense of whether you have
492,2021-05-04 08:00:00,NASDAQ,2021-Q1,INCY,sensing,3,3904,3913,sense,would give you a sense of the durability of
493,2022-07-28 17:00:00,NASDAQ,2022-Q3,AAPL,sensing,1,4817,4826,sense,you give us a sense of how you see
493,2022-07-28 17:00:00,NASDAQ,2022-Q3,AAPL,sensing,2,4990,4999,sense,you give us a sense especially now that you
493,2022-07-28 17:00:00,NASDAQ,2022-Q3,AAPL,sensing,3,5329,5338,sense,kind of get a sense for what you re
493,2022-07-28 17:00:00,NASDAQ,2022-Q3,AAPL,sensing,4,7405,7414,sense,analyst ok that makes sense well then maybe i
493,2022-07-28 17:00:00,NASDAQ,2022-Q3,AAPL,seizing,1,2629,2638,investing,our customers are increasingly investing in apple products as
493,2022-07-28 17:00:00,NASDAQ,2022-Q3,AAPL,seizing,2,2675,2684,investing,global enterprise customer is investing in macbook air with
493,2022-07-28 17:00:00,NASDAQ,2022-Q3,AAPL,seizing,3,7171,7180,investing,officer we believe in investing through the downturn and
493,2022-07-28 17:00:00,NASDAQ,2022-Q3,AAPL,seizing,4,7184,7193,invest,to hire people and invest in areas but we
493,2022-07-28 17:00:00,NASDAQ,2022-Q3,AAPL,transforming,1,572,581,redesigned,innovation including the completely redesigned macbook air and a
494,2021-07-21 08:30:00,NYSE,2021-Q2,KO,seizing,1,2369,2378,invest,mentality and we ll invest behind this momentum going
494,2021-07-21 08:30:00,NYSE,2021-Q2,KO,seizing,2,2621,2630,investing,stronger and we are investing ahead of recovery as
494,2021-07-21 08:30:00,NYSE,2021-Q2,KO,seizing,3,4379,4388,investing,also very focused on investing in our brands in
494,2021-07-21 08:30:00,NYSE,2021-Q2,KO,seizing,4,5672,5681,invest,degree of flexibility to invest behind some of the
494,2021-07-21 08:30:00,NYSE,2021-Q2,KO,seizing,5,8986,8995,invest,push on that and invest to see where we
494,2021-07-21 08:30:00,NYSE,2021-Q2,KO,seizing,6,9715,9724,invest,strong we continue to invest behind momentum and the
495,2019-10-30 16:30:00,NASDAQ,2019-Q3,FOXF,sensing,1,3321,3330,sense,maybe give us a sense zvi on how you
495,2019-10-30 16:30:00,NASDAQ,2019-Q3,FOXF,sensing,2,3880,3889,sense,to give us a sense of maybe how big
495,2019-10-30 16:30:00,NASDAQ,2019-Q3,FOXF,sensing,3,4737,4746,sense,analyst okay that makes sense very helpful thank you
495,2019-10-30 16:30:00,NASDAQ,2019-Q3,FOXF,sensing,4,7757,7766,sense,analyst okay that makes sense and then one more
495,2019-10-30 16:30:00,NASDAQ,2019-Q3,FOXF,seizing,1,1915,1924,investing,re aggressively promoting and investing in the marzocchi brand
495,2019-10-30 16:30:00,NASDAQ,2019-Q3,FOXF,seizing,2,2346,2355,invest,personnel costs as we invest in product innovation operating
496,2020-01-30 09:00:00,NYSE,2019-Q4,RTN,sensing,1,3708,3717,sense,try to do a sense off that was very
496,2020-01-30 09:00:00,NYSE,2019-Q4,RTN,sensing,2,3736,3745,sense,year they conducted a sense off and in the
496,2020-01-30 09:00:00,NYSE,2019-Q4,RTN,sensing,3,3757,3766,sense,we brought to the sense off anthony f o
496,2020-01-30 09:00:00,NYSE,2019-Q4,RTN,sensing,4,4467,4476,sense,leading up to the sense off and the hardware
496,2020-01-30 09:00:00,NYSE,2019-Q4,RTN,sensing,5,5121,5130,sense,what makes the most sense for the company and
496,2020-01-30 09:00:00,NYSE,2019-Q4,RTN,seizing,1,4994,5003,invest,had i think we invest it had been aligned
497,2021-04-29 09:00:00,NYSE,2021-Q1,NOC,sensing,1,3076,3085,shaping,shareholders our portfolio s shaping and continued investment in
497,2021-04-29 09:00:00,NYSE,2021-Q1,NOC,sensing,2,5208,5217,sense,will give you more sense of the capital we
497,2021-04-29 09:00:00,NYSE,2021-Q1,NOC,sensing,3,5682,5691,shaping,been active in portfolio shaping and are pleased with
497,2021-04-29 09:00:00,NYSE,2021-Q1,NOC,sensing,4,6138,6147,sense,a bit of a sense for some of the
497,2021-04-29 09:00:00,NYSE,2021-Q1,NOC,seizing,1,653,662,invest,security challenge and will invest in the capabilities needed
497,2021-04-29 09:00:00,NYSE,2021-Q1,NOC,seizing,2,2844,2853,investing,deployment strategy that includes investing in the business returning
497,2021-04-29 09:00:00,NYSE,2021-Q1,NOC,seizing,3,5627,5636,invest,has remained consistent we invest in the business but
497,2021-04-29 09:00:00,NYSE,2021-Q1,NOC,seizing,4,6733,6742,invest,they re starting to invest in strategic partnerships we
497,2021-04-29 09:00:00,NYSE,2021-Q1,NOC,seizing,5,6772,6781,invest,do m a or invest organically and are there
497,2021-04-29 09:00:00,NYSE,2021-Q1,NOC,seizing,6,7401,7410,invest,our company continues to invest in and have leadership
497,2021-04-29 09:00:00,NYSE,2021-Q1,NOC,seizing,7,7789,7798,invest,that you have to invest and that you have
497,2021-04-29 09:00:00,NYSE,2021-Q1,NOC,transforming,1,3597,3606,transforming,see this business is transforming the way companies think
498,2019-11-14 17:00:00,NYSE,2019-Q4,DLB,sensing,1,2024,2033,sense,guidance to get a sense of that other income
498,2019-11-14 17:00:00,NYSE,2019-Q4,DLB,sensing,2,3505,3514,sense,just give us a sense of when you talk
498,2019-11-14 17:00:00,NYSE,2019-Q4,DLB,sensing,3,3564,3573,sense,trying to get a sense of how is this
498,2019-11-14 17:00:00,NYSE,2019-Q4,DLB,sensing,4,4228,4237,shape,corky other than the shape of our revenue will
498,2019-11-14 17:00:00,NYSE,2019-Q4,DLB,sensing,5,4501,4510,sense,you give us a sense of that for and
498,2019-11-14 17:00:00,NYSE,2019-Q4,DLB,sensing,6,4891,4900,sense,that gives you a sense of the scale of
498,2019-11-14 17:00:00,NYSE,2019-Q4,DLB,sensing,7,5634,5643,sense,that give you some sense and it s growing
498,2019-11-14 17:00:00,NYSE,2019-Q4,DLB,sensing,8,5672,5681,sense,will give you some sense for the size of
498,2019-11-14 17:00:00,NYSE,2019-Q4,DLB,sensing,9,6824,6833,sense,you give us a sense maybe of what i
498,2019-11-14 17:00:00,NYSE,2019-Q4,DLB,sensing,10,6993,7002,sense,least give you some sense of this back and
498,2019-11-14 17:00:00,NYSE,2019-Q4,DLB,seizing,1,2969,2978,invest,we will continue to invest in making more of
499,2022-07-27 16:30:00,NASDAQ,2022-Q2,ALGN,sensing,1,3800,3809,sense,while acting with a sense of urgency to ensure
499,2022-07-27 16:30:00,NASDAQ,2022-Q2,ALGN,sensing,2,4285,4294,sense,i hope that makes sense nate nathan rich goldman
499,2022-07-27 16:30:00,NASDAQ,2022-Q2,ALGN,sensing,3,4816,4825,sense,over year in the sense of our order growth
499,2022-07-27 16:30:00,NASDAQ,2022-Q2,ALGN,sensing,4,6303,6312,sense,is over in the sense jon block stifel financial
499,2022-07-27 16:30:00,NASDAQ,2022-Q2,ALGN,sensing,5,6825,6834,sense,would seem to make sense to me anyway but
499,2022-07-27 16:30:00,NASDAQ,2022-Q2,ALGN,sensing,6,8430,8439,sense,have ptsd in that sense and what we experienced
499,2022-07-27 16:30:00,NASDAQ,2022-Q2,ALGN,sensing,7,8492,8501,sense,good indicator in the sense of our market and
499,2022-07-27 16:30:00,NASDAQ,2022-Q2,ALGN,sensing,8,8809,8818,sense,one off in that sense we normally hire to
499,2022-07-27 16:30:00,NASDAQ,2022-Q2,ALGN,sensing,9,9943,9952,sense,year number in that sense but europe has the
499,2022-07-27 16:30:00,NASDAQ,2022-Q2,ALGN,sensing,10,10604,10613,sense,brought up in the sense of well what happens
499,2022-07-27 16:30:00,NASDAQ,2022-Q2,ALGN,sensing,11,10786,10795,sense,been responsible in the sense of adjusting the business
499,2022-07-27 16:30:00,NASDAQ,2022-Q2,ALGN,sensing,12,11161,11170,sense,kind of get the sense that things probably slowed
499,2022-07-27 16:30:00,NASDAQ,2022-Q2,ALGN,sensing,13,11185,11194,sense,lockdowns being worse any sense you can give on
499,2022-07-27 16:30:00,NASDAQ,2022-Q2,ALGN,seizing,1,3618,3627,invest,that provides flexibility to invest in our growth while
499,2022-07-27 16:30:00,NASDAQ,2022-Q2,ALGN,seizing,2,7482,7491,investing,between how we re investing in go to market
499,2022-07-27 16:30:00,NASDAQ,2022-Q2,ALGN,seizing,3,8977,8986,invest,sure we continue to invest in those growth opportunities
499,2022-07-27 16:30:00,NASDAQ,2022-Q2,ALGN,transforming,1,1187,1196,transform,patients and consumers to transform smiles and change lives
499,2022-07-27 16:30:00,NASDAQ,2022-Q2,ALGN,transforming,2,1516,1525,transform,massive market opportunity to transform million smiles for q
499,2022-07-27 16:30:00,NASDAQ,2022-Q2,ALGN,transforming,3,1635,1644,transforming,campaign showcases invisalign treatment transforming smiles and the resulting
