call_id,date,exchange,q,ticker,capability,keyword,matched_term,match_token_index,window_start,window_end,left_context,right_context,kwic_text
0,2020-08-27 21:00:00,NASDAQ,2020-Q2,BILI,seizing,invest,invest,3412,3408,3417,very good window to,in user growth and,very good window to invest in user growth and
0,2020-08-27 21:00:00,NASDAQ,2020-Q2,BILI,seizing,invested,invested,4596,4592,4601,mentioned earlier we have,significantly in expanding our,mentioned earlier we have invested significantly in expanding our
0,2020-08-27 21:00:00,NASDAQ,2020-Q2,BILI,seizing,invest,invest,4945,4941,4950,we will continue to,in improving our advertisement,we will continue to invest in improving our advertisement
1,2020-07-30 16:30:00,NYSE,2020-Q3,GFF,seizing,investing,investing,279,275,284,new customers have been,in home projects such,new customers have been investing in home projects such
1,2020-07-30 16:30:00,NYSE,2020-Q3,GFF,seizing,investing,investing,837,833,842,and manufacturing facilities and,in automation and e,and manufacturing facilities and investing in automation and e
1,2020-07-30 16:30:00,NYSE,2020-Q3,GFF,seizing,invest,invest,1282,1278,1287,uncertainty while continuing to,in all of our,uncertainty while continuing to invest in all of our
1,2020-07-30 16:30:00,NYSE,2020-Q3,GFF,seizing,investing,investing,2803,2799,2808,doing in terms of,in the business the,doing in terms of investing in the business the
1,2020-07-30 16:30:00,NYSE,2020-Q3,GFF,seizing,investing,investing,3466,3462,3471,going to restaurants and,in their homes and,going to restaurants and investing in their homes and
1,2020-07-30 16:30:00,NYSE,2020-Q3,GFF,sensing,sense,sense,3532,3528,3537,maybe give us a,of how trends and,maybe give us a sense of how trends and
1,2020-07-30 16:30:00,NYSE,2020-Q3,GFF,seizing,invest,invest,3696,3692,3701,going to continue to,in the brands to,going to continue to invest in the brands to
2,2019-10-23 17:00:00,NASDAQ,2020-Q1,LRCX,seizing,invested,invested,905,901,910,all market segments we,early in d to,all market segments we invested early in d to
2,2019-10-23 17:00:00,NASDAQ,2020-Q1,LRCX,seizing,investing,investing,942,938,947,scaling and we are,aggressively to deliver the,scaling and we are investing aggressively to deliver the
2,2019-10-23 17:00:00,NASDAQ,2020-Q1,LRCX,seizing,investing,investing,1909,1905,1914,remain laser focused on,in research and development,remain laser focused on investing in research and development
2,2019-10-23 17:00:00,NASDAQ,2020-Q1,LRCX,sensing,sense,sense,3925,3921,3930,think it would make,that they would be,think it would make sense that they would be
2,2019-10-23 17:00:00,NASDAQ,2020-Q1,LRCX,sensing,sense,sense,4071,4067,4076,least give us some,on how fast the,least give us some sense on how fast the
2,2019-10-23 17:00:00,NASDAQ,2020-Q1,LRCX,sensing,sense,sense,4386,4382,4391,trying to get a,of how we think,trying to get a sense of how we think
3,2019-11-06 12:00:00,NASDAQ,2019-Q3,BBSI,seizing,investing,investing,813,809,818,spend against growth while,in the business for,spend against growth while investing in the business for
3,2019-11-06 12:00:00,NASDAQ,2019-Q3,BBSI,seizing,invested,invested,969,965,974,will continue to be,in a manner consistent,will continue to be invested in a manner consistent
3,2019-11-06 12:00:00,NASDAQ,2019-Q3,BBSI,seizing,invested,invested,983,979,988,continue to stay conservatively,in shorter duration securities,continue to stay conservatively invested in shorter duration securities
3,2019-11-06 12:00:00,NASDAQ,2019-Q3,BBSI,seizing,invested,invested,1020,1016,1025,book yield for the,portfolios was basis points,book yield for the invested portfolios was basis points
3,2019-11-06 12:00:00,NASDAQ,2019-Q3,BBSI,seizing,invested,invested,1036,1032,1041,average quality of the,portfolios was aa and,average quality of the invested portfolios was aa and
3,2019-11-06 12:00:00,NASDAQ,2019-Q3,BBSI,seizing,invest,invest,1233,1229,1238,sales we continue to,in the business and,sales we continue to invest in the business and
3,2019-11-06 12:00:00,NASDAQ,2019-Q3,BBSI,seizing,invest,invest,1903,1899,1908,into new markets and,in support of our,into new markets and invest in support of our
3,2019-11-06 12:00:00,NASDAQ,2019-Q3,BBSI,seizing,invest,invest,2027,2023,2032,in these branches we,to support consistency of,in these branches we invest to support consistency of
3,2019-11-06 12:00:00,NASDAQ,2019-Q3,BBSI,seizing,invest,invest,2154,2150,2159,nimble we continue to,in infrastructure that supports,nimble we continue to invest in infrastructure that supports
3,2019-11-06 12:00:00,NASDAQ,2019-Q3,BBSI,sensing,sense,sense,3386,3382,3391,that it makes more,for those customers to,that it makes more sense for those customers to
3,2019-11-06 12:00:00,NASDAQ,2019-Q3,BBSI,seizing,invest,invest,3990,3986,3995,we re going to,in our businesses and,we re going to invest in our businesses and
3,2019-11-06 12:00:00,NASDAQ,2019-Q3,BBSI,seizing,invest,invest,3995,3991,4000,in our businesses and,in our branches in,in our businesses and invest in our branches in
3,2019-11-06 12:00:00,NASDAQ,2019-Q3,BBSI,seizing,invest,invest,4015,4011,4020,we re going to,in things that make,we re going to invest in things that make
3,2019-11-06 12:00:00,NASDAQ,2019-Q3,BBSI,sensing,sense,sense,7155,7151,7160,business if that makes,so if you think,business if that makes sense so if you think
4,2019-08-07 08:30:00,NASDAQ,2019-Q2,CSTE,sensing,sense,sense,1767,1763,1772,try and get a,when you are able,try and get a sense when you are able
4,2019-08-07 08:30:00,NASDAQ,2019-Q2,CSTE,sensing,sense,sense,1794,1790,1799,love to get a,of since a quarter,love to get a sense of since a quarter
4,2019-08-07 08:30:00,NASDAQ,2019-Q2,CSTE,sensing,sense,sense,1840,1836,1845,love to get a,of obviously everything kind,love to get a sense of obviously everything kind
4,2019-08-07 08:30:00,NASDAQ,2019-Q2,CSTE,sensing,sense,sense,2287,2283,2292,trying to get a,of it let s,trying to get a sense of it let s
4,2019-08-07 08:30:00,NASDAQ,2019-Q2,CSTE,sensing,sense,sense,2512,2508,2517,our expectation in that,michael rehaut jp morgan,our expectation in that sense michael rehaut jp morgan
4,2019-08-07 08:30:00,NASDAQ,2019-Q2,CSTE,sensing,sense,sense,2666,2662,2671,trying to get a,of how you think,trying to get a sense of how you think
4,2019-08-07 08:30:00,NASDAQ,2019-Q2,CSTE,sensing,sense,sense,3038,3034,3043,could give us a,if the amount of,could give us a sense if the amount of
4,2019-08-07 08:30:00,NASDAQ,2019-Q2,CSTE,sensing,sense,sense,3072,3068,3077,trying to get a,of how big that,trying to get a sense of how big that
4,2019-08-07 08:30:00,NASDAQ,2019-Q2,CSTE,sensing,sense,sense,4016,4012,4021,could i get a,of what your price,could i get a sense of what your price
4,2019-08-07 08:30:00,NASDAQ,2019-Q2,CSTE,sensing,sense,sense,4214,4210,4219,could give us a,of what price what,could give us a sense of what price what
4,2019-08-07 08:30:00,NASDAQ,2019-Q2,CSTE,sensing,sense,sense,4335,4331,4340,trying to get a,of what percent of,trying to get a sense of what percent of
4,2019-08-07 08:30:00,NASDAQ,2019-Q2,CSTE,sensing,sense,sense,4376,4372,4381,a partner that makes,strategically given all the,a partner that makes sense strategically given all the
5,2020-11-04 17:00:00,NYSE,2020-Q3,GDOT,seizing,invest,invest,2487,2483,2492,should be needed to,in strategic initiatives now,should be needed to invest in strategic initiatives now
5,2020-11-04 17:00:00,NYSE,2020-Q3,GDOT,seizing,invest,invest,3555,3551,3560,see being able to,in a company like,see being able to invest in a company like
5,2020-11-04 17:00:00,NYSE,2020-Q3,GDOT,sensing,sense,sense,5178,5174,5183,makes a ton of,my follow up is,makes a ton of sense my follow up is
6,2020-08-05 08:30:00,NYSE,2020-Q2,KAR,sensing,sense,sense,3905,3901,3910,think there is some,of maybe some of,think there is some sense of maybe some of
6,2020-08-05 08:30:00,NYSE,2020-Q2,KAR,sensing,sense,sense,8241,8237,8246,trying to get a,of how july looked,trying to get a sense of how july looked
6,2020-08-05 08:30:00,NYSE,2020-Q2,KAR,seizing,invested,invested,10218,10214,10223,business bret that we,in and quite frankly,business bret that we invested in and quite frankly
7,2021-03-24 11:00:00,NYSE,2021-Q2,EPAC,sensing,sense,sense,4021,4017,4026,vaccines is creating our,of optimism moving over,vaccines is creating our sense of optimism moving over
7,2021-03-24 11:00:00,NYSE,2021-Q2,EPAC,sensing,sense,sense,6464,6460,6469,trying to get a,of how much pricing,trying to get a sense of how much pricing
8,2021-06-09 08:30:00,NYSE,2021-Q2,ABM,seizing,invest,invest,457,453,462,while we continue to,to support future growth,while we continue to invest to support future growth
8,2021-06-09 08:30:00,NYSE,2021-Q2,ABM,seizing,invested,invested,1225,1221,1230,support future growth we,in information technology initiatives,support future growth we invested in information technology initiatives
8,2021-06-09 08:30:00,NYSE,2021-Q2,ABM,seizing,investing,investing,1239,1235,1244,fiscal and we anticipate,further during the second,fiscal and we anticipate investing further during the second
8,2021-06-09 08:30:00,NYSE,2021-Q2,ABM,seizing,investing,investing,2824,2820,2829,adding additional growth by,organically while pursuing potential,adding additional growth by investing organically while pursuing potential
8,2021-06-09 08:30:00,NYSE,2021-Q2,ABM,sensing,sense,sense,4220,4216,4225,helpful does that make,tim mulrooney william blair,helpful does that make sense tim mulrooney william blair
8,2021-06-09 08:30:00,NYSE,2021-Q2,ABM,sensing,sense,sense,4923,4919,4928,guiding does that makes,sean eastman keybanc capital,guiding does that makes sense sean eastman keybanc capital
8,2021-06-09 08:30:00,NYSE,2021-Q2,ABM,sensing,sense,sense,5606,5602,5611,basis which would make,for them as well,basis which would make sense for them as well
8,2021-06-09 08:30:00,NYSE,2021-Q2,ABM,sensing,sense,sense,5621,5617,5626,inc analyst that makes,but as we sit,inc analyst that makes sense but as we sit
8,2021-06-09 08:30:00,NYSE,2021-Q2,ABM,sensing,sense,sense,5769,5765,5774,and effort so my,is that kind of,and effort so my sense is that kind of
8,2021-06-09 08:30:00,NYSE,2021-Q2,ABM,sensing,sense,sense,5931,5927,5936,yet does that make,andrew wittmann robert w,yet does that make sense andrew wittmann robert w
8,2021-06-09 08:30:00,NYSE,2021-Q2,ABM,sensing,sense,sense,5946,5942,5951,makes a lot of,and just on technical,makes a lot of sense and just on technical
8,2021-06-09 08:30:00,NYSE,2021-Q2,ABM,sensing,sense,sense,6476,6472,6481,kind of get a,of what that line,kind of get a sense of what that line
8,2021-06-09 08:30:00,NYSE,2021-Q2,ABM,seizing,invest,invest,6548,6544,6553,we re continuing to,in both our talent,we re continuing to invest in both our talent
8,2021-06-09 08:30:00,NYSE,2021-Q2,ABM,seizing,invest,invest,9146,9142,9151,to be looking to,in both organic as,to be looking to invest in both organic as
8,2021-06-09 08:30:00,NYSE,2021-Q2,ABM,seizing,invest,invest,9361,9357,9366,spot to continue to,in and accelerate the,spot to continue to invest in and accelerate the
9,2022-08-11 08:30:00,NYSE,2022-Q2,SGHC,seizing,investing,investing,1075,1071,1080,considering various opportunities including,in brand and other,considering various opportunities including investing in brand and other
9,2022-08-11 08:30:00,NYSE,2022-Q2,SGHC,seizing,investing,investing,2410,2406,2415,because our focus on,remains for the long,because our focus on investing remains for the long
10,2020-07-28 10:00:00,NYSE,2020-Q2,WDR,seizing,investing,investing,470,466,475,ivy approach to active,where we invest based,ivy approach to active investing where we invest based
10,2020-07-28 10:00:00,NYSE,2020-Q2,WDR,seizing,invest,invest,473,469,478,active investing where we,based on fundamentals business,active investing where we invest based on fundamentals business
10,2020-07-28 10:00:00,NYSE,2020-Q2,WDR,seizing,investing,investing,2118,2114,2123,commitment to finding and,in companies with differentiated,commitment to finding and investing in companies with differentiated
10,2020-07-28 10:00:00,NYSE,2020-Q2,WDR,transforming,transforming,transforming,2637,2633,2642,quarter end our progress,the wealth management business,quarter end our progress transforming the wealth management business
10,2020-07-28 10:00:00,NYSE,2020-Q2,WDR,transforming,redeployed,redeployed,3025,3021,3030,higher million as we,travel and entertainment savings,higher million as we redeployed travel and entertainment savings
10,2020-07-28 10:00:00,NYSE,2020-Q2,WDR,seizing,invest,invest,3087,3083,3092,long term view and,in the areas we,long term view and invest in the areas we
10,2020-07-28 10:00:00,NYSE,2020-Q2,WDR,transforming,transformed,transformed,3636,3632,3641,we ve kind of,the business model along,we ve kind of transformed the business model along
10,2020-07-28 10:00:00,NYSE,2020-Q2,WDR,transforming,transforming,transforming,3815,3811,3820,made significant progress in,the business model within,made significant progress in transforming the business model within
10,2020-07-28 10:00:00,NYSE,2020-Q2,WDR,sensing,sense,sense,4952,4948,4957,trying to get a,of what s more,trying to get a sense of what s more
10,2020-07-28 10:00:00,NYSE,2020-Q2,WDR,seizing,invest,invest,8658,8654,8663,and our ability to,in continuing to build,and our ability to invest in continuing to build
11,2021-08-26 09:00:00,NYSE,2022-Q1,SJM,sensing,sense,sense,3657,3653,3662,to give you a,and then i would,to give you a sense and then i would
11,2021-08-26 09:00:00,NYSE,2022-Q1,SJM,sensing,sense,sense,4038,4034,4043,should give you a,of timing as well,should give you a sense of timing as well
11,2021-08-26 09:00:00,NYSE,2022-Q1,SJM,sensing,sense,sense,5846,5842,5851,thanks is there any,for the magnitude of,thanks is there any sense for the magnitude of
11,2021-08-26 09:00:00,NYSE,2022-Q1,SJM,seizing,invest,invest,6272,6268,6277,able to continue to,in our business to,able to continue to invest in our business to
12,2021-11-22 17:15:00,NASDAQ,2022-Q3,URBN,seizing,invested,invested,2506,2502,2511,past few years has,in infrastructure delivery capabilities,past few years has invested in infrastructure delivery capabilities
12,2021-11-22 17:15:00,NASDAQ,2022-Q3,URBN,seizing,investing,investing,2590,2586,2595,new customer acquisition by,more in both digital,new customer acquisition by investing more in both digital
12,2021-11-22 17:15:00,NASDAQ,2022-Q3,URBN,sensing,sense,sense,6018,6014,6023,shoes in stores and,to take that to,shoes in stores and sense to take that to
12,2021-11-22 17:15:00,NASDAQ,2022-Q3,URBN,sensing,sense,sense,7046,7042,7051,it gives you a,there was a pretty,it gives you a sense there was a pretty
13,2019-10-30 12:00:00,NYSE,2019-Q3,HESM,seizing,invested,invested,2890,2886,2895,speaking has been under,in water services so,speaking has been under invested in water services so
14,2020-07-30 10:00:00,NASDAQ,2020-Q2,SPOK,seizing,investing,investing,538,534,543,further we believe in,in and building for,further we believe in investing in and building for
14,2020-07-30 10:00:00,NASDAQ,2020-Q2,SPOK,sensing,shape,shape,1601,1597,1606,engage clinicians to help,the features of the,engage clinicians to help shape the features of the
14,2020-07-30 10:00:00,NASDAQ,2020-Q2,SPOK,seizing,investing,investing,4709,4705,4714,our quarterly dividend while,in our future focused,our quarterly dividend while investing in our future focused
14,2020-07-30 10:00:00,NASDAQ,2020-Q2,SPOK,seizing,invest,invest,4943,4939,4948,not doing anything to,and create future value,not doing anything to invest and create future value
14,2020-07-30 10:00:00,NASDAQ,2020-Q2,SPOK,seizing,investing,investing,6640,6636,6645,lot of people are,because they think in,lot of people are investing because they think in
15,2021-01-14 01:00:00,NYSE,2020-Q4,TSM,seizing,invested,invested,1048,1044,1053,year our capex is,in anticipation of the,year our capex is invested in anticipation of the
15,2021-01-14 01:00:00,NYSE,2020-Q4,TSM,seizing,invest,invest,4606,4602,4611,think the capex we,for the future growth,think the capex we invest for the future growth
15,2021-01-14 01:00:00,NYSE,2020-Q4,TSM,seizing,invest,invest,4851,4847,4856,capex we need to,jeff su director of,capex we need to invest jeff su director of
15,2021-01-14 01:00:00,NYSE,2020-Q4,TSM,seizing,invest,invest,9158,9154,9163,financial officer rick we,this year actually for,financial officer rick we invest this year actually for
15,2021-01-14 01:00:00,NYSE,2020-Q4,TSM,transforming,redesign,redesign,9330,9326,9335,or it needs to,the chip based on,or it needs to redesign the chip based on
16,2021-02-11 08:30:00,NYSE,2020-Q3,MYOV,transforming,transform,transform,312,308,317,milestones that have helped,us into a commercial,milestones that have helped transform us into a commercial
16,2021-02-11 08:30:00,NYSE,2020-Q3,MYOV,seizing,invest,invest,1157,1153,1162,now enable us to,in our pipeline beyond,now enable us to invest in our pipeline beyond
16,2021-02-11 08:30:00,NYSE,2020-Q3,MYOV,sensing,sense,sense,8032,8028,8037,think to get a,of the trajectory that,think to get a sense of the trajectory that
17,2021-02-17 09:00:00,NYSE,2020-Q4,GNW,sensing,shape,shape,5495,5491,5500,we re in good,on the in terms,we re in good shape on the in terms
17,2021-02-17 09:00:00,NYSE,2020-Q4,GNW,sensing,shape,shape,5592,5588,5597,re in pretty good,dan i wanted to,re in pretty good shape dan i wanted to
17,2021-02-17 09:00:00,NYSE,2020-Q4,GNW,sensing,sense,sense,6000,5996,6005,little bit of a,on this the competitive,little bit of a sense on this the competitive
18,2022-04-27 04:30:00,NYSE,2022-Q1,WPP,seizing,invest,invest,640,636,645,clients we continue to,in xaxis and finecast,clients we continue to invest in xaxis and finecast
18,2022-04-27 04:30:00,NYSE,2022-Q1,WPP,seizing,investing,investing,648,644,653,finecast where we re,in technology innovation and,finecast where we re investing in technology innovation and
18,2022-04-27 04:30:00,NYSE,2022-Q1,WPP,seizing,invest,invest,2194,2190,2199,is we continue to,in the company to,is we continue to invest in the company to
18,2022-04-27 04:30:00,NYSE,2022-Q1,WPP,seizing,invest,invest,2932,2928,2937,protect their budgets to,in media and you,protect their budgets to invest in media and you
18,2022-04-27 04:30:00,NYSE,2022-Q1,WPP,sensing,sense,sense,4459,4455,4464,pressures i think my,is we re in,pressures i think my sense is we re in
18,2022-04-27 04:30:00,NYSE,2022-Q1,WPP,seizing,invest,invest,5797,5793,5802,in the business to,in our future growth,in the business to invest in our future growth
18,2022-04-27 04:30:00,NYSE,2022-Q1,WPP,sensing,sense,sense,7970,7966,7975,is there s this,that it s all,is there s this sense that it s all
18,2022-04-27 04:30:00,NYSE,2022-Q1,WPP,sensing,sense,sense,8143,8139,8148,revenue growth in the,that it s these,revenue growth in the sense that it s these
18,2022-04-27 04:30:00,NYSE,2022-Q1,WPP,sensing,sense,sense,8614,8610,8619,citi analyst that makes,and mark read and,citi analyst that makes sense and mark read and
18,2022-04-27 04:30:00,NYSE,2022-Q1,WPP,sensing,sense,sense,9492,9488,9497,are specifics in the,that everyone is trading,are specifics in the sense that everyone is trading
18,2022-04-27 04:30:00,NYSE,2022-Q1,WPP,sensing,sense,sense,11133,11129,11138,of give us a,of when decisions might,of give us a sense of when decisions might
19,2019-11-06 16:30:00,NASDAQ,2019-Q3,DXCM,seizing,investing,investing,1082,1078,1087,insulin business we are,in our new markets,insulin business we are investing in our new markets
19,2019-11-06 16:30:00,NASDAQ,2019-Q3,DXCM,seizing,invest,invest,2089,2085,2094,have flexibility as we,to lengthen our growth,have flexibility as we invest to lengthen our growth
20,2019-07-30 10:30:00,NYSE,2019-Q2,EME,seizing,invest,invest,2889,2885,2894,as we continue to,in our business despite,as we continue to invest in our business despite
20,2019-07-30 10:30:00,NYSE,2019-Q2,EME,sensing,sense,sense,4493,4489,4498,to get a better,for second half visibility,to get a better sense for second half visibility
20,2019-07-30 10:30:00,NYSE,2019-Q2,EME,seizing,investing,investing,8560,8556,8565,productivity so that means,in bim prefab digital,productivity so that means investing in bim prefab digital
20,2019-07-30 10:30:00,NYSE,2019-Q2,EME,seizing,invest,invest,9343,9339,9348,to do acquisitions we,organically because we want,to do acquisitions we invest organically because we want
20,2019-07-30 10:30:00,NYSE,2019-Q2,EME,seizing,invest,invest,9355,9351,9360,we just don t,organically because it s,we just don t invest organically because it s
21,2021-02-10 09:00:00,NASDAQ,2020-Q4,EEFT,sensing,sense,sense,1830,1826,1835,we think it makes,to have them including,we think it makes sense to have them including
21,2021-02-10 09:00:00,NASDAQ,2020-Q4,EEFT,seizing,invested,invested,2668,2664,2673,of years we ve,a lot of time,of years we ve invested a lot of time
21,2021-02-10 09:00:00,NASDAQ,2020-Q4,EEFT,seizing,invest,invest,4249,4245,4254,confidence that we could,in important growth elements,confidence that we could invest in important growth elements
21,2021-02-10 09:00:00,NASDAQ,2020-Q4,EEFT,seizing,invest,invest,5282,5278,5287,sheet to grow and,in our business and,sheet to grow and invest in our business and
21,2021-02-10 09:00:00,NASDAQ,2020-Q4,EEFT,sensing,sense,sense,5356,5352,5361,performance in if you,that this excitement is,performance in if you sense that this excitement is
21,2021-02-10 09:00:00,NASDAQ,2020-Q4,EEFT,sensing,sense,sense,7975,7971,7980,company llc analyst makes,okay and then just,company llc analyst makes sense okay and then just
22,2021-03-16 16:30:00,NASDAQ,2021-Q4,COUP,sensing,sense,sense,985,981,990,it gives you a,of the user centricity,it gives you a sense of the user centricity
22,2021-03-16 16:30:00,NASDAQ,2021-Q4,COUP,sensing,sense,sense,2543,2539,2548,it s about a,of dignity and a,it s about a sense of dignity and a
22,2021-03-16 16:30:00,NASDAQ,2021-Q4,COUP,sensing,sense,sense,2548,2544,2553,of dignity and a,of purpose we seek,of dignity and a sense of purpose we seek
22,2021-03-16 16:30:00,NASDAQ,2021-Q4,COUP,seizing,invest,invest,2905,2901,2910,year we continued to,across our organization and,year we continued to invest across our organization and
22,2021-03-16 16:30:00,NASDAQ,2021-Q4,COUP,sensing,sense,sense,6026,6022,6031,well at the broader,i can tell you,well at the broader sense i can tell you
22,2021-03-16 16:30:00,NASDAQ,2021-Q4,COUP,sensing,sense,sense,7527,7523,7532,you give us a,of some of the,you give us a sense of some of the
22,2021-03-16 16:30:00,NASDAQ,2021-Q4,COUP,sensing,sense,sense,7558,7554,7563,trying to get a,for any increase you,trying to get a sense for any increase you
22,2021-03-16 16:30:00,NASDAQ,2021-Q4,COUP,seizing,invest,invest,9168,9164,9173,going to continue to,in but we think,going to continue to invest in but we think
22,2021-03-16 16:30:00,NASDAQ,2021-Q4,COUP,sensing,sense,sense,9263,9259,9268,in some sort of,of normalcy whether its,in some sort of sense of normalcy whether its
23,2021-11-03 16:30:00,NASDAQ,2022-Q1,ARAY,sensing,sense,sense,3671,3667,3676,wanted to get a,of the baseline and,wanted to get a sense of the baseline and
24,2021-07-01 08:30:00,NASDAQ,2021-Q3,WBA,transforming,transform,transform,586,582,591,to accelerate digital to,and restructure our retail,to accelerate digital to transform and restructure our retail
24,2021-07-01 08:30:00,NASDAQ,2021-Q3,WBA,transforming,transforming,transforming,2518,2514,2523,to make progress in,our pharmacy business and,to make progress in transforming our pharmacy business and
24,2021-07-01 08:30:00,NASDAQ,2021-Q3,WBA,sensing,shape,shape,2901,2897,2906,past are quickly taking,our walgreens advertising group,past are quickly taking shape our walgreens advertising group
24,2021-07-01 08:30:00,NASDAQ,2021-Q3,WBA,seizing,investing,investing,3321,3317,3326,at the same time,in our future i,at the same time investing in our future i
24,2021-07-01 08:30:00,NASDAQ,2021-Q3,WBA,seizing,invested,invested,5449,5445,5454,year basis that we,in sg a just,year basis that we invested in sg a just
24,2021-07-01 08:30:00,NASDAQ,2021-Q3,WBA,seizing,invest,invest,7495,7491,7500,we ll continue to,but you will see,we ll continue to invest but you will see
24,2021-07-01 08:30:00,NASDAQ,2021-Q3,WBA,seizing,investing,investing,7527,7523,7532,we re doing and,in digital and so,we re doing and investing in digital and so
24,2021-07-01 08:30:00,NASDAQ,2021-Q3,WBA,seizing,invested,invested,7747,7743,7752,that we ve already,in the rx renewal,that we ve already invested in the rx renewal
24,2021-07-01 08:30:00,NASDAQ,2021-Q3,WBA,seizing,invested,invested,8659,8655,8664,million vaccinations and we,significant dollars to get,million vaccinations and we invested significant dollars to get
25,2021-05-04 08:30:00,NASDAQ,2021-Q1,ZBRA,seizing,invest,invest,460,456,465,time we continued to,in initiatives to drive,time we continued to invest in initiatives to drive
25,2021-05-04 08:30:00,NASDAQ,2021-Q1,ZBRA,seizing,invest,invest,949,945,954,up their plans to,in digital transformation this,up their plans to invest in digital transformation this
25,2021-05-04 08:30:00,NASDAQ,2021-Q1,ZBRA,transforming,transform,transform,1318,1314,1323,complex operational challenges and,their frontline workflows to,complex operational challenges and transform their frontline workflows to
25,2021-05-04 08:30:00,NASDAQ,2021-Q1,ZBRA,seizing,invest,invest,1500,1496,1505,we also continue to,to accelerate the go,we also continue to invest to accelerate the go
25,2021-05-04 08:30:00,NASDAQ,2021-Q1,ZBRA,seizing,investing,investing,1543,1539,1548,demand economy enterprises are,in zebra solutions with,demand economy enterprises are investing in zebra solutions with
25,2021-05-04 08:30:00,NASDAQ,2021-Q1,ZBRA,sensing,sense,sense,1550,1546,1555,solutions with an increased,of urgency due to,solutions with an increased sense of urgency due to
25,2021-05-04 08:30:00,NASDAQ,2021-Q1,ZBRA,sensing,sense,sense,2712,2708,2717,analyst okay that makes,and then i think,analyst okay that makes sense and then i think
25,2021-05-04 08:30:00,NASDAQ,2021-Q1,ZBRA,seizing,investing,investing,3611,3607,3616,of the larger customers,in e commerce and,of the larger customers investing in e commerce and
25,2021-05-04 08:30:00,NASDAQ,2021-Q1,ZBRA,seizing,invested,invested,5750,5746,5755,made more who have,earlier in those digitization,made more who have invested earlier in those digitization
25,2021-05-04 08:30:00,NASDAQ,2021-Q1,ZBRA,seizing,invest,invest,8013,8009,8018,expect to continue to,in and grow opex,expect to continue to invest in and grow opex
25,2021-05-04 08:30:00,NASDAQ,2021-Q1,ZBRA,seizing,invest,invest,8207,8203,8212,attack of continuing to,in new solutions and,attack of continuing to invest in new solutions and
25,2021-05-04 08:30:00,NASDAQ,2021-Q1,ZBRA,seizing,invest,invest,8300,8296,8305,something that companies will,in for several years,something that companies will invest in for several years
25,2021-05-04 08:30:00,NASDAQ,2021-Q1,ZBRA,sensing,sensing,sensing,8980,8976,8985,is a very exciting,and data acquisition technology,is a very exciting sensing and data acquisition technology
25,2021-05-04 08:30:00,NASDAQ,2021-Q1,ZBRA,seizing,invest,invest,9104,9100,9109,area for us to,we acquired a company,area for us to invest we acquired a company
27,2021-05-21 09:00:00,NYSE,2021-Q1,FL,seizing,invest,invest,1699,1695,1704,mall while continuing to,in our community and,mall while continuing to invest in our community and
27,2021-05-21 09:00:00,NYSE,2021-Q1,FL,sensing,shape,shape,1874,1870,1879,is only just taking,many parts of the,is only just taking shape many parts of the
27,2021-05-21 09:00:00,NYSE,2021-Q1,FL,sensing,shape,shape,1951,1947,1956,position is in excellent,and our bench of,position is in excellent shape and our bench of
27,2021-05-21 09:00:00,NYSE,2021-Q1,FL,seizing,invest,invest,2798,2794,2803,we also continue to,in growing our membership,we also continue to invest in growing our membership
27,2021-05-21 09:00:00,NYSE,2021-Q1,FL,seizing,invested,invested,4104,4100,4109,up in q we,approximately million into our,up in q we invested approximately million into our
27,2021-05-21 09:00:00,NYSE,2021-Q1,FL,sensing,sense,sense,4637,4633,4642,base and then any,of how much sales,base and then any sense of how much sales
28,,NYSE,2018-Q4,BC,seizing,invest,invest,2618,2614,2623,we will continue to,in growth with capital,we will continue to invest in growth with capital
28,,NYSE,2018-Q4,BC,sensing,sense,sense,3545,3541,3550,want to get a,of first are my,want to get a sense of first are my
29,2021-04-08 11:30:00,NYSE,2021-Q4,STZ,seizing,invest,invest,574,570,579,vision fund designed to,in minority owned businesses,vision fund designed to invest in minority owned businesses
29,2021-04-08 11:30:00,NYSE,2021-Q4,STZ,seizing,invest,invest,1424,1420,1429,corona originals we will,in national media spending,corona originals we will invest in national media spending
29,2021-04-08 11:30:00,NYSE,2021-Q4,STZ,seizing,invest,invest,2013,2009,2018,limonada we plan to,approximately million across all,limonada we plan to invest approximately million across all
29,2021-04-08 11:30:00,NYSE,2021-Q4,STZ,seizing,invest,invest,2642,2638,2647,have developed plans to,in the next incremental,have developed plans to invest in the next incremental
29,2021-04-08 11:30:00,NYSE,2021-Q4,STZ,seizing,invest,invest,3702,3698,3707,we ll continue to,in dtc and e,we ll continue to invest in dtc and e
29,2021-04-08 11:30:00,NYSE,2021-Q4,STZ,seizing,invest,invest,4164,4160,4169,we will continue to,aggressively to accelerate growth,we will continue to invest aggressively to accelerate growth
29,2021-04-08 11:30:00,NYSE,2021-Q4,STZ,seizing,invest,invest,6327,6323,6332,is essential that we,appropriately in order to,is essential that we invest appropriately in order to
29,2021-04-08 11:30:00,NYSE,2021-Q4,STZ,sensing,sense,sense,8809,8805,8814,trying to get a,for the scale of,trying to get a sense for the scale of
29,2021-04-08 11:30:00,NYSE,2021-Q4,STZ,seizing,invest,invest,10255,10251,10260,have the flexibility to,in our business as,have the flexibility to invest in our business as
29,2021-04-08 11:30:00,NYSE,2021-Q4,STZ,seizing,investing,investing,10263,10259,10268,as we talked about,significantly in mexico to,as we talked about investing significantly in mexico to
29,2021-04-08 11:30:00,NYSE,2021-Q4,STZ,seizing,invest,invest,10367,10363,10372,money in share repurchases,behind the brands maintain,money in share repurchases invest behind the brands maintain
29,2021-04-08 11:30:00,NYSE,2021-Q4,STZ,seizing,investing,investing,10939,10935,10944,that we were already,against that capability and,that we were already investing against that capability and
29,2021-04-08 11:30:00,NYSE,2021-Q4,STZ,seizing,invested,invested,11034,11030,11039,and we ve also,in that area you,and we ve also invested in that area you
29,2021-04-08 11:30:00,NYSE,2021-Q4,STZ,sensing,shape,shape,11164,11160,11169,additional expansion would take,outside those two facilities,additional expansion would take shape outside those two facilities
29,2021-04-08 11:30:00,NYSE,2021-Q4,STZ,seizing,investing,investing,12062,12058,12067,the position to continue,in mexico and enhancing,the position to continue investing in mexico and enhancing
30,2022-05-05 17:00:00,NYSE,2022-Q1,NET,sensing,sense,sense,1004,1000,1009,and made far more,for them to join,and made far more sense for them to join
30,2022-05-05 17:00:00,NYSE,2022-Q1,NET,sensing,sense,sense,1023,1019,1028,me give you a,of how that s,me give you a sense of how that s
30,2022-05-05 17:00:00,NYSE,2022-Q1,NET,sensing,sense,sense,4189,4185,4194,of sitewide licenses make,and i think that,of sitewide licenses make sense and i think that
30,2022-05-05 17:00:00,NYSE,2022-Q1,NET,sensing,sense,sense,5043,5039,5048,just a ton of,for us to do,just a ton of sense for us to do
30,2022-05-05 17:00:00,NYSE,2022-Q1,NET,sensing,sense,sense,5281,5277,5286,makes a ton of,for us to have,makes a ton of sense for us to have
31,2020-04-23 09:30:00,NYSE,2020-Q2,HZO,seizing,investing,investing,857,853,862,quarter our strategy of,in high margin businesses,quarter our strategy of investing in high margin businesses
31,2020-04-23 09:30:00,NYSE,2020-Q2,HZO,sensing,sense,sense,2867,2863,2872,of give us a,of what you could,of give us a sense of what you could
31,2020-04-23 09:30:00,NYSE,2020-Q2,HZO,sensing,sense,sense,3041,3037,3046,would make the most,eric wold b riley,would make the most sense eric wold b riley
31,2020-04-23 09:30:00,NYSE,2020-Q2,HZO,seizing,invested,invested,4881,4877,4886,tools that we ve,in that brett mentioned,tools that we ve invested in that brett mentioned
31,2020-04-23 09:30:00,NYSE,2020-Q2,HZO,sensing,sense,sense,5261,5257,5266,to give us a,of how positive we,to give us a sense of how positive we
31,2020-04-23 09:30:00,NYSE,2020-Q2,HZO,sensing,sense,sense,5313,5309,5318,just give us a,maybe of how up,just give us a sense maybe of how up
31,2020-04-23 09:30:00,NYSE,2020-Q2,HZO,sensing,sense,sense,5984,5980,5989,wedbush securities analyst makes,and then you touched,wedbush securities analyst makes sense and then you touched
31,2020-04-23 09:30:00,NYSE,2020-Q2,HZO,sensing,sense,sense,7423,7419,7428,related to good business,but also just where,related to good business sense but also just where
31,2020-04-23 09:30:00,NYSE,2020-Q2,HZO,sensing,sense,sense,7468,7464,7473,sure yes that makes,and then last question,sure yes that makes sense and then last question
31,2020-04-23 09:30:00,NYSE,2020-Q2,HZO,sensing,sense,sense,7686,7682,7691,come up with some,of what historically the,come up with some sense of what historically the
32,2021-02-17 08:30:00,NYSE,2021-Q3,LZB,seizing,investing,investing,1604,1600,1609,channel offering and are,in robust plans for,channel offering and are investing in robust plans for
32,2021-02-17 08:30:00,NYSE,2021-Q3,LZB,seizing,investing,investing,1761,1757,1766,the gross margin and,in marketing to drive,the gross margin and investing in marketing to drive
32,2021-02-17 08:30:00,NYSE,2021-Q3,LZB,seizing,invested,invested,2546,2542,2551,to date we have,million in capital primarily,to date we have invested million in capital primarily
32,2021-02-17 08:30:00,NYSE,2021-Q3,LZB,seizing,invest,invest,3420,3416,3425,mean and flexibility to,in opportunities that will,mean and flexibility to invest in opportunities that will
32,2021-02-17 08:30:00,NYSE,2021-Q3,LZB,seizing,invest,invest,5941,5937,5946,basically stopped all capital,and so we knew,basically stopped all capital invest and so we knew
32,2021-02-17 08:30:00,NYSE,2021-Q3,LZB,seizing,investing,investing,5965,5961,5970,on obviously we re,in our new locations,on obviously we re investing in our new locations
32,2021-02-17 08:30:00,NYSE,2021-Q3,LZB,seizing,investing,investing,6003,5999,6008,paused there we are,in our retail stores,paused there we are investing in our retail stores
33,2021-02-25 10:30:00,NYSE,2020-Q4,USPH,sensing,shape,shape,337,333,342,one piece and good,if that was possible,one piece and good shape if that was possible
33,2021-02-25 10:30:00,NYSE,2020-Q4,USPH,sensing,shape,shape,4256,4252,4261,it really in good,so again i think,it really in good shape so again i think
33,2021-02-25 10:30:00,NYSE,2020-Q4,USPH,sensing,shape,shape,4645,4641,4650,in a little better,lawrence scott solow cjs,in a little better shape lawrence scott solow cjs
33,2021-02-25 10:30:00,NYSE,2020-Q4,USPH,sensing,sense,sense,6887,6883,6892,do you have any,like currently or in,do you have any sense like currently or in
34,2020-05-09 20:30:00,NASDAQ,2020-Q1,MRNA,seizing,invest,invest,495,491,500,want to scale and,and exploratory comodalities that,want to scale and invest and exploratory comodalities that
34,2020-05-09 20:30:00,NASDAQ,2020-Q1,MRNA,seizing,investing,investing,572,568,577,safely we spent years,and developing mrna science,safely we spent years investing and developing mrna science
34,2020-05-09 20:30:00,NASDAQ,2020-Q1,MRNA,seizing,invest,invest,707,703,712,modalities and continue to,aggressively in early research,modalities and continue to invest aggressively in early research
34,2020-05-09 20:30:00,NASDAQ,2020-Q1,MRNA,seizing,invest,invest,1393,1389,1398,billion of capital to,to create value and,billion of capital to invest to create value and
34,2020-05-09 20:30:00,NASDAQ,2020-Q1,MRNA,seizing,investing,investing,3397,3393,3402,supplies we are also,in preparedness for the,supplies we are also investing in preparedness for the
34,2020-05-09 20:30:00,NASDAQ,2020-Q1,MRNA,seizing,invest,invest,3506,3502,3511,funding we have to,and create value we,funding we have to invest and create value we
34,2020-05-09 20:30:00,NASDAQ,2020-Q1,MRNA,seizing,invest,invest,3608,3604,3613,a strong ability to,for the long run,a strong ability to invest for the long run
34,2020-05-09 20:30:00,NASDAQ,2020-Q1,MRNA,seizing,invested,invested,3767,3763,3772,to come we ve,heavily in the platform,to come we ve invested heavily in the platform
34,2020-05-09 20:30:00,NASDAQ,2020-Q1,MRNA,seizing,invest,invest,3809,3805,3814,enable the company to,appropriately in the business,enable the company to invest appropriately in the business
34,2020-05-09 20:30:00,NASDAQ,2020-Q1,MRNA,seizing,invest,invest,4359,4355,4364,up to billion to,in the business and,up to billion to invest in the business and
34,2020-05-09 20:30:00,NASDAQ,2020-Q1,MRNA,seizing,investing,investing,4442,4438,4447,the company we re,in the processes to,the company we re investing in the processes to
34,2020-05-09 20:30:00,NASDAQ,2020-Q1,MRNA,sensing,sense,sense,4874,4870,4879,first is the overall,of a dose response,first is the overall sense of a dose response
34,2020-05-09 20:30:00,NASDAQ,2020-Q1,MRNA,sensing,sense,sense,5748,5744,5753,closer to it my,is that we re,closer to it my sense is that we re
34,2020-05-09 20:30:00,NASDAQ,2020-Q1,MRNA,sensing,sense,sense,5761,5757,5766,binary event in the,that one day we,binary event in the sense that one day we
34,2020-05-09 20:30:00,NASDAQ,2020-Q1,MRNA,sensing,sense,sense,5875,5871,5880,then to get a,that the vaccine is,then to get a sense that the vaccine is
34,2020-05-09 20:30:00,NASDAQ,2020-Q1,MRNA,sensing,shape,shape,7671,7667,7676,find every way to,a deal process without,find every way to shape a deal process without
34,2020-05-09 20:30:00,NASDAQ,2020-Q1,MRNA,transforming,transformed,transformed,7929,7925,7934,moderna brand has been,in the last few,moderna brand has been transformed in the last few
34,2020-05-09 20:30:00,NASDAQ,2020-Q1,MRNA,seizing,investing,investing,9138,9134,9143,having the capability and,to sell the products,having the capability and investing to sell the products
34,2020-05-09 20:30:00,NASDAQ,2020-Q1,MRNA,sensing,sense,sense,9472,9468,9477,the allocation that makes,for the country alec,the allocation that makes sense for the country alec
34,2020-05-09 20:30:00,NASDAQ,2020-Q1,MRNA,sensing,sense,sense,9789,9785,9794,able to have a,of the cases and,able to have a sense of the cases and
34,2020-05-09 20:30:00,NASDAQ,2020-Q1,MRNA,sensing,sense,sense,10165,10161,10170,where it actually makes,to run many vaccines,where it actually makes sense to run many vaccines
34,2020-05-09 20:30:00,NASDAQ,2020-Q1,MRNA,sensing,sense,sense,10538,10534,10543,of data that makes,and is complete and,of data that makes sense and is complete and
34,2020-05-09 20:30:00,NASDAQ,2020-Q1,MRNA,seizing,investing,investing,10807,10803,10812,project might just stop,because we are deploying,project might just stop investing because we are deploying
34,2020-05-09 20:30:00,NASDAQ,2020-Q1,MRNA,sensing,sense,sense,10838,10834,10843,the stop lane my,is very few of,the stop lane my sense is very few of
34,2020-05-09 20:30:00,NASDAQ,2020-Q1,MRNA,sensing,shape,shape,11430,11426,11435,most that will take,over the coming weeks,most that will take shape over the coming weeks
35,2021-08-04 16:30:00,NASDAQ,2021-Q2,MELI,seizing,invest,invest,895,891,900,basis we continue to,in product breadth and,basis we continue to invest in product breadth and
35,2021-08-04 16:30:00,NASDAQ,2021-Q2,MELI,seizing,investing,investing,2060,2056,2065,users are keen on,their savings in the,users are keen on investing their savings in the
35,2021-08-04 16:30:00,NASDAQ,2021-Q2,MELI,seizing,investing,investing,2889,2885,2894,believe that we are,toward sustainable growth and,believe that we are investing toward sustainable growth and
35,2021-08-04 16:30:00,NASDAQ,2021-Q2,MELI,seizing,investing,investing,2978,2974,2983,will continue committed to,in both user acquisition,will continue committed to investing in both user acquisition
35,2021-08-04 16:30:00,NASDAQ,2021-Q2,MELI,seizing,investing,investing,2988,2984,2993,well as improving and,behind more features and,well as improving and investing behind more features and
35,2021-08-04 16:30:00,NASDAQ,2021-Q2,MELI,seizing,invested,invested,3759,3755,3764,the way money gets,across a year sometimes,the way money gets invested across a year sometimes
35,2021-08-04 16:30:00,NASDAQ,2021-Q2,MELI,sensing,sense,sense,4831,4827,4836,to get a better,of purchasing power and,to get a better sense of purchasing power and
35,2021-08-04 16:30:00,NASDAQ,2021-Q2,MELI,sensing,sense,sense,4889,4885,4894,codes where it makes,to aim for same,codes where it makes sense to aim for same
36,2021-04-26 17:00:00,NASDAQ,2021-Q1,CDNS,transforming,transforming,transforming,675,671,680,data analytics are helping,that data through intelligence,data analytics are helping transforming that data through intelligence
36,2021-04-26 17:00:00,NASDAQ,2021-Q1,CDNS,sensing,shaping,shaping,797,793,802,quarter with multiple market,customers successfully hitting out,quarter with multiple market shaping customers successfully hitting out
36,2021-04-26 17:00:00,NASDAQ,2021-Q1,CDNS,sensing,shaping,shaping,937,933,942,serdes ip by market,customers for their next,serdes ip by market shaping customers for their next
36,2021-04-26 17:00:00,NASDAQ,2021-Q1,CDNS,seizing,invest,invest,1501,1497,1506,q we continue to,heavily in building out,q we continue to invest heavily in building out
36,2021-04-26 17:00:00,NASDAQ,2021-Q1,CDNS,seizing,invest,invest,1743,1739,1748,as we continue to,in our expanding multiphysics,as we continue to invest in our expanding multiphysics
36,2021-04-26 17:00:00,NASDAQ,2021-Q1,CDNS,seizing,invest,invest,3308,3304,3313,we are continuing to,in this space and,we are continuing to invest in this space and
36,2021-04-26 17:00:00,NASDAQ,2021-Q1,CDNS,seizing,investing,investing,5773,5769,5778,we are very heavily,in that because every,we are very heavily investing in that because every
36,2021-04-26 17:00:00,NASDAQ,2021-Q1,CDNS,seizing,invested,invested,6352,6348,6357,d we have already,and we ll go,d we have already invested and we ll go
36,2021-04-26 17:00:00,NASDAQ,2021-Q1,CDNS,seizing,investing,investing,7507,7503,7512,said we re heavily,in building out a,said we re heavily investing in building out a
37,2021-05-12 09:00:00,NYSE,2021-Q1,VIV,seizing,invest,invest,1047,1043,1052,are gradually starting to,again cloud revenues are,are gradually starting to invest again cloud revenues are
37,2021-05-12 09:00:00,NYSE,2021-Q1,VIV,seizing,investing,investing,2192,2188,2197,new revenue streams and,in the shift toward,new revenue streams and investing in the shift toward
37,2021-05-12 09:00:00,NYSE,2021-Q1,VIV,seizing,invest,invest,2998,2994,3003,allowed us to positively,in our core businesses,allowed us to positively invest in our core businesses
38,2021-01-28 08:30:00,NASDAQ,2021-Q3,NTCT,sensing,sense,sense,3665,3661,3670,makes a ton of,thanks guys jean bua,makes a ton of sense thanks guys jean bua
38,2021-01-28 08:30:00,NASDAQ,2021-Q3,NTCT,sensing,sense,sense,4716,4712,4721,the moment it makes,to pay down the,the moment it makes sense to pay down the
38,2021-01-28 08:30:00,NASDAQ,2021-Q3,NTCT,sensing,sense,sense,6298,6294,6303,mean it just makes,with the vaccines and,mean it just makes sense with the vaccines and
39,2022-08-09 17:00:00,NYSE,2022-Q2,U,seizing,invest,invest,2179,2175,2184,we re continuing to,in functionality and partnerships,we re continuing to invest in functionality and partnerships
39,2022-08-09 17:00:00,NYSE,2022-Q2,U,seizing,investing,investing,2201,2197,2206,this space this includes,in product innovation like,this space this includes investing in product innovation like
39,2022-08-09 17:00:00,NYSE,2022-Q2,U,seizing,seized,seized,3675,3671,3680,during this time we,an opportunity and announce,during this time we seized an opportunity and announce
39,2022-08-09 17:00:00,NYSE,2022-Q2,U,seizing,invest,invest,5052,5048,5057,market we continue to,to strengthen our products,market we continue to invest to strengthen our products
39,2022-08-09 17:00:00,NYSE,2022-Q2,U,seizing,invest,invest,7637,7633,7642,services you need to,and i think we,services you need to invest and i think we
39,2022-08-09 17:00:00,NYSE,2022-Q2,U,seizing,invest,invest,8327,8323,8332,of the opportunity to,in a market where,of the opportunity to invest in a market where
40,2021-02-11 10:00:00,NASDAQ,2020-Q4,RUSHA,sensing,sense,sense,3862,3858,3867,if that makes any,what i m talking,if that makes any sense what i m talking
40,2021-02-11 10:00:00,NASDAQ,2020-Q4,RUSHA,seizing,invest,invest,7846,7842,7851,we re continuing to,and spend money in,we re continuing to invest and spend money in
40,2021-02-11 10:00:00,NASDAQ,2020-Q4,RUSHA,seizing,invest,invest,7907,7903,7912,up to continue to,and continue to grow,up to continue to invest and continue to grow
40,2021-02-11 10:00:00,NASDAQ,2020-Q4,RUSHA,sensing,sense,sense,8052,8048,8057,little bit of a,of your best guess,little bit of a sense of your best guess
40,2021-02-11 10:00:00,NASDAQ,2020-Q4,RUSHA,sensing,shape,shape,8739,8735,8744,balance sheets in good,okay ma am i,balance sheets in good shape okay ma am i
40,2021-02-11 10:00:00,NASDAQ,2020-Q4,RUSHA,sensing,shape,shape,9200,9196,9205,utilization is in good,from the rental perspective,utilization is in good shape from the rental perspective
40,2021-02-11 10:00:00,NASDAQ,2020-Q4,RUSHA,sensing,shape,shape,9965,9961,9970,things in a better,they ve ever been,things in a better shape they ve ever been
40,2021-02-11 10:00:00,NASDAQ,2020-Q4,RUSHA,sensing,shape,shape,9977,9973,9982,it s in great,so we feel good,it s in great shape so we feel good
40,2021-02-11 10:00:00,NASDAQ,2020-Q4,RUSHA,sensing,sense,sense,10155,10151,10160,little bit of a,of what s behind,little bit of a sense of what s behind
40,2021-02-11 10:00:00,NASDAQ,2020-Q4,RUSHA,sensing,sense,sense,10612,10608,10617,if that makes any,so joel tiss bmo,if that makes any sense so joel tiss bmo
42,2021-02-24 08:30:00,NASDAQ,2020-Q4,VCEL,sensing,sense,sense,2238,2234,2243,and just get your,around timing of that,and just get your sense around timing of that
42,2021-02-24 08:30:00,NASDAQ,2020-Q4,VCEL,sensing,sense,sense,2844,2840,2849,wanted to get a,of the same store,wanted to get a sense of the same store
42,2021-02-24 08:30:00,NASDAQ,2020-Q4,VCEL,sensing,sense,sense,3311,3307,3316,great no that makes,and then i think,great no that makes sense and then i think
43,2021-01-28 17:00:00,NASDAQ,2020-Q4,MSTR,seizing,invest,invest,602,598,607,to hold our bitcoin,additional excess cash flows,to hold our bitcoin invest additional excess cash flows
43,2021-01-28 17:00:00,NASDAQ,2020-Q4,MSTR,seizing,investing,investing,978,974,983,and we will continue,to further broaden and,and we will continue investing to further broaden and
43,2021-01-28 17:00:00,NASDAQ,2020-Q4,MSTR,seizing,invested,invested,2310,2306,2315,treasury reserve policy we,the net proceeds from,treasury reserve policy we invested the net proceeds from
43,2021-01-28 17:00:00,NASDAQ,2020-Q4,MSTR,sensing,sense,sense,5531,5527,5536,we think it makes,to it would be,we think it makes sense to it would be
43,2021-01-28 17:00:00,NASDAQ,2020-Q4,MSTR,seizing,invest,invest,5597,5593,5602,our bitcoin we will,additional excess cash flows,our bitcoin we will invest additional excess cash flows
43,2021-01-28 17:00:00,NASDAQ,2020-Q4,MSTR,seizing,invest,invest,6400,6396,6405,company might decide to,in bitcoin if they,company might decide to invest in bitcoin if they
43,2021-01-28 17:00:00,NASDAQ,2020-Q4,MSTR,seizing,invest,invest,6407,6403,6412,if they decide to,in a fund it,if they decide to invest in a fund it
43,2021-01-28 17:00:00,NASDAQ,2020-Q4,MSTR,seizing,invest,invest,6436,6432,6441,if they decide to,directly into bitcoin on,if they decide to invest directly into bitcoin on
43,2021-01-28 17:00:00,NASDAQ,2020-Q4,MSTR,seizing,invest,invest,6484,6480,6489,if somebody wanted to,via a fund and,if somebody wanted to invest via a fund and
44,2021-05-06 08:00:00,NASDAQ,2021-Q1,MRNA,seizing,invest,invest,876,872,881,strong balance sheet to,to scale moderna these,strong balance sheet to invest to scale moderna these
44,2021-05-06 08:00:00,NASDAQ,2021-Q1,MRNA,seizing,investing,investing,970,966,975,to years we re,intensively in digital automation,to years we re investing intensively in digital automation
44,2021-05-06 08:00:00,NASDAQ,2021-Q1,MRNA,seizing,invest,invest,982,978,987,plan for is to,three times more in,plan for is to invest three times more in
44,2021-05-06 08:00:00,NASDAQ,2021-Q1,MRNA,seizing,invest,invest,1001,997,1006,we have decided to,to increase our supply,we have decided to invest to increase our supply
44,2021-05-06 08:00:00,NASDAQ,2021-Q1,MRNA,seizing,invest,invest,1025,1021,1030,to our board to,at that scale first,to our board to invest at that scale first
44,2021-05-06 08:00:00,NASDAQ,2021-Q1,MRNA,seizing,invest,invest,1704,1700,1709,continue to accelerate and,to allow moderna to,continue to accelerate and invest to allow moderna to
44,2021-05-06 08:00:00,NASDAQ,2021-Q1,MRNA,seizing,investing,investing,5163,5159,5168,look into we are,to distribute and dose,look into we are investing to distribute and dose
44,2021-05-06 08:00:00,NASDAQ,2021-Q1,MRNA,seizing,invest,invest,5329,5325,5334,why we decided to,for more supply in,why we decided to invest for more supply in
44,2021-05-06 08:00:00,NASDAQ,2021-Q1,MRNA,seizing,investing,investing,5379,5375,5384,industry and we re,more in research to,industry and we re investing more in research to
44,2021-05-06 08:00:00,NASDAQ,2021-Q1,MRNA,seizing,invest,invest,5434,5430,5439,continuing to innovate and,in science like for,continuing to innovate and invest in science like for
44,2021-05-06 08:00:00,NASDAQ,2021-Q1,MRNA,seizing,investing,investing,5466,5462,5471,more impact we are,aggressively we are accelerating,more impact we are investing aggressively we are accelerating
44,2021-05-06 08:00:00,NASDAQ,2021-Q1,MRNA,seizing,invested,invested,5485,5481,5490,of million in we,around million in in,of million in we invested around million in in
44,2021-05-06 08:00:00,NASDAQ,2021-Q1,MRNA,seizing,investing,investing,5502,5498,5507,million in we re,across the world in,million in we re investing across the world in
44,2021-05-06 08:00:00,NASDAQ,2021-Q1,MRNA,transforming,transform,transform,5524,5520,5529,to ensure we can,clinical operations we are,to ensure we can transform clinical operations we are
44,2021-05-06 08:00:00,NASDAQ,2021-Q1,MRNA,seizing,investing,investing,5529,5525,5534,clinical operations we are,in digital to ensure,clinical operations we are investing in digital to ensure
44,2021-05-06 08:00:00,NASDAQ,2021-Q1,MRNA,sensing,sense,sense,5977,5973,5982,that has a strong,of responsibility we want,that has a strong sense of responsibility we want
44,2021-05-06 08:00:00,NASDAQ,2021-Q1,MRNA,transforming,transform,transform,6265,6261,6270,next five years to,medicines potentially like no,next five years to transform medicines potentially like no
44,2021-05-06 08:00:00,NASDAQ,2021-Q1,MRNA,seizing,invest,invest,6631,6627,6636,invent the manufacturing process,verification processes analytical processes,invent the manufacturing process invest verification processes analytical processes
44,2021-05-06 08:00:00,NASDAQ,2021-Q1,MRNA,sensing,sense,sense,7241,7237,7246,of give you a,on the dynamics stephen,of give you a sense on the dynamics stephen
44,2021-05-06 08:00:00,NASDAQ,2021-Q1,MRNA,seizing,invest,invest,12285,12281,12290,we ll continue to,appropriately to drive the,we ll continue to invest appropriately to drive the
44,2021-05-06 08:00:00,NASDAQ,2021-Q1,MRNA,sensing,sense,sense,12386,12382,12391,could give us a,maybe even qualitatively in,could give us a sense maybe even qualitatively in
44,2021-05-06 08:00:00,NASDAQ,2021-Q1,MRNA,seizing,invest,invest,13053,13049,13058,we ll continue to,in our own capacity,we ll continue to invest in our own capacity
45,2021-05-20 08:00:00,NASDAQ,2021-Q1,CSIQ,seizing,investing,investing,4614,4610,4619,are very keen on,their money at today,are very keen on investing their money at today
45,2021-05-20 08:00:00,NASDAQ,2021-Q1,CSIQ,sensing,sense,sense,4901,4897,4906,give us some rough,of the delta and,give us some rough sense of the delta and
45,2021-05-20 08:00:00,NASDAQ,2021-Q1,CSIQ,sensing,sense,sense,7643,7639,7648,trying to get a,of how those price,trying to get a sense of how those price
46,2020-04-30 17:00:00,NASDAQ,2020-Q2,AAPL,seizing,investing,investing,1923,1919,1928,by doubling down and,in the next generation,by doubling down and investing in the next generation
46,2020-04-30 17:00:00,NASDAQ,2020-Q2,AAPL,seizing,invest,invest,3921,3917,3926,unchanged we continue to,confidently in our future,unchanged we continue to invest confidently in our future
46,2020-04-30 17:00:00,NASDAQ,2020-Q2,AAPL,seizing,invest,invest,4096,4092,4101,we have continued to,in the business and,we have continued to invest in the business and
46,2020-04-30 17:00:00,NASDAQ,2020-Q2,AAPL,seizing,investing,investing,4116,4112,4121,what we do best,in our product and,what we do best investing in our product and
46,2020-04-30 17:00:00,NASDAQ,2020-Q2,AAPL,seizing,invest,invest,4816,4812,4821,we will continue to,in our pipeline we,we will continue to invest in our pipeline we
46,2020-04-30 17:00:00,NASDAQ,2020-Q2,AAPL,seizing,invest,invest,4836,4832,4841,we will continue to,there obviously we are,we will continue to invest there obviously we are
46,2020-04-30 17:00:00,NASDAQ,2020-Q2,AAPL,seizing,invest,invest,4911,4907,4916,need to continue to,during difficult circumstances and,need to continue to invest during difficult circumstances and
46,2020-04-30 17:00:00,NASDAQ,2020-Q2,AAPL,seizing,investing,investing,5027,5023,5032,apple pull back from,and you as a,apple pull back from investing and you as a
47,2021-08-04 16:35:00,NASDAQ,2021-Q3,CENT,seizing,investing,investing,681,677,686,consumers love we re,in consumer insights strengthening,consumers love we re investing in consumer insights strengthening
47,2021-08-04 16:35:00,NASDAQ,2021-Q3,CENT,seizing,investing,investing,1938,1934,1943,you recall we are,in capacity expansion and,you recall we are investing in capacity expansion and
47,2021-08-04 16:35:00,NASDAQ,2021-Q3,CENT,seizing,invested,invested,2766,2762,2771,during the quarter we,primarily in our dog,during the quarter we invested primarily in our dog
47,2021-08-04 16:35:00,NASDAQ,2021-Q3,CENT,sensing,shape,shape,4332,4328,4337,to be in good,in terms of these,to be in good shape in terms of these
47,2021-08-04 16:35:00,NASDAQ,2021-Q3,CENT,seizing,invest,invest,5637,5633,5642,factor in continuing to,in sg a i,factor in continuing to invest in sg a i
47,2021-08-04 16:35:00,NASDAQ,2021-Q3,CENT,seizing,invest,invest,5854,5850,5859,is the time to,and so we re,is the time to invest and so we re
48,2021-10-27 17:00:00,NASDAQ,2021-Q3,BCOV,seizing,invested,invested,960,956,965,innovation we have heavily,in r d and,innovation we have heavily invested in r d and
48,2021-10-27 17:00:00,NASDAQ,2021-Q3,BCOV,transforming,revamped,revamped,1599,1595,1604,differentiator for brightcove our,onboarding program includes free,differentiator for brightcove our revamped onboarding program includes free
48,2021-10-27 17:00:00,NASDAQ,2021-Q3,BCOV,seizing,invest,invest,3464,3460,3469,providing additional resources to,in our growth initiatives,providing additional resources to invest in our growth initiatives
48,2021-10-27 17:00:00,NASDAQ,2021-Q3,BCOV,seizing,invest,invest,6431,6427,6436,whatsoever we want to,in the things that,whatsoever we want to invest in the things that
49,2022-03-08 16:30:00,NASDAQ,2021-Q4,FLNT,seizing,invest,invest,745,741,750,we continue to appropriately,in our growth agenda,we continue to appropriately invest in our growth agenda
49,2022-03-08 16:30:00,NASDAQ,2021-Q4,FLNT,seizing,investing,investing,946,942,951,transition we are consciously,margin to establish our,transition we are consciously investing margin to establish our
49,2022-03-08 16:30:00,NASDAQ,2021-Q4,FLNT,seizing,invest,invest,2919,2915,2924,q we continue to,in margins while driving,q we continue to invest in margins while driving
49,2022-03-08 16:30:00,NASDAQ,2021-Q4,FLNT,seizing,invest,invest,3023,3019,3028,as we continue to,in technology and analytics,as we continue to invest in technology and analytics
49,2022-03-08 16:30:00,NASDAQ,2021-Q4,FLNT,seizing,investing,investing,4215,4211,4220,we might not be,enough into that business,we might not be investing enough into that business
49,2022-03-08 16:30:00,NASDAQ,2021-Q4,FLNT,seizing,investing,investing,4733,4729,4738,line perspective we are,from a perspective of,line perspective we are investing from a perspective of
50,2021-02-11 08:30:00,NASDAQ,2020-Q4,ACLS,seizing,invest,invest,1106,1102,1111,we will continue to,in products evaluation tools,we will continue to invest in products evaluation tools
50,2021-02-11 08:30:00,NASDAQ,2020-Q4,ACLS,sensing,sense,sense,2993,2989,2998,we can get a,of how far out,we can get a sense of how far out
50,2021-02-11 08:30:00,NASDAQ,2020-Q4,ACLS,sensing,shape,shape,4683,4679,4688,re are in good,tom tom diffely d,re are in good shape tom tom diffely d
50,2021-02-11 08:30:00,NASDAQ,2020-Q4,ACLS,sensing,sense,sense,5568,5564,5573,you give us any,is that going to,you give us any sense is that going to
51,2021-05-10 11:00:00,NYSE,2021-Q1,GEO,seizing,investing,investing,840,836,845,increasing testing capabilities including,approximately million to acquire,increasing testing capabilities including investing approximately million to acquire
51,2021-05-10 11:00:00,NYSE,2021-Q1,GEO,sensing,sense,sense,4923,4919,4928,speaking of occupancy any,i mean we see,speaking of occupancy any sense i mean we see
52,2021-05-05 09:00:00,NYSE,2021-Q1,DFIN,sensing,sense,sense,3375,3371,3380,we can get a,of where we are,we can get a sense of where we are
53,2021-05-26 08:00:00,NYSE,2021-Q1,GOTU,seizing,invest,invest,3125,3121,3130,from social platforms and,more on innovation channels,from social platforms and invest more on innovation channels
54,2021-02-11 09:30:00,NYSE,2020-Q4,MT,seizing,invested,invested,1352,1348,1357,capital has already been,in brazil the market,capital has already been invested in brazil the market
54,2021-02-11 09:30:00,NYSE,2020-Q4,MT,sensing,sense,sense,1427,1423,1432,to give you a,of numbers just these,to give you a sense of numbers just these
54,2021-02-11 09:30:00,NYSE,2020-Q4,MT,sensing,sense,sense,1471,1467,1476,this gives you a,of the three key,this gives you a sense of the three key
54,2021-02-11 09:30:00,NYSE,2020-Q4,MT,sensing,sense,sense,3956,3952,3961,the buyback in that,we remain flexible the,the buyback in that sense we remain flexible the
54,2021-02-11 09:30:00,NYSE,2020-Q4,MT,sensing,sense,sense,4716,4712,4721,little bit in the,that in june of,little bit in the sense that in june of
54,2021-02-11 09:30:00,NYSE,2020-Q4,MT,sensing,sense,sense,7148,7144,7153,to give us any,of the range of,to give us any sense of the range of
54,2021-02-11 09:30:00,NYSE,2020-Q4,MT,sensing,sense,sense,7458,7454,7463,at that in the,of q and q,at that in the sense of q and q
54,2021-02-11 09:30:00,NYSE,2020-Q4,MT,sensing,shape,shape,8217,8213,8222,and how that would,up clearly consolidation is,and how that would shape up clearly consolidation is
55,2020-10-29 08:30:00,NYSE,2020-Q3,SHOP,sensing,shape,shape,3610,3606,3615,re thinking about the,of the holiday season,re thinking about the shape of the holiday season
55,2020-10-29 08:30:00,NYSE,2020-Q3,SHOP,sensing,shape,shape,6243,6239,6248,better idea for the,of what s happened,better idea for the shape of what s happened
55,2020-10-29 08:30:00,NYSE,2020-Q3,SHOP,seizing,invest,invest,6618,6614,6623,medium business would not,in this kind of,medium business would not invest in this kind of
55,2020-10-29 08:30:00,NYSE,2020-Q3,SHOP,seizing,investing,investing,6864,6860,6869,we re spending time,in the marketing channels,we re spending time investing in the marketing channels
55,2020-10-29 08:30:00,NYSE,2020-Q3,SHOP,seizing,invest,invest,6961,6957,6966,they can go and,further in those channels,they can go and invest further in those channels
55,2020-10-29 08:30:00,NYSE,2020-Q3,SHOP,sensing,sense,sense,7338,7334,7343,health so just make,harley finkelstein president yes,health so just make sense harley finkelstein president yes
55,2020-10-29 08:30:00,NYSE,2020-Q3,SHOP,seizing,investing,investing,7902,7898,7907,medium term philosophy on,in that sales and,medium term philosophy on investing in that sales and
56,2020-08-20 09:30:00,NYSE,2020-Q4,EL,seizing,investing,investing,463,459,468,black professionals we are,for change through a,black professionals we are investing for change through a
56,2020-08-20 09:30:00,NYSE,2020-Q4,EL,seizing,investing,investing,2244,2240,2249,fiscal year we are,in several strategic priorities,fiscal year we are investing in several strategic priorities
56,2020-08-20 09:30:00,NYSE,2020-Q4,EL,seizing,invest,invest,2355,2351,2360,resources enabling us to,in the greatest opportunities,resources enabling us to invest in the greatest opportunities
56,2020-08-20 09:30:00,NYSE,2020-Q4,EL,seizing,invest,invest,4388,4384,4393,us the flexibility to,more in digital marketing,us the flexibility to invest more in digital marketing
56,2020-08-20 09:30:00,NYSE,2020-Q4,EL,seizing,invest,invest,4444,4440,4449,as we continue to,in additional manufacturing and,as we continue to invest in additional manufacturing and
56,2020-08-20 09:30:00,NYSE,2020-Q4,EL,seizing,invest,invest,4652,4648,4657,protecting our agility to,appropriately for both the,protecting our agility to invest appropriately for both the
56,2020-08-20 09:30:00,NYSE,2020-Q4,EL,seizing,investing,investing,5071,5067,5076,we are doing is,and creating better omnichannel,we are doing is investing and creating better omnichannel
56,2020-08-20 09:30:00,NYSE,2020-Q4,EL,sensing,sense,sense,5499,5495,5504,to give you a,a few data points,to give you a sense a few data points
56,2020-08-20 09:30:00,NYSE,2020-Q4,EL,sensing,sense,sense,6756,6752,6761,return and in that,we really look at,return and in that sense we really look at
56,2020-08-20 09:30:00,NYSE,2020-Q4,EL,sensing,sense,sense,7132,7128,7137,you give us some,of what that footprint,you give us some sense of what that footprint
56,2020-08-20 09:30:00,NYSE,2020-Q4,EL,seizing,invested,invested,7592,7588,7597,reinvested it will be,in making the remaining,reinvested it will be invested in making the remaining
56,2020-08-20 09:30:00,NYSE,2020-Q4,EL,seizing,invest,invest,7796,7792,7801,from being able to,behind recruiting new consumers,from being able to invest behind recruiting new consumers
56,2020-08-20 09:30:00,NYSE,2020-Q4,EL,seizing,investing,investing,9629,9625,9634,we are doing is,in advertising so even,we are doing is investing in advertising so even
56,2020-08-20 09:30:00,NYSE,2020-Q4,EL,seizing,invest,invest,11044,11040,11049,preserve the resources to,in growth so the,preserve the resources to invest in growth so the
56,2020-08-20 09:30:00,NYSE,2020-Q4,EL,seizing,invest,invest,11118,11114,11123,profitable growth and to,in them over proportionally,profitable growth and to invest in them over proportionally
57,2021-02-23 12:30:00,NASDAQ,2020-Q4,LGIH,transforming,redesigned,redesigned,921,917,926,quarter we launched a,website utilizing modern design,quarter we launched a redesigned website utilizing modern design
57,2021-02-23 12:30:00,NASDAQ,2020-Q4,LGIH,sensing,sense,sense,3562,3558,3567,jmp securities analyst makes,there thanks for the,jmp securities analyst makes sense there thanks for the
57,2021-02-23 12:30:00,NASDAQ,2020-Q4,LGIH,seizing,invest,invest,4508,4504,4513,first priority is to,in projects and continue,first priority is to invest in projects and continue
57,2021-02-23 12:30:00,NASDAQ,2020-Q4,LGIH,seizing,investing,investing,4527,4523,4532,land deals we re,more in raw land,land deals we re investing more in raw land
57,2021-02-23 12:30:00,NASDAQ,2020-Q4,LGIH,seizing,invest,invest,4563,4559,4568,be to continue to,in inventory and have,be to continue to invest in inventory and have
57,2021-02-23 12:30:00,NASDAQ,2020-Q4,LGIH,sensing,sense,sense,5096,5092,5101,just to get a,of that magnitude that,just to get a sense of that magnitude that
57,2021-02-23 12:30:00,NASDAQ,2020-Q4,LGIH,sensing,sense,sense,6463,6459,6468,to give us a,of sometimes you re,to give us a sense of sometimes you re
57,2021-02-23 12:30:00,NASDAQ,2020-Q4,LGIH,seizing,invest,invest,6803,6799,6808,remarks around trying to,in continue to invest,remarks around trying to invest in continue to invest
57,2021-02-23 12:30:00,NASDAQ,2020-Q4,LGIH,seizing,invest,invest,6807,6803,6812,invest in continue to,in development opportunities that,invest in continue to invest in development opportunities that
57,2021-02-23 12:30:00,NASDAQ,2020-Q4,LGIH,sensing,sense,sense,6900,6896,6905,get any kind of,of historically i think,get any kind of sense of historically i think
58,2021-02-18 17:00:00,NYSE,2020-Q4,EBS,seizing,invest,invest,2013,2009,2018,ll also continue to,in r d efforts,ll also continue to invest in r d efforts
58,2021-02-18 17:00:00,NYSE,2020-Q4,EBS,sensing,shape,shape,2239,2235,2244,sheet is in excellent,with the liquidity and,sheet is in excellent shape with the liquidity and
58,2021-02-18 17:00:00,NYSE,2020-Q4,EBS,seizing,invest,invest,7514,7510,7519,capital expenditures as we,in expanding the capabilities,capital expenditures as we invest in expanding the capabilities
58,2021-02-18 17:00:00,NYSE,2020-Q4,EBS,seizing,invest,invest,8227,8223,8232,to be made to,in a facility to,to be made to invest in a facility to
58,2021-02-18 17:00:00,NYSE,2020-Q4,EBS,seizing,invest,invest,8321,8317,8326,we might have to,or get reimbursed on,we might have to invest or get reimbursed on
59,2021-05-06 08:30:00,NASDAQ,2021-Q1,REGN,sensing,sense,sense,6062,6058,6067,if you have a,of the remaining hurdles,if you have a sense of the remaining hurdles
59,2021-05-06 08:30:00,NASDAQ,2021-Q1,REGN,sensing,sense,sense,8274,8270,8279,you give us a,of what s the,you give us a sense of what s the
61,2021-01-27 17:00:00,NASDAQ,2020-Q4,META,sensing,sense,sense,353,349,358,those numbers give a,of scale but some,those numbers give a sense of scale but some
61,2021-01-27 17:00:00,NASDAQ,2020-Q4,META,sensing,sense,sense,664,660,669,where we feel a,of purpose and belonging,where we feel a sense of purpose and belonging
61,2021-01-27 17:00:00,NASDAQ,2020-Q4,META,sensing,sense,sense,2757,2753,2762,just delivers this magical,of presence that you,just delivers this magical sense of presence that you
61,2021-01-27 17:00:00,NASDAQ,2020-Q4,META,seizing,investing,investing,3213,3209,3218,re going to keep,in and innovating on,re going to keep investing in and innovating on
61,2021-01-27 17:00:00,NASDAQ,2020-Q4,META,seizing,invest,invest,3745,3741,3750,we also continued to,in making our products,we also continued to invest in making our products
61,2021-01-27 17:00:00,NASDAQ,2020-Q4,META,seizing,invest,invest,5962,5958,5967,products we continue to,to improve our exposure,products we continue to invest to improve our exposure
61,2021-01-27 17:00:00,NASDAQ,2020-Q4,META,sensing,sense,sense,6568,6564,6573,year is there any,you can give us,year is there any sense you can give us
61,2021-01-27 17:00:00,NASDAQ,2020-Q4,META,sensing,shaping,shaping,7554,7550,7559,this is sort of,up that we face,this is sort of shaping up that we face
61,2021-01-27 17:00:00,NASDAQ,2020-Q4,META,sensing,sense,sense,10214,10210,10219,services and that makes,big businesses we can,services and that makes sense big businesses we can
62,2019-12-04 16:30:00,NYSE,2020-Q2,HRB,transforming,redesigned,redesigned,1293,1289,1298,return and we ve,the workflow and streamlined,return and we ve redesigned the workflow and streamlined
62,2019-12-04 16:30:00,NYSE,2020-Q2,HRB,transforming,redesign,redesign,1367,1363,1372,through new tools and,tax prep experience through,through new tools and redesign tax prep experience through
63,2020-08-10 11:00:00,NASDAQ,2020-Q2,STRS,transforming,redesign,redesign,784,780,789,seen continued progress and,of sections klo and,seen continued progress and redesign of sections klo and
63,2020-08-10 11:00:00,NASDAQ,2020-Q2,STRS,seizing,investing,investing,2123,2119,2128,capital expenditures reflected in,cash flows totaled million,capital expenditures reflected in investing cash flows totaled million
64,2021-05-01 12:00:00,NYSE,2021-Q1,TTE,seizing,invest,invest,1080,1076,1085,implementing a strategy to,in resilience low breakeven,implementing a strategy to invest in resilience low breakeven
64,2021-05-01 12:00:00,NYSE,2021-Q1,TTE,transforming,transform,transform,1223,1219,1228,the group ability to,and adjust to the,the group ability to transform and adjust to the
64,2021-05-01 12:00:00,NYSE,2021-Q1,TTE,seizing,invest,invest,1373,1369,1378,our strategy is to,responsibly in profitable projects,our strategy is to invest responsibly in profitable projects
64,2021-05-01 12:00:00,NYSE,2021-Q1,TTE,seizing,invest,invest,1483,1479,1488,flow allocation are to,in growing and transforming,flow allocation are to invest in growing and transforming
64,2021-05-01 12:00:00,NYSE,2021-Q1,TTE,transforming,transforming,transforming,1487,1483,1492,invest in growing and,the company to support,invest in growing and transforming the company to support
64,2021-05-01 12:00:00,NYSE,2021-Q1,TTE,transforming,transforming,transforming,1660,1656,1665,on a worldwide scale,the group into a,on a worldwide scale transforming the group into a
64,2021-05-01 12:00:00,NYSE,2021-Q1,TTE,seizing,invest,invest,3421,3417,3426,our priority is to,in profitable projects that,our priority is to invest in profitable projects that
64,2021-05-01 12:00:00,NYSE,2021-Q1,TTE,sensing,sense,sense,3524,3520,3529,project if it makes,and that means that,project if it makes sense and that means that
64,2021-05-01 12:00:00,NYSE,2021-Q1,TTE,seizing,invest,invest,4838,4834,4843,to keep the discipline,only in profitable projects,to keep the discipline invest only in profitable projects
64,2021-05-01 12:00:00,NYSE,2021-Q1,TTE,sensing,sense,sense,4956,4952,4961,if it makes no,and it does not,if it makes no sense and it does not
64,2021-05-01 12:00:00,NYSE,2021-Q1,TTE,seizing,seize,seize,6437,6433,6442,to capture and to,these opportunities we have,to capture and to seize these opportunities we have
64,2021-05-01 12:00:00,NYSE,2021-Q1,TTE,sensing,sense,sense,7281,7277,7286,of course it makes,particularly in our ongoing,of course it makes sense particularly in our ongoing
64,2021-05-01 12:00:00,NYSE,2021-Q1,TTE,seizing,invest,invest,8831,8827,8836,access to capital to,in these renewable projects,access to capital to invest in these renewable projects
66,2023-02-01 08:30:00,NYSE,2022-Q4,OTIS,seizing,invest,invest,5830,5826,5835,mean you continue to,i think it s,mean you continue to invest i think it s
66,2023-02-01 08:30:00,NYSE,2022-Q4,OTIS,seizing,invest,invest,6468,6464,6473,we ll continue to,and still grow our,we ll continue to invest and still grow our
66,2023-02-01 08:30:00,NYSE,2022-Q4,OTIS,sensing,sense,sense,6708,6704,6713,wolfe research analyst makes,i guess that was,wolfe research analyst makes sense i guess that was
66,2023-02-01 08:30:00,NYSE,2022-Q4,OTIS,sensing,sense,sense,7485,7481,7490,you give us a,why margins in china,you give us a sense why margins in china
66,2023-02-01 08:30:00,NYSE,2022-Q4,OTIS,sensing,sense,sense,7847,7843,7852,just give us a,on the spread between,just give us a sense on the spread between
67,2021-01-26 08:30:00,NYSE,2021-Q1,DHI,seizing,invest,invest,2681,2677,2686,our disciplined approach to,in capital to enhance,our disciplined approach to invest in capital to enhance
67,2021-01-26 08:30:00,NYSE,2021-Q1,DHI,sensing,sense,sense,3689,3685,3694,makes a lot of,and then how are,makes a lot of sense and then how are
67,2021-01-26 08:30:00,NYSE,2021-Q1,DHI,sensing,sense,sense,8290,8286,8295,you got you makes,so second question i,you got you makes sense so second question i
68,2021-02-12 10:00:00,NASDAQ,2020-Q4,AIMC,seizing,investing,investing,2805,2801,2810,and preserve optionality for,in future growth while,and preserve optionality for investing in future growth while
68,2021-02-12 10:00:00,NASDAQ,2020-Q4,AIMC,sensing,sense,sense,3445,3441,3450,wanted to get a,of what s built,wanted to get a sense of what s built
68,2021-02-12 10:00:00,NASDAQ,2020-Q4,AIMC,seizing,invest,invest,4617,4613,4622,if people start to,in their factories again,if people start to invest in their factories again
68,2021-02-12 10:00:00,NASDAQ,2020-Q4,AIMC,sensing,shape,shape,5838,5834,5843,s in pretty good,i think of i,s in pretty good shape i think of i
68,2021-02-12 10:00:00,NASDAQ,2020-Q4,AIMC,sensing,shape,shape,6255,6251,6260,balance sheet in good,and certainly by the,balance sheet in good shape and certainly by the
68,2021-02-12 10:00:00,NASDAQ,2020-Q4,AIMC,sensing,sense,sense,6297,6293,6302,halloran baird analyst makes,i appreciate it thanks,halloran baird analyst makes sense i appreciate it thanks
68,2021-02-12 10:00:00,NASDAQ,2020-Q4,AIMC,sensing,sense,sense,7739,7735,7744,give us a little,of maybe some of,give us a little sense of maybe some of
68,2021-02-12 10:00:00,NASDAQ,2020-Q4,AIMC,sensing,shape,shape,8244,8240,8249,sheet and even better,and we nurture some,sheet and even better shape and we nurture some
69,2020-05-07 10:00:00,NYSE,2020-Q1,HLT,sensing,shape,shape,744,740,749,owners and to help,the broader recovery given,owners and to help shape the broader recovery given
69,2020-05-07 10:00:00,NYSE,2020-Q1,HLT,sensing,sense,sense,3578,3574,3583,deal might not make,but generally once the,deal might not make sense but generally once the
69,2020-05-07 10:00:00,NYSE,2020-Q1,HLT,seizing,investing,investing,4532,4528,4537,think about hiring and,and all those fun,think about hiring and investing and all those fun
69,2020-05-07 10:00:00,NYSE,2020-Q1,HLT,sensing,sense,sense,6419,6415,6424,but any sort of,of magnitude of either,but any sort of sense of magnitude of either
69,2020-05-07 10:00:00,NYSE,2020-Q1,HLT,sensing,shape,shape,6668,6664,6673,it in any way,or form but we,it in any way shape or form but we
69,2020-05-07 10:00:00,NYSE,2020-Q1,HLT,sensing,sense,sense,7132,7128,7137,that we think makes,to create more efficiency,that we think makes sense to create more efficiency
69,2020-05-07 10:00:00,NYSE,2020-Q1,HLT,seizing,investing,investing,7487,7483,7492,for us they re,all the capital they,for us they re investing all the capital they
70,2021-10-07 08:30:00,NASDAQ,2022-Q1,TLRY,sensing,sense,sense,7073,7069,7078,show why legalization made,and what happened in,show why legalization made sense and what happened in
70,2021-10-07 08:30:00,NASDAQ,2022-Q1,TLRY,sensing,sense,sense,8187,8183,8192,market if it made,it was accretive we,market if it made sense it was accretive we
70,2021-10-07 08:30:00,NASDAQ,2022-Q1,TLRY,sensing,sense,sense,10464,10460,10469,pressures and just a,of the magnitude there,pressures and just a sense of the magnitude there
71,2021-02-03 16:30:00,NASDAQ,2020-Q4,ALGN,transforming,transform,transform,832,828,837,enable doctors to digitally,their practices in q,enable doctors to digitally transform their practices in q
71,2021-02-03 16:30:00,NASDAQ,2020-Q4,ALGN,transforming,transform,transform,2368,2364,2373,massive market opportunity to,million smiles educating consumers,massive market opportunity to transform million smiles educating consumers
71,2021-02-03 16:30:00,NASDAQ,2020-Q4,ALGN,seizing,investing,investing,4293,4289,4298,us confidence to continue,in sales marketing innovation,us confidence to continue investing in sales marketing innovation
71,2021-02-03 16:30:00,NASDAQ,2020-Q4,ALGN,seizing,invested,invested,4396,4392,4401,past years align has,billions in technology innovation,past years align has invested billions in technology innovation
71,2021-02-03 16:30:00,NASDAQ,2020-Q4,ALGN,seizing,invest,invest,4419,4415,4424,we will continue to,in this business to,we will continue to invest in this business to
71,2021-02-03 16:30:00,NASDAQ,2020-Q4,ALGN,transforming,transform,transform,4561,4557,4566,opportunity we have to,smiles and change lives,opportunity we have to transform smiles and change lives
71,2021-02-03 16:30:00,NASDAQ,2020-Q4,ALGN,sensing,sense,sense,4606,4602,4611,digital in a macro,covid has accentuated the,digital in a macro sense covid has accentuated the
71,2021-02-03 16:30:00,NASDAQ,2020-Q4,ALGN,sensing,sense,sense,5512,5508,5517,been responsible in that,but at the same,been responsible in that sense but at the same
71,2021-02-03 16:30:00,NASDAQ,2020-Q4,ALGN,sensing,sense,sense,5657,5653,5662,correlation coefficient in the,of here we invest,correlation coefficient in the sense of here we invest
71,2021-02-03 16:30:00,NASDAQ,2020-Q4,ALGN,seizing,invest,invest,5661,5657,5666,sense of here we,and how much we,sense of here we invest and how much we
71,2021-02-03 16:30:00,NASDAQ,2020-Q4,ALGN,sensing,sense,sense,8648,8644,8653,been tremendous in that,your question about orthodontists,been tremendous in that sense your question about orthodontists
71,2021-02-03 16:30:00,NASDAQ,2020-Q4,ALGN,sensing,sense,sense,8774,8770,8779,communication tool in a,of where is your,communication tool in a sense of where is your
71,2021-02-03 16:30:00,NASDAQ,2020-Q4,ALGN,sensing,shape,shape,8876,8872,8881,is in good enough,to able to except,is in good enough shape to able to except
71,2021-02-03 16:30:00,NASDAQ,2020-Q4,ALGN,sensing,sense,sense,9224,9220,9229,head office just made,to us elizabeth anderson,head office just made sense to us elizabeth anderson
71,2021-02-03 16:30:00,NASDAQ,2020-Q4,ALGN,sensing,sense,sense,9369,9365,9374,waterfall anymore in the,waterfall used to be,waterfall anymore in the sense waterfall used to be
71,2021-02-03 16:30:00,NASDAQ,2020-Q4,ALGN,sensing,sense,sense,9431,9427,9436,isi analyst makes total,thank you so much,isi analyst makes total sense thank you so much
71,2021-02-03 16:30:00,NASDAQ,2020-Q4,ALGN,sensing,sense,sense,9866,9862,9871,trying to get a,for kind of what,trying to get a sense for kind of what
71,2021-02-03 16:30:00,NASDAQ,2020-Q4,ALGN,sensing,sense,sense,10107,10103,10112,keep ahead in that,so i feel we,keep ahead in that sense so i feel we
71,2021-02-03 16:30:00,NASDAQ,2020-Q4,ALGN,sensing,shape,shape,11083,11079,11088,we re in good,with that we re,we re in good shape with that we re
71,2021-02-03 16:30:00,NASDAQ,2020-Q4,ALGN,seizing,invest,invest,11478,11474,11483,terms of how we,and where and so,terms of how we invest and where and so
71,2021-02-03 16:30:00,NASDAQ,2020-Q4,ALGN,seizing,invested,invested,11500,11496,11505,forward investments we re,into that under penetrated,forward investments we re invested into that under penetrated
72,2021-04-29 16:30:00,NASDAQ,2021-Q1,SGEN,seizing,invest,invest,496,492,501,research and development and,in our business as,research and development and invest in our business as
72,2021-04-29 16:30:00,NASDAQ,2021-Q1,SGEN,seizing,investing,investing,664,660,669,enabling us to continue,in our pipeline in,enabling us to continue investing in our pipeline in
72,2021-04-29 16:30:00,NASDAQ,2021-Q1,SGEN,seizing,invest,invest,1348,1344,1353,and we continue to,in our commercial capabilities,and we continue to invest in our commercial capabilities
72,2021-04-29 16:30:00,NASDAQ,2021-Q1,SGEN,seizing,invest,invest,2942,2938,2947,forward we continue to,in the development of,forward we continue to invest in the development of
72,2021-04-29 16:30:00,NASDAQ,2021-Q1,SGEN,sensing,sense,sense,4941,4937,4946,just give us a,of how many tumor,just give us a sense of how many tumor
73,2020-02-04 17:00:00,NYSE,2019-Q4,F,transforming,redesign,redesign,502,498,507,we undertook a fundamental,of the company to,we undertook a fundamental redesign of the company to
73,2020-02-04 17:00:00,NYSE,2019-Q4,F,transforming,redesign,redesign,786,782,791,progress on our global,in we took tough,progress on our global redesign in we took tough
73,2020-02-04 17:00:00,NYSE,2019-Q4,F,transforming,redesign,redesign,1675,1671,1680,in terms of global,ford took decisive actions,in terms of global redesign ford took decisive actions
73,2020-02-04 17:00:00,NYSE,2019-Q4,F,seizing,invest,invest,1880,1876,1885,is we continue to,in and expand our,is we continue to invest in and expand our
73,2020-02-04 17:00:00,NYSE,2019-Q4,F,transforming,redesign,redesign,2098,2094,2103,the right steps to,and restructure our business,the right steps to redesign and restructure our business
73,2020-02-04 17:00:00,NYSE,2019-Q4,F,transforming,redesigned,redesigned,2131,2127,2136,the year we completely,the f the year,the year we completely redesigned the f the year
73,2020-02-04 17:00:00,NYSE,2019-Q4,F,transforming,redesign,redesign,2607,2603,2612,progress on our global,making tough choices to,progress on our global redesign making tough choices to
73,2020-02-04 17:00:00,NYSE,2019-Q4,F,transforming,redesign,redesign,2816,2812,2821,the benefits of our,fitness initiatives and stronger,the benefits of our redesign fitness initiatives and stronger
73,2020-02-04 17:00:00,NYSE,2019-Q4,F,transforming,redesign,redesign,2888,2884,2893,improved fitness and global,actions the decline in,improved fitness and global redesign actions the decline in
73,2020-02-04 17:00:00,NYSE,2019-Q4,F,seizing,invest,invest,2960,2956,2965,as we continue to,in the transformation of,as we continue to invest in the transformation of
73,2020-02-04 17:00:00,NYSE,2019-Q4,F,transforming,redesign,redesign,3386,3382,3391,carrying out a dramatic,of our business wholesale,carrying out a dramatic redesign of our business wholesale
73,2020-02-04 17:00:00,NYSE,2019-Q4,F,transforming,redesign,redesign,3450,3446,3455,an outcome of our,and portfolio shift as,an outcome of our redesign and portfolio shift as
73,2020-02-04 17:00:00,NYSE,2019-Q4,F,transforming,redesign,redesign,3529,3525,3534,lower structural costs our,and portfolio shift in,lower structural costs our redesign and portfolio shift in
73,2020-02-04 17:00:00,NYSE,2019-Q4,F,transforming,redesign,redesign,3775,3771,3780,related to our global,accounted for billion in,related to our global redesign accounted for billion in
73,2020-02-04 17:00:00,NYSE,2019-Q4,F,transforming,redesign,redesign,3819,3815,3824,plans for a global,which included a potential,plans for a global redesign which included a potential
73,2020-02-04 17:00:00,NYSE,2019-Q4,F,transforming,redesign,redesign,4206,4202,4211,benefits from our global,and the non repeat,benefits from our global redesign and the non repeat
73,2020-02-04 17:00:00,NYSE,2019-Q4,F,transforming,redesign,redesign,4459,4455,4464,each quarter for global,we expect to incur,each quarter for global redesign we expect to incur
73,2020-02-04 17:00:00,NYSE,2019-Q4,F,transforming,redesign,redesign,4908,4904,4913,there s the global,and as we look,there s the global redesign and as we look
73,2020-02-04 17:00:00,NYSE,2019-Q4,F,transforming,redesign,redesign,5028,5024,5033,point on the global,is that the kind,point on the global redesign is that the kind
73,2020-02-04 17:00:00,NYSE,2019-Q4,F,transforming,redesign,redesign,5113,5109,5118,point on the global,jim hackett president and,point on the global redesign jim hackett president and
73,2020-02-04 17:00:00,NYSE,2019-Q4,F,transforming,redesign,redesign,5428,5424,5433,can address the global,the thing i just,can address the global redesign the thing i just
73,2020-02-04 17:00:00,NYSE,2019-Q4,F,transforming,redesign,redesign,5440,5436,5445,in on the global,this is this has,in on the global redesign this is this has
73,2020-02-04 17:00:00,NYSE,2019-Q4,F,transforming,redesign,redesign,5473,5469,5478,in parallel as they,the company and there,in parallel as they redesign the company and there
73,2020-02-04 17:00:00,NYSE,2019-Q4,F,transforming,redesign,redesign,5522,5518,5527,yeah so from a,standpoint we made as,yeah so from a redesign standpoint we made as
73,2020-02-04 17:00:00,NYSE,2019-Q4,F,transforming,redesign,redesign,5550,5546,5555,strong execution of the,of its business announced,strong execution of the redesign of its business announced
73,2020-02-04 17:00:00,NYSE,2019-Q4,F,transforming,redesign,redesign,5675,5671,5680,the benefits of the,as well as the,the benefits of the redesign as well as the
73,2020-02-04 17:00:00,NYSE,2019-Q4,F,transforming,redesign,redesign,6655,6651,6660,fitness and the global,and of course the,fitness and the global redesign and of course the
73,2020-02-04 17:00:00,NYSE,2019-Q4,F,transforming,redesign,redesign,7080,7076,7085,mean on the global,we don t have,mean on the global redesign we don t have
73,2020-02-04 17:00:00,NYSE,2019-Q4,F,sensing,sense,sense,7418,7414,7423,world does it make,to you what s,world does it make sense to you what s
73,2020-02-04 17:00:00,NYSE,2019-Q4,F,seizing,invest,invest,8730,8726,8735,in a position to,in our long term,in a position to invest in our long term
74,2020-08-06 08:30:00,NYSE,2020-Q3,ADNT,transforming,revamp,revamp,1083,1079,1088,the u k operations,production adient sales improved,the u k operations revamp production adient sales improved
74,2020-08-06 08:30:00,NYSE,2020-Q3,ADNT,sensing,sense,sense,7364,7360,7369,analyst okay that makes,and then lastly the,analyst okay that makes sense and then lastly the
74,2020-08-06 08:30:00,NYSE,2020-Q3,ADNT,sensing,sense,sense,8770,8766,8775,weird quarter in the,that it wasn t,weird quarter in the sense that it wasn t
76,2021-05-06 16:30:00,NYSE,2021-Q1,AL,sensing,sense,sense,1130,1126,1135,are profitable and makes,for alc over the,are profitable and makes sense for alc over the
76,2021-05-06 16:30:00,NYSE,2021-Q1,AL,sensing,sense,sense,7548,7544,7553,got it that makes,and then if i,got it that makes sense and then if i
76,2021-05-06 16:30:00,NYSE,2021-Q1,AL,sensing,sense,sense,10015,10011,10020,yes okay that makes,and then i guess,yes okay that makes sense and then i guess
77,2022-11-02 09:30:00,NYSE,2022-Q3,MKL,sensing,sense,sense,373,369,378,you enjoy the same,of progress and optimism,you enjoy the same sense of progress and optimism
77,2022-11-02 09:30:00,NYSE,2022-Q3,MKL,sensing,sensed,sensed,705,701,710,it better we ve,internally the things have,it better we ve sensed internally the things have
77,2022-11-02 09:30:00,NYSE,2022-Q3,MKL,seizing,investing,investing,1244,1240,1249,has grown we re,those profits at positive,has grown we re investing those profits at positive
77,2022-11-02 09:30:00,NYSE,2022-Q3,MKL,seizing,investing,investing,2065,2061,2070,continue to maintain our,discipline understanding the periodic,continue to maintain our investing discipline understanding the periodic
77,2022-11-02 09:30:00,NYSE,2022-Q3,MKL,seizing,invested,invested,4037,4033,4042,on investor returns we,the estimated losses were,on investor returns we invested the estimated losses were
77,2022-11-02 09:30:00,NYSE,2022-Q3,MKL,seizing,investing,investing,6488,6484,6493,cash and we are,the cash at higher,cash and we are investing the cash at higher
77,2022-11-02 09:30:00,NYSE,2022-Q3,MKL,seizing,invest,invest,6769,6765,6774,today and would you,some of that cash,today and would you invest some of that cash
77,2022-11-02 09:30:00,NYSE,2022-Q3,MKL,seizing,invest,invest,6869,6865,6874,is to continue to,in a methodical and,is to continue to invest in a methodical and
77,2022-11-02 09:30:00,NYSE,2022-Q3,MKL,seizing,investing,investing,7183,7179,7188,so the equity method,and believe me that,so the equity method investing and believe me that
78,2021-01-21 12:00:00,NASDAQ,2020-Q4,INBK,transforming,redeployment,redeployment,1804,1800,1809,sheet liquidity and the,of cash from the,sheet liquidity and the redeployment of cash from the
78,2021-01-21 12:00:00,NASDAQ,2020-Q4,INBK,seizing,investing,investing,3388,3384,3393,which you might be,in how we should,which you might be investing in how we should
78,2021-01-21 12:00:00,NASDAQ,2020-Q4,INBK,seizing,invest,invest,3525,3521,3530,we obviously continue to,in we ll have,we obviously continue to invest in we ll have
78,2021-01-21 12:00:00,NASDAQ,2020-Q4,INBK,sensing,sense,sense,4688,4684,4693,that s helpful makes,and if i could,that s helpful makes sense and if i could
78,2021-01-21 12:00:00,NASDAQ,2020-Q4,INBK,sensing,sense,sense,5065,5061,5070,make a lot of,but there are a,make a lot of sense but there are a
78,2021-01-21 12:00:00,NASDAQ,2020-Q4,INBK,sensing,sense,sense,5621,5617,5626,today that will make,for us but there,today that will make sense for us but there
79,2019-10-30 11:00:00,NASDAQ,2019-Q3,AAWW,transforming,redeployment,redeployment,1571,1567,1576,and the short term,of two to the,and the short term redeployment of two to the
79,2019-10-30 11:00:00,NASDAQ,2019-Q3,AAWW,transforming,redeployment,redeployment,1633,1629,1638,by earnings from the,of aircraft from acmi,by earnings from the redeployment of aircraft from acmi
79,2019-10-30 11:00:00,NASDAQ,2019-Q3,AAWW,sensing,shaping,shaping,3300,3296,3305,how the peak is,up how are you,how the peak is shaping up how are you
79,2019-10-30 11:00:00,NASDAQ,2019-Q3,AAWW,sensing,sense,sense,5812,5808,5817,does that question make,kind of maybe looking,does that question make sense kind of maybe looking
79,2019-10-30 11:00:00,NASDAQ,2019-Q3,AAWW,sensing,sense,sense,6892,6888,6897,okay is there a,of where you are,okay is there a sense of where you are
79,2019-10-30 11:00:00,NASDAQ,2019-Q3,AAWW,seizing,investing,investing,7193,7189,7198,a strong balance sheet,in aircraft when it,a strong balance sheet investing in aircraft when it
79,2019-10-30 11:00:00,NASDAQ,2019-Q3,AAWW,seizing,invested,invested,7986,7982,7991,yes dave we have,a lot in parts,yes dave we have invested a lot in parts
80,2021-02-25 16:30:00,NASDAQ,2020-Q4,CARA,sensing,sense,sense,5297,5293,5302,but what is your,of vaccine uptake among,but what is your sense of vaccine uptake among
81,2019-08-07 09:00:00,NASDAQ,2019-Q2,LILAK,transforming,transforming,transforming,1816,1812,1821,we are committed to,our business to improve,we are committed to transforming our business to improve
81,2019-08-07 09:00:00,NASDAQ,2019-Q2,LILAK,sensing,sense,sense,3954,3950,3959,makes a lot of,we are more heavily,makes a lot of sense we are more heavily
82,2019-11-05 10:30:00,NYSE,2019-Q3,SXC,seizing,invest,invest,2700,2696,2705,us significant flexibility to,in our business manage,us significant flexibility to invest in our business manage
83,2021-07-20 16:30:00,NYSE,2021-Q2,CNI,seizing,invest,invest,2430,2426,2435,to grow their business,capital and provide the,to grow their business invest capital and provide the
83,2021-07-20 16:30:00,NYSE,2021-Q2,CNI,sensing,sense,sense,5974,5970,5979,provide you a good,of what we broadly,provide you a good sense of what we broadly
83,2021-07-20 16:30:00,NYSE,2021-Q2,CNI,sensing,shape,shape,8361,8357,8366,we re in good,to meet the need,we re in good shape to meet the need
83,2021-07-20 16:30:00,NYSE,2021-Q2,CNI,sensing,sense,sense,10133,10129,10138,gupta scotiabank analyst makes,thank you jean jacques,gupta scotiabank analyst makes sense thank you jean jacques
83,2021-07-20 16:30:00,NYSE,2021-Q2,CNI,seizing,invest,invest,10572,10568,10577,james you continue to,into the long term,james you continue to invest into the long term
84,2021-07-22 09:00:00,NYSE,2021-Q2,BX,seizing,invested,invested,601,597,606,to alternatives we ve,significantly over the last,to alternatives we ve invested significantly over the last
84,2021-07-22 09:00:00,NYSE,2021-Q2,BX,seizing,invested,invested,2074,2070,2079,can deploy capital we,billion in the quarter,can deploy capital we invested billion in the quarter
84,2021-07-22 09:00:00,NYSE,2021-Q2,BX,seizing,investing,investing,2222,2218,2227,when it comes to,in closing our mission,when it comes to investing in closing our mission
84,2021-07-22 09:00:00,NYSE,2021-Q2,BX,seizing,invested,invested,3059,3055,3064,time the firm s,performance revenue eligible aum,time the firm s invested performance revenue eligible aum
84,2021-07-22 09:00:00,NYSE,2021-Q2,BX,seizing,invest,invest,3213,3209,3218,capabilities we will also,billion for a stake,capabilities we will also invest billion for a stake
84,2021-07-22 09:00:00,NYSE,2021-Q2,BX,sensing,sense,sense,4733,4729,4738,products gives you a,of the potential here,products gives you a sense of the potential here
84,2021-07-22 09:00:00,NYSE,2021-Q2,BX,seizing,investing,investing,5794,5790,5799,liabilities or do spread,really want to be,liabilities or do spread investing really want to be
84,2021-07-22 09:00:00,NYSE,2021-Q2,BX,sensing,sense,sense,5848,5844,5853,makes a lot of,the way we ve,makes a lot of sense the way we ve
84,2021-07-22 09:00:00,NYSE,2021-Q2,BX,sensing,sense,sense,6464,6460,6469,think reinforce the our,of optimism around it,think reinforce the our sense of optimism around it
85,2023-01-09 11:00:00,NYSE,2023-Q1,CMC,seizing,invested,invested,689,685,694,an annualized return on,capital of results for,an annualized return on invested capital of results for
85,2023-01-09 11:00:00,NYSE,2023-Q1,CMC,sensing,sense,sense,2063,2059,2068,activity to give a,of magnitude the value,activity to give a sense of magnitude the value
85,2023-01-09 11:00:00,NYSE,2023-Q1,CMC,seizing,invest,invest,4086,4082,4091,outlook we expect to,between million and million,outlook we expect to invest between million and million
85,2023-01-09 11:00:00,NYSE,2023-Q1,CMC,sensing,sense,sense,4484,4480,4489,you ve got a,of what volume expectations,you ve got a sense of what volume expectations
85,2023-01-09 11:00:00,NYSE,2023-Q1,CMC,seizing,invest,invest,4589,4585,4594,deliberate investment strategy to,in merchant and even,deliberate investment strategy to invest in merchant and even
85,2023-01-09 11:00:00,NYSE,2023-Q1,CMC,sensing,sense,sense,6025,6021,6030,s helpful and makes,i guess as a,s helpful and makes sense i guess as a
86,2021-07-22 18:00:00,NASDAQ,2021-Q2,SIVB,seizing,investing,investing,675,671,680,lot of people are,in that and we,lot of people are investing in that and we
86,2021-07-22 18:00:00,NASDAQ,2021-Q2,SIVB,seizing,investing,investing,2951,2947,2956,of this relates to,in the business and,of this relates to investing in the business and
86,2021-07-22 18:00:00,NASDAQ,2021-Q2,SIVB,sensing,sense,sense,3194,3190,3199,should give you a,of where that run,should give you a sense of where that run
86,2021-07-22 18:00:00,NASDAQ,2021-Q2,SIVB,seizing,investing,investing,3477,3473,3482,like what you re,in is it including,like what you re investing in is it including
86,2021-07-22 18:00:00,NASDAQ,2021-Q2,SIVB,seizing,invest,invest,3903,3899,3908,that that continue to,and where would be,that that continue to invest and where would be
86,2021-07-22 18:00:00,NASDAQ,2021-Q2,SIVB,seizing,invest,invest,4900,4896,4905,and to continue to,in treasury shorter treasury,and to continue to invest in treasury shorter treasury
86,2021-07-22 18:00:00,NASDAQ,2021-Q2,SIVB,sensing,sense,sense,5014,5010,5019,we think to makes,bill carcache wolfe research,we think to makes sense bill carcache wolfe research
86,2021-07-22 18:00:00,NASDAQ,2021-Q2,SIVB,seizing,investing,investing,5887,5883,5892,be an alternative to,in high growth stocks,be an alternative to investing in high growth stocks
86,2021-07-22 18:00:00,NASDAQ,2021-Q2,SIVB,sensing,shape,shape,6918,6914,6923,are in really good,and considering the substantial,are in really good shape and considering the substantial
87,2021-02-11 10:00:00,NYSE,2020-Q4,GNRC,sensing,sense,sense,9153,9149,9158,absolute number just some,of like how it,absolute number just some sense of like how it
87,2021-02-11 10:00:00,NYSE,2020-Q4,GNRC,sensing,sense,sense,9178,9174,9183,to get a better,of the production versus,to get a better sense of the production versus
87,2021-02-11 10:00:00,NYSE,2020-Q4,GNRC,sensing,shape,shape,9331,9327,9336,were in pretty good,and then the demand,were in pretty good shape and then the demand
88,2021-02-02 07:30:00,NYSE,2021-Q3,BABA,seizing,investing,investing,1104,1100,1109,even more committed to,in these core areas,even more committed to investing in these core areas
88,2021-02-02 07:30:00,NYSE,2021-Q3,BABA,seizing,investing,investing,1109,1105,1114,in these core areas,for innovation for value,in these core areas investing for innovation for value
88,2021-02-02 07:30:00,NYSE,2021-Q3,BABA,seizing,invest,invest,1164,1160,1169,mau base and further,in expansion of the,mau base and further invest in expansion of the
88,2021-02-02 07:30:00,NYSE,2021-Q3,BABA,seizing,investing,investing,1292,1288,1297,this opportunity to continue,to strengthen our local,this opportunity to continue investing to strengthen our local
88,2021-02-02 07:30:00,NYSE,2021-Q3,BABA,seizing,invest,invest,1402,1398,1407,applications while continuing to,for growth finally for,applications while continuing to invest for growth finally for
88,2021-02-02 07:30:00,NYSE,2021-Q3,BABA,seizing,investing,investing,1938,1934,1943,our steadfast approach of,in our businesses for,our steadfast approach of investing in our businesses for
88,2021-02-02 07:30:00,NYSE,2021-Q3,BABA,seizing,invested,invested,2081,2077,2086,core commerce we further,in local service new,core commerce we further invested in local service new
88,2021-02-02 07:30:00,NYSE,2021-Q3,BABA,seizing,invest,invest,3086,3082,3091,we will continue to,in user growth user,we will continue to invest in user growth user
88,2021-02-02 07:30:00,NYSE,2021-Q3,BABA,sensing,sense,sense,4502,4498,4507,social responsibility in the,is conducive to driving,social responsibility in the sense is conducive to driving
88,2021-02-02 07:30:00,NYSE,2021-Q3,BABA,seizing,invest,invest,4774,4770,4779,always said we always,for the future and,always said we always invest for the future and
88,2021-02-02 07:30:00,NYSE,2021-Q3,BABA,seizing,invest,invest,5053,5049,5058,we will continue to,in the live streaming,we will continue to invest in the live streaming
88,2021-02-02 07:30:00,NYSE,2021-Q3,BABA,seizing,invest,invest,5284,5280,5289,we will continue to,in this business but,we will continue to invest in this business but
88,2021-02-02 07:30:00,NYSE,2021-Q3,BABA,seizing,investing,investing,5309,5305,5314,retail business in our,companies and in our,retail business in our investing companies and in our
88,2021-02-02 07:30:00,NYSE,2021-Q3,BABA,seizing,invest,invest,5367,5363,5372,are very confident to,more in this area,are very confident to invest more in this area
88,2021-02-02 07:30:00,NYSE,2021-Q3,BABA,seizing,invested,invested,5820,5816,5825,technology for years we,in the cutting edge,technology for years we invested in the cutting edge
88,2021-02-02 07:30:00,NYSE,2021-Q3,BABA,seizing,invest,invest,5928,5924,5933,officer in summary we,a lot in technologies,officer in summary we invest a lot in technologies
88,2021-02-02 07:30:00,NYSE,2021-Q3,BABA,seizing,investing,investing,6305,6301,6310,instead we would prioritize,in our future growth,instead we would prioritize investing in our future growth
88,2021-02-02 07:30:00,NYSE,2021-Q3,BABA,seizing,investing,investing,6338,6334,6343,about we are always,in future growth maggie,about we are always investing in future growth maggie
88,2021-02-02 07:30:00,NYSE,2021-Q3,BABA,seizing,invest,invest,6423,6419,6428,ability to continue to,you can also look,ability to continue to invest you can also look
88,2021-02-02 07:30:00,NYSE,2021-Q3,BABA,seizing,invest,invest,6478,6474,6483,strategy we continue to,in the future and,strategy we continue to invest in the future and
88,2021-02-02 07:30:00,NYSE,2021-Q3,BABA,seizing,invest,invest,6557,6553,6562,be to continue to,to scale up our,be to continue to invest to scale up our
88,2021-02-02 07:30:00,NYSE,2021-Q3,BABA,seizing,invest,invest,7243,7239,7248,once again we will,for the technologies to,once again we will invest for the technologies to
88,2021-02-02 07:30:00,NYSE,2021-Q3,BABA,seizing,investing,investing,7317,7313,7322,new businesses you re,in i m wondering,new businesses you re investing in i m wondering
88,2021-02-02 07:30:00,NYSE,2021-Q3,BABA,seizing,investing,investing,7613,7609,7618,and we re indeed,in some even earlier,and we re indeed investing in some even earlier
90,2022-08-09 16:30:00,NASDAQ,2022-Q2,OPRX,seizing,investing,investing,1966,1962,1971,in our approach to,for profitable growth now,in our approach to investing for profitable growth now
90,2022-08-09 16:30:00,NASDAQ,2022-Q2,OPRX,sensing,sense,sense,3266,3262,3271,you give us a,of given that the,you give us a sense of given that the
90,2022-08-09 16:30:00,NASDAQ,2022-Q2,OPRX,sensing,sense,sense,5337,5333,5342,do you have a,of how patient cohorts,do you have a sense of how patient cohorts
91,2019-07-24 17:00:00,NASDAQ,2020-Q1,XLNX,sensing,sense,sense,2923,2919,2928,give us some rough,of how large it,give us some rough sense of how large it
91,2019-07-24 17:00:00,NASDAQ,2020-Q1,XLNX,sensing,sense,sense,2952,2948,2957,that but any rough,would be really helpful,that but any rough sense would be really helpful
91,2019-07-24 17:00:00,NASDAQ,2020-Q1,XLNX,seizing,investing,investing,3406,3402,3411,said and we are,in order to stay,said and we are investing in order to stay
91,2019-07-24 17:00:00,NASDAQ,2020-Q1,XLNX,seizing,investing,investing,6409,6405,6414,no change everybody is,for kind of that,no change everybody is investing for kind of that
91,2019-07-24 17:00:00,NASDAQ,2020-Q1,XLNX,sensing,shape,shape,8199,8195,8204,re in really good,very excited about that,re in really good shape very excited about that
91,2019-07-24 17:00:00,NASDAQ,2020-Q1,XLNX,seizing,invested,invested,8819,8815,8824,going to we ve,a lot in it,going to we ve invested a lot in it
91,2019-07-24 17:00:00,NASDAQ,2020-Q1,XLNX,seizing,investing,investing,8845,8841,8850,developers so we are,a lot we re,developers so we are investing a lot we re
91,2019-07-24 17:00:00,NASDAQ,2020-Q1,XLNX,seizing,investing,investing,8883,8879,8888,good point we are,a lot it is,good point we are investing a lot it is
92,2020-11-06 09:00:00,NYSE,2021-Q2,MOD,seizing,invest,invest,1045,1041,1050,year we continue to,in our coating business,year we continue to invest in our coating business
92,2020-11-06 09:00:00,NYSE,2021-Q2,MOD,sensing,sense,sense,4402,4398,4407,you give us some,of how much of,you give us some sense of how much of
92,2020-11-06 09:00:00,NYSE,2021-Q2,MOD,sensing,sense,sense,4624,4620,4629,a little bit of,as to what your,a little bit of sense as to what your
92,2020-11-06 09:00:00,NYSE,2021-Q2,MOD,sensing,sense,sense,5070,5066,5075,you give us any,of how large that,you give us any sense of how large that
93,2020-08-06 09:00:00,NASDAQ,2020-Q2,LAMR,sensing,shape,shape,2506,2502,2511,you re in good,i know you guys,you re in good shape i know you guys
94,2021-04-20 09:00:00,NYSE,2021-Q1,TRV,seizing,invest,invest,2516,2512,2521,down our commitment to,in product development and,down our commitment to invest in product development and
94,2021-04-20 09:00:00,NYSE,2021-Q1,TRV,transforming,redesigned,redesigned,2549,2545,2554,ve highlighted our completely,bop small commercial product,ve highlighted our completely redesigned bop small commercial product
94,2021-04-20 09:00:00,NYSE,2021-Q1,TRV,seizing,invest,invest,2710,2706,2715,and we continue to,in the business for,and we continue to invest in the business for
94,2021-04-20 09:00:00,NYSE,2021-Q1,TRV,sensing,sense,sense,5449,5445,5454,and it makes more,just to fold it,and it makes more sense just to fold it
94,2021-04-20 09:00:00,NYSE,2021-Q1,TRV,seizing,investing,investing,5512,5508,5517,the business we re,in frankly it s,the business we re investing in frankly it s
94,2021-04-20 09:00:00,NYSE,2021-Q1,TRV,sensing,sense,sense,5577,5573,5582,l didn t make,not that it moved,l didn t make sense not that it moved
94,2021-04-20 09:00:00,NYSE,2021-Q1,TRV,seizing,investing,investing,5875,5871,5880,that but we are,in it it is,that but we are investing in it it is
94,2021-04-20 09:00:00,NYSE,2021-Q1,TRV,seizing,investing,investing,5925,5921,5930,same and we re,in capabilities to make,same and we re investing in capabilities to make
94,2021-04-20 09:00:00,NYSE,2021-Q1,TRV,seizing,invested,invested,5983,5979,5988,uk but we ve,in infrastructure in the,uk but we ve invested in infrastructure in the
94,2021-04-20 09:00:00,NYSE,2021-Q1,TRV,sensing,sense,sense,6869,6865,6874,can give us a,other commercial long tail,can give us a sense other commercial long tail
94,2021-04-20 09:00:00,NYSE,2021-Q1,TRV,sensing,sense,sense,7765,7761,7770,llc us analyst makes,and then can i,llc us analyst makes sense and then can i
94,2021-04-20 09:00:00,NYSE,2021-Q1,TRV,seizing,investing,investing,8014,8010,8019,flatter where are you,there michael f klein,flatter where are you investing there michael f klein
94,2021-04-20 09:00:00,NYSE,2021-Q1,TRV,sensing,sense,sense,8266,8262,8271,in time it makes,to really be prudent,in time it makes sense to really be prudent
95,2021-02-17 16:30:00,NASDAQ,2020-Q4,LOPE,seizing,invest,invest,521,517,526,financial position and can,in educational infrastructure to,financial position and can invest in educational infrastructure to
95,2021-02-17 16:30:00,NASDAQ,2020-Q4,LOPE,seizing,invested,invested,916,912,921,to students gce has,heavily in personnel technology,to students gce has invested heavily in personnel technology
95,2021-02-17 16:30:00,NASDAQ,2020-Q4,LOPE,seizing,invested,invested,1367,1363,1372,state two gcu has,billion in educational infrastructure,state two gcu has invested billion in educational infrastructure
95,2021-02-17 16:30:00,NASDAQ,2020-Q4,LOPE,seizing,invest,invest,1468,1464,1473,areas six university will,million additional in the,areas six university will invest million additional in the
95,2021-02-17 16:30:00,NASDAQ,2020-Q4,LOPE,seizing,invested,invested,1598,1594,1603,campaigns nine gce has,heavily in building out,campaigns nine gce has invested heavily in building out
95,2021-02-17 16:30:00,NASDAQ,2020-Q4,LOPE,transforming,transform,transform,2280,2276,2285,the goal was to,an inner city neighborhood,the goal was to transform an inner city neighborhood
95,2021-02-17 16:30:00,NASDAQ,2020-Q4,LOPE,seizing,invest,invest,2467,2463,2472,together we continue to,in a major partnership,together we continue to invest in a major partnership
95,2021-02-17 16:30:00,NASDAQ,2020-Q4,LOPE,seizing,invested,invested,2490,2486,2495,over million have been,in this initiative it,over million have been invested in this initiative it
95,2021-02-17 16:30:00,NASDAQ,2020-Q4,LOPE,seizing,invested,invested,7662,7658,7667,place simulations that we,a lot of money,place simulations that we invested a lot of money
96,2021-05-12 21:00:00,NYSE,2021-Q1,OCFT,sensing,sense,sense,2290,2286,2295,you with a better,of our business and,you with a better sense of our business and
97,2021-02-09 17:00:00,NYSE,2020-Q4,AYX,transforming,transform,transform,315,311,320,the world adapt and,with the sense of,the world adapt and transform with the sense of
97,2021-02-09 17:00:00,NYSE,2020-Q4,AYX,sensing,sense,sense,318,314,323,and transform with the,of urgency that i,and transform with the sense of urgency that i
97,2021-02-09 17:00:00,NYSE,2020-Q4,AYX,transforming,transform,transform,360,356,365,submit that one cannot,without harnessing control of,submit that one cannot transform without harnessing control of
97,2021-02-09 17:00:00,NYSE,2020-Q4,AYX,transforming,transform,transform,1408,1404,1413,education and upskilling can,people s lives the,education and upskilling can transform people s lives the
97,2021-02-09 17:00:00,NYSE,2020-Q4,AYX,seizing,invest,invest,2351,2347,2356,where we expect to,and the implications to,where we expect to invest and the implications to
97,2021-02-09 17:00:00,NYSE,2020-Q4,AYX,seizing,investing,investing,2377,2373,2382,means we will be,now to drive the,means we will be investing now to drive the
97,2021-02-09 17:00:00,NYSE,2020-Q4,AYX,sensing,shape,shape,2535,2531,2540,fourth quarter given the,of our typical revenue,fourth quarter given the shape of our typical revenue
97,2021-02-09 17:00:00,NYSE,2020-Q4,AYX,transforming,transforming,transforming,3392,3388,3397,as we can while,the business right and,as we can while transforming the business right and
97,2021-02-09 17:00:00,NYSE,2020-Q4,AYX,sensing,sense,sense,3549,3545,3554,cost with the right,of urgency and do,cost with the right sense of urgency and do
97,2021-02-09 17:00:00,NYSE,2020-Q4,AYX,transforming,transform,transform,3893,3889,3898,important like helping customers,their businesses and so,important like helping customers transform their businesses and so
97,2021-02-09 17:00:00,NYSE,2020-Q4,AYX,seizing,invested,invested,5451,5447,5456,re all massively accenture,in alteryx it makes,re all massively accenture invested in alteryx it makes
97,2021-02-09 17:00:00,NYSE,2020-Q4,AYX,sensing,sense,sense,5456,5452,5461,in alteryx it makes,that the partnerships are,in alteryx it makes sense that the partnerships are
97,2021-02-09 17:00:00,NYSE,2020-Q4,AYX,transforming,transforming,transforming,5801,5797,5806,have that we re,the output for data,have that we re transforming the output for data
97,2021-02-09 17:00:00,NYSE,2020-Q4,AYX,seizing,investing,investing,6139,6135,6144,you you talked about,more specifically in product,you you talked about investing more specifically in product
97,2021-02-09 17:00:00,NYSE,2020-Q4,AYX,seizing,invest,invest,6390,6386,6395,but i wanted to,a lot more in,but i wanted to invest a lot more in
97,2021-02-09 17:00:00,NYSE,2020-Q4,AYX,transforming,transform,transform,6535,6531,6540,alteryx to continue to,itself to becoming a,alteryx to continue to transform itself to becoming a
97,2021-02-09 17:00:00,NYSE,2020-Q4,AYX,transforming,transform,transform,6721,6717,6726,comments about continuing to,the business and trend,comments about continuing to transform the business and trend
97,2021-02-09 17:00:00,NYSE,2020-Q4,AYX,seizing,investing,investing,7064,7060,7069,to be comfortable about,either staying with alteryx,to be comfortable about investing either staying with alteryx
97,2021-02-09 17:00:00,NYSE,2020-Q4,AYX,seizing,investing,investing,7073,7069,7078,in the future or,even more with us,in the future or investing even more with us
97,2021-02-09 17:00:00,NYSE,2020-Q4,AYX,sensing,sense,sense,7232,7228,7237,wanted to get a,for how much change,wanted to get a sense for how much change
97,2021-02-09 17:00:00,NYSE,2020-Q4,AYX,sensing,sense,sense,7944,7940,7949,makes a lot of,we ve talked for,makes a lot of sense we ve talked for
97,2021-02-09 17:00:00,NYSE,2020-Q4,AYX,seizing,invest,invest,9162,9158,9167,exist internationally we will,heavily in capturing that,exist internationally we will invest heavily in capturing that
97,2021-02-09 17:00:00,NYSE,2020-Q4,AYX,seizing,seize,seize,9293,9289,9298,and we plan to,the opportunities in front,and we plan to seize the opportunities in front
98,2021-02-12 10:00:00,NYSE,2020-Q4,HUN,sensing,sense,sense,3576,3572,3581,to try to make,of the seemingly ever,to try to make sense of the seemingly ever
98,2021-02-12 10:00:00,NYSE,2020-Q4,HUN,sensing,sense,sense,8261,8257,8266,capex uptick which makes,in what you ve,capex uptick which makes sense in what you ve
99,2021-03-02 09:00:00,NYSE,2020-Q4,TGT,seizing,invested,invested,472,468,477,designed our strategy and,accordingly we relentlessly asked,designed our strategy and invested accordingly we relentlessly asked
99,2021-03-02 09:00:00,NYSE,2020-Q4,TGT,seizing,invested,invested,1302,1298,1307,hour we ve consistently,in our merchandising strength,hour we ve consistently invested in our merchandising strength
99,2021-03-02 09:00:00,NYSE,2020-Q4,TGT,seizing,investing,investing,1358,1354,1363,and digital shopping experience,billions in store remodels,and digital shopping experience investing billions in store remodels
99,2021-03-02 09:00:00,NYSE,2020-Q4,TGT,seizing,invest,invest,1396,1392,1401,we re continuing to,in our team even,we re continuing to invest in our team even
99,2021-03-02 09:00:00,NYSE,2020-Q4,TGT,seizing,invested,invested,1454,1450,1459,in january when we,another million to reward,in january when we invested another million to reward
99,2021-03-02 09:00:00,NYSE,2020-Q4,TGT,sensing,shaped,shaped,3337,3333,3342,particular category instead we,our business decisions around,particular category instead we shaped our business decisions around
99,2021-03-02 09:00:00,NYSE,2020-Q4,TGT,seizing,invested,invested,3594,3590,3599,beloved brand because we,in co creating this,beloved brand because we invested in co creating this
99,2021-03-02 09:00:00,NYSE,2020-Q4,TGT,sensing,shaping,shaping,4240,4236,4245,the things that are,their world and meeting,the things that are shaping their world and meeting
99,2021-03-02 09:00:00,NYSE,2020-Q4,TGT,seizing,investing,investing,4408,4404,4413,morning we have been,in them for years,morning we have been investing in them for years
99,2021-03-02 09:00:00,NYSE,2020-Q4,TGT,sensing,sense,sense,6538,6534,6543,expertise empowerment and a,of ownership in how,expertise empowerment and a sense of ownership in how
99,2021-03-02 09:00:00,NYSE,2020-Q4,TGT,seizing,invest,invest,6775,6771,6780,we do we ll,in more capacity and,we do we ll invest in more capacity and
99,2021-03-02 09:00:00,NYSE,2020-Q4,TGT,seizing,investing,investing,8221,8217,8226,our guests we re,in a lot of,our guests we re investing in a lot of
99,2021-03-02 09:00:00,NYSE,2020-Q4,TGT,seizing,invest,invest,9452,9448,9457,more effectively we can,in what they want,more effectively we can invest in what they want
99,2021-03-02 09:00:00,NYSE,2020-Q4,TGT,seizing,invest,invest,9473,9469,9478,lives easier if we,the right way guests,lives easier if we invest the right way guests
99,2021-03-02 09:00:00,NYSE,2020-Q4,TGT,seizing,invest,invest,9494,9490,9499,create additional opportunities to,our success in which,create additional opportunities to invest our success in which
99,2021-03-02 09:00:00,NYSE,2020-Q4,TGT,seizing,invest,invest,10209,10205,10214,day services while we,to broaden shipt s,day services while we invest to broaden shipt s
99,2021-03-02 09:00:00,NYSE,2020-Q4,TGT,seizing,investing,investing,10297,10293,10302,john covered we re,to modernize our network,john covered we re investing to modernize our network
99,2021-03-02 09:00:00,NYSE,2020-Q4,TGT,sensing,sense,sense,10633,10629,10638,store would only make,if it drove incremental,store would only make sense if it drove incremental
99,2021-03-02 09:00:00,NYSE,2020-Q4,TGT,seizing,invest,invest,10781,10777,10786,opportunity nearby we can,in another of these,opportunity nearby we can invest in another of these
99,2021-03-02 09:00:00,NYSE,2020-Q4,TGT,seizing,invest,invest,10948,10944,10953,remodels we ll also,in ulta beauty shop,remodels we ll also invest in ulta beauty shop
99,2021-03-02 09:00:00,NYSE,2020-Q4,TGT,seizing,investing,investing,11051,11047,11056,our laser focus on,for the long term,our laser focus on investing for the long term
99,2021-03-02 09:00:00,NYSE,2020-Q4,TGT,seizing,invest,invest,12297,12293,12302,while we continue to,in long term growth,while we continue to invest in long term growth
99,2021-03-02 09:00:00,NYSE,2020-Q4,TGT,seizing,invest,invest,12633,12629,12638,first we look to,in the business in,first we look to invest in the business in
99,2021-03-02 09:00:00,NYSE,2020-Q4,TGT,seizing,invest,invest,12828,12824,12833,outlined our plan to,about billion this year,outlined our plan to invest about billion this year
99,2021-03-02 09:00:00,NYSE,2020-Q4,TGT,seizing,invested,invested,13236,13232,13241,an increase in the,capital portion of this,an increase in the invested capital portion of this
99,2021-03-02 09:00:00,NYSE,2020-Q4,TGT,seizing,investing,investing,13370,13366,13375,said we d be,to put our stores,said we d be investing to put our stores
99,2021-03-02 09:00:00,NYSE,2020-Q4,TGT,seizing,invest,invest,13442,13438,13447,but we continued to,with a long view,but we continued to invest with a long view
99,2021-03-02 09:00:00,NYSE,2020-Q4,TGT,seizing,investing,investing,13496,13492,13501,on playing offense and,in continued growth just,on playing offense and investing in continued growth just
99,2021-03-02 09:00:00,NYSE,2020-Q4,TGT,seizing,invest,invest,15219,15215,15224,brands and continue to,in building a trusted,brands and continue to invest in building a trusted
99,2021-03-02 09:00:00,NYSE,2020-Q4,TGT,seizing,investing,investing,15553,15549,15558,a long history of,in our team that,a long history of investing in our team that
99,2021-03-02 09:00:00,NYSE,2020-Q4,TGT,seizing,invest,invest,17511,17507,17516,of capital we d,in stores in remodeling,of capital we d invest in stores in remodeling
99,2021-03-02 09:00:00,NYSE,2020-Q4,TGT,seizing,investing,investing,17566,17562,17571,commitment to our team,in wages and benefits,commitment to our team investing in wages and benefits
99,2021-03-02 09:00:00,NYSE,2020-Q4,TGT,seizing,investing,investing,17571,17567,17576,in wages and benefits,in training and crew,in wages and benefits investing in training and crew
99,2021-03-02 09:00:00,NYSE,2020-Q4,TGT,seizing,invested,invested,17670,17666,17675,leadership position with wages,in our team provided,leadership position with wages invested in our team provided
99,2021-03-02 09:00:00,NYSE,2020-Q4,TGT,seizing,invest,invest,17719,17715,17724,to make sure we,in our team to,to make sure we invest in our team to
99,2021-03-02 09:00:00,NYSE,2020-Q4,TGT,sensing,sense,sense,18914,18910,18919,of a lot of,because of the way,of a lot of sense because of the way
99,2021-03-02 09:00:00,NYSE,2020-Q4,TGT,seizing,investing,investing,19186,19182,19191,of where we re,going forward is to,of where we re investing going forward is to
100,2022-03-03 05:00:00,NYSE,2021-Q4,SBSW,sensing,shape,shape,3206,3202,3211,that are going to,the fifth industrial revolution,that are going to shape the fifth industrial revolution
100,2022-03-03 05:00:00,NYSE,2021-Q4,SBSW,seizing,invest,invest,8799,8795,8804,are making commitments to,in social upliftment to,are making commitments to invest in social upliftment to
100,2022-03-03 05:00:00,NYSE,2021-Q4,SBSW,sensing,sense,sense,10128,10124,10133,values it may make,now i need to,values it may make sense now i need to
100,2022-03-03 05:00:00,NYSE,2021-Q4,SBSW,sensing,sense,sense,10162,10158,10167,of course it makes,to use our currency,of course it makes sense to use our currency
101,2020-08-06 09:30:00,(NYSE,2020-Q2,STNG),sensing,sense,sense,8272,8268,8277,to get a better,for an updated kind,to get a better sense for an updated kind
101,2020-08-06 09:30:00,(NYSE,2020-Q2,STNG),sensing,sense,sense,9401,9397,9406,to you which makes,how do you think,to you which makes sense how do you think
102,2019-10-31 11:00:00,NYSE,2019-Q3,WWE,seizing,investing,investing,425,421,430,our brands this included,in our core in,our brands this included investing in our core in
102,2019-10-31 11:00:00,NYSE,2019-Q3,WWE,transforming,transform,transform,2157,2153,2162,we believe we can,our business drive growth,we believe we can transform our business drive growth
102,2019-10-31 11:00:00,NYSE,2019-Q3,WWE,seizing,investing,investing,2297,2293,2302,about where you re,more in content now,about where you re investing more in content now
102,2019-10-31 11:00:00,NYSE,2019-Q3,WWE,sensing,shaping,shaping,2758,2754,2763,and how that s,up george a barrios,and how that s shaping up george a barrios
102,2019-10-31 11:00:00,NYSE,2019-Q3,WWE,seizing,invest,invest,6452,6448,6457,structure and continue to,in that and strengthen,structure and continue to invest in that and strengthen
102,2019-10-31 11:00:00,NYSE,2019-Q3,WWE,sensing,sense,sense,6928,6924,6933,so you get a,of the scale of,so you get a sense of the scale of
102,2019-10-31 11:00:00,NYSE,2019-Q3,WWE,seizing,investing,investing,7300,7296,7305,forward and also just,in the core in,forward and also just investing in the core in
102,2019-10-31 11:00:00,NYSE,2019-Q3,WWE,seizing,invested,invested,8972,8968,8977,content and certainly we,in our core in,content and certainly we invested in our core in
103,2021-04-28 07:00:00,NYSE,2021-Q1,DB,transforming,transform,transform,190,186,195,gave ourselves quarters to,deutsche bank and quarters,gave ourselves quarters to transform deutsche bank and quarters
103,2021-04-28 07:00:00,NYSE,2021-Q1,DB,sensing,sense,sense,10702,10698,10707,quarter is in a,calling a turn in,quarter is in a sense calling a turn in
104,2021-06-08 08:00:00,NYSE,2021-Q1,CHS,transforming,transformed,transformed,625,621,630,years we have successfully,into a seamless digital,years we have successfully transformed into a seamless digital
104,2021-06-08 08:00:00,NYSE,2021-Q1,CHS,sensing,sense,sense,1155,1151,1160,proofing are driving a,of urgency for customer,proofing are driving a sense of urgency for customer
104,2021-06-08 08:00:00,NYSE,2021-Q1,CHS,sensing,sense,sense,1321,1317,1326,or buyouts make economic,we have lease flexibility,or buyouts make economic sense we have lease flexibility
105,2021-05-04 17:00:00,NASDAQ,2021-Q3,MRCY,seizing,investing,investing,400,396,405,continue to execute strategically,in r d and,continue to execute strategically investing in r d and
105,2021-05-04 17:00:00,NASDAQ,2021-Q3,MRCY,seizing,invest,invest,1734,1730,1739,the second is to,in new technologies our,the second is to invest in new technologies our
105,2021-05-04 17:00:00,NASDAQ,2021-Q3,MRCY,seizing,investing,investing,1784,1780,1789,allow us to continue,in organic growth while,allow us to continue investing in organic growth while
105,2021-05-04 17:00:00,NASDAQ,2021-Q3,MRCY,seizing,invest,invest,2853,2849,2858,have significant capacity to,for organic growth as,have significant capacity to invest for organic growth as
105,2021-05-04 17:00:00,NASDAQ,2021-Q3,MRCY,seizing,invest,invest,3318,3314,3323,as we continue to,in growing the business,as we continue to invest in growing the business
105,2021-05-04 17:00:00,NASDAQ,2021-Q3,MRCY,sensing,sense,sense,6036,6032,6041,in an absolute dollar,is pretty large for,in an absolute dollar sense is pretty large for
105,2021-05-04 17:00:00,NASDAQ,2021-Q3,MRCY,seizing,invested,invested,6760,6756,6765,ve talked about we,in inventory to derisk,ve talked about we invested in inventory to derisk
105,2021-05-04 17:00:00,NASDAQ,2021-Q3,MRCY,transforming,transform,transform,7150,7146,7155,available silicon and then,it for use for,available silicon and then transform it for use for
106,2021-06-02 17:00:00,NYSE,2021-Q4,AI,seizing,investing,investing,1548,1544,1553,segments we are aggressively,to extend our product,segments we are aggressively investing to extend our product
106,2021-06-02 17:00:00,NYSE,2021-Q4,AI,seizing,invested,invested,2385,2381,2390,increase of we thoughtfully,throughout the year and,increase of we thoughtfully invested throughout the year and
106,2021-06-02 17:00:00,NYSE,2021-Q4,AI,seizing,invest,invest,2394,2390,2399,we will continue to,with focus on expanding,we will continue to invest with focus on expanding
106,2021-06-02 17:00:00,NYSE,2021-Q4,AI,seizing,invest,invest,2700,2696,2705,noting that we will,thoughtfully to expand our,noting that we will invest thoughtfully to expand our
106,2021-06-02 17:00:00,NYSE,2021-Q4,AI,seizing,investing,investing,6672,6668,6677,expect us to be,this year in a,expect us to be investing this year in a
106,2021-06-02 17:00:00,NYSE,2021-Q4,AI,sensing,sense,sense,8482,8478,8487,wanted to get a,of what s driving,wanted to get a sense of what s driving
106,2021-06-02 17:00:00,NYSE,2021-Q4,AI,sensing,sense,sense,8863,8859,8868,analyst it makes total,though the follow up,analyst it makes total sense though the follow up
106,2021-06-02 17:00:00,NYSE,2021-Q4,AI,sensing,sense,sense,9838,9834,9843,wanted to get a,of how conservative your,wanted to get a sense of how conservative your
106,2021-06-02 17:00:00,NYSE,2021-Q4,AI,seizing,seize,seize,10544,10540,10549,been better positioned to,the market opportunity so,been better positioned to seize the market opportunity so
108,2021-04-29 09:00:00,NYSE,2021-Q1,FCN,sensing,sense,sense,635,631,640,i think we can,at least the beginning,i think we can sense at least the beginning
108,2021-04-29 09:00:00,NYSE,2021-Q1,FCN,sensing,sense,sense,3699,3695,3704,that to get a,of maybe some of,that to get a sense of maybe some of
108,2021-04-29 09:00:00,NYSE,2021-Q1,FCN,seizing,invest,invest,6117,6113,6122,mean any time you,for growth do often,mean any time you invest for growth do often
108,2021-04-29 09:00:00,NYSE,2021-Q1,FCN,seizing,invest,invest,6500,6496,6505,with ambition both to,behind our core and,with ambition both to invest behind our core and
108,2021-04-29 09:00:00,NYSE,2021-Q1,FCN,seizing,invest,invest,6506,6502,6511,our core and also,in adjacencies so i,our core and also invest in adjacencies so i
108,2021-04-29 09:00:00,NYSE,2021-Q1,FCN,sensing,sense,sense,6770,6766,6775,securities analyst that makes,do you have an,securities analyst that makes sense do you have an
108,2021-04-29 09:00:00,NYSE,2021-Q1,FCN,seizing,invested,invested,7021,7017,7026,segment s history we,and i think we,segment s history we invested and i think we
108,2021-04-29 09:00:00,NYSE,2021-Q1,FCN,seizing,invest,invest,7257,7253,7262,we re going to,in that business and,we re going to invest in that business and
108,2021-04-29 09:00:00,NYSE,2021-Q1,FCN,sensing,sense,sense,7550,7546,7555,it has to make,for us and we,it has to make sense for us and we
108,2021-04-29 09:00:00,NYSE,2021-Q1,FCN,sensing,sense,sense,7563,7559,7568,standards and what makes,for us but there,standards and what makes sense for us but there
108,2021-04-29 09:00:00,NYSE,2021-Q1,FCN,sensing,sense,sense,8037,8033,8042,yeah absolutely makes perfect,thank you for your,yeah absolutely makes perfect sense thank you for your
109,2021-07-09 12:00:00,NASDAQ,2021-Q3,PSMT,seizing,investing,investing,2303,2299,2308,be buoyed by further,in talent and technology,be buoyed by further investing in talent and technology
109,2021-07-09 12:00:00,NASDAQ,2021-Q3,PSMT,seizing,investing,investing,3889,3885,3894,net cash used in,activities decreased by million,net cash used in investing activities decreased by million
109,2021-07-09 12:00:00,NASDAQ,2021-Q3,PSMT,seizing,invest,invest,4054,4050,4059,while also continuing to,in the future therefore,while also continuing to invest in the future therefore
109,2021-07-09 12:00:00,NASDAQ,2021-Q3,PSMT,seizing,invest,invest,4879,4875,4884,you to continue to,in that area but,you to continue to invest in that area but
109,2021-07-09 12:00:00,NASDAQ,2021-Q3,PSMT,seizing,investing,investing,4941,4937,4946,sure that we are,appropriately to build the,sure that we are investing appropriately to build the
110,2022-05-04 08:30:00,NASDAQ,2022-Q3,LITE,sensing,sensing,sensing,550,546,555,performance lasers for d,and lidar are expanding,performance lasers for d sensing and lidar are expanding
110,2022-05-04 08:30:00,NASDAQ,2022-Q3,LITE,sensing,sensing,sensing,1232,1228,1237,expected due to d,seasonality we are expanding,expected due to d sensing seasonality we are expanding
110,2022-05-04 08:30:00,NASDAQ,2022-Q3,LITE,sensing,sensing,sensing,1239,1235,1244,are expanding our d,and lidar platforms into,are expanding our d sensing and lidar platforms into
110,2022-05-04 08:30:00,NASDAQ,2022-Q3,LITE,sensing,sensing,sensing,1283,1279,1288,time of flight d,together with ambarella s,time of flight d sensing together with ambarella s
110,2022-05-04 08:30:00,NASDAQ,2022-Q3,LITE,sensing,sensing,sensing,3813,3809,3818,talked about the d,business as kind of,talked about the d sensing business as kind of
110,2022-05-04 08:30:00,NASDAQ,2022-Q3,LITE,sensing,sensing,sensing,3953,3949,3958,outsized share in d,that share normalization being,outsized share in d sensing that share normalization being
110,2022-05-04 08:30:00,NASDAQ,2022-Q3,LITE,sensing,sensing,sensing,4026,4022,4031,current situation in d,or industrial and consumer,current situation in d sensing or industrial and consumer
110,2022-05-04 08:30:00,NASDAQ,2022-Q3,LITE,sensing,sense,sense,4842,4838,4847,wanted to get a,for how large you,wanted to get a sense for how large you
110,2022-05-04 08:30:00,NASDAQ,2022-Q3,LITE,sensing,sensing,sensing,6173,6169,6178,commentary suggested maybe external,coming a little closer,commentary suggested maybe external sensing coming a little closer
110,2022-05-04 08:30:00,NASDAQ,2022-Q3,LITE,sensing,sensing,sensing,6239,6235,6244,on application for external,chris coldren chief strategy,on application for external sensing chris coldren chief strategy
110,2022-05-04 08:30:00,NASDAQ,2022-Q3,LITE,sensing,sensing,sensing,6641,6637,6646,analyst on the d,side just to follow,analyst on the d sensing side just to follow
110,2022-05-04 08:30:00,NASDAQ,2022-Q3,LITE,sensing,sensing,sensing,6755,6751,6760,give a specific d,number for the june,give a specific d sensing number for the june
110,2022-05-04 08:30:00,NASDAQ,2022-Q3,LITE,sensing,sensing,sensing,6817,6813,6822,year decline in d,for example in the,year decline in d sensing for example in the
110,2022-05-04 08:30:00,NASDAQ,2022-Q3,LITE,sensing,shaped,shaped,6880,6876,6885,little b or u,if you were to,little b or u shaped if you were to
110,2022-05-04 08:30:00,NASDAQ,2022-Q3,LITE,seizing,invest,invest,7266,7262,7271,we ve continued to,in r d and,we ve continued to invest in r d and
110,2022-05-04 08:30:00,NASDAQ,2022-Q3,LITE,sensing,sensing,sensing,8392,8388,8397,which increasingly leverage d,and lidar capabilities at,which increasingly leverage d sensing and lidar capabilities at
111,2021-08-05 17:00:00,NASDAQ,2021-Q2,HCAT,sensing,sense,sense,3542,3538,3547,needed it does make,for your comments ryan,needed it does make sense for your comments ryan
111,2021-08-05 17:00:00,NASDAQ,2021-Q2,HCAT,seizing,investing,investing,3562,3558,3567,we have consistently been,from an r d,we have consistently been investing from an r d
111,2021-08-05 17:00:00,NASDAQ,2021-Q2,HCAT,seizing,invest,invest,3599,3595,3604,d perspective to meaningfully,in this suite as,d perspective to meaningfully invest in this suite as
111,2021-08-05 17:00:00,NASDAQ,2021-Q2,HCAT,seizing,investing,investing,4499,4495,4504,make sure we re,in understanding guidelines that,make sure we re investing in understanding guidelines that
111,2021-08-05 17:00:00,NASDAQ,2021-Q2,HCAT,sensing,sense,sense,6545,6541,6550,james analyst that makes,and i think you,james analyst that makes sense and i think you
111,2021-08-05 17:00:00,NASDAQ,2021-Q2,HCAT,sensing,sense,sense,6858,6854,6863,a little bit more,of normalcy in capital,a little bit more sense of normalcy in capital
111,2021-08-05 17:00:00,NASDAQ,2021-Q2,HCAT,sensing,sense,sense,7430,7426,7435,right now to a,that on balance we,right now to a sense that on balance we
111,2021-08-05 17:00:00,NASDAQ,2021-Q2,HCAT,sensing,sense,sense,7603,7599,7608,corp analyst and any,for the attach rates,corp analyst and any sense for the attach rates
111,2021-08-05 17:00:00,NASDAQ,2021-Q2,HCAT,seizing,investing,investing,8624,8620,8629,have to date been,organically as a company,have to date been investing organically as a company
111,2021-08-05 17:00:00,NASDAQ,2021-Q2,HCAT,seizing,invest,invest,8759,8755,8764,we ll continue to,organically as a company,we ll continue to invest organically as a company
112,2021-04-19 08:30:00,NYSE,2021-Q1,KO,seizing,invest,invest,757,753,762,out and we ll,to drive momentum with,out and we ll invest to drive momentum with
112,2021-04-19 08:30:00,NYSE,2021-Q1,KO,sensing,sense,sense,3636,3632,3641,just in a normal,it s early in,just in a normal sense it s early in
112,2021-04-19 08:30:00,NYSE,2021-Q1,KO,sensing,sense,sense,3910,3906,3915,not in a business,but in a lockdown,not in a business sense but in a lockdown
112,2021-04-19 08:30:00,NYSE,2021-Q1,KO,sensing,sense,sense,3917,3913,3922,a lockdown and reopening,and the reality is,a lockdown and reopening sense and the reality is
112,2021-04-19 08:30:00,NYSE,2021-Q1,KO,seizing,investing,investing,4029,4025,4034,judicious and focused on,where we believe reopening,judicious and focused on investing where we believe reopening
112,2021-04-19 08:30:00,NYSE,2021-Q1,KO,seizing,investing,investing,4041,4037,4046,coming back and not,if we don t,coming back and not investing if we don t
112,2021-04-19 08:30:00,NYSE,2021-Q1,KO,seizing,invest,invest,4176,4172,4181,judiciously and wanting to,to drive growth and,judiciously and wanting to invest to drive growth and
112,2021-04-19 08:30:00,NYSE,2021-Q1,KO,sensing,shape,shape,4491,4487,4496,covered and in good,and so when you,covered and in good shape and so when you
112,2021-04-19 08:30:00,NYSE,2021-Q1,KO,sensing,sense,sense,5173,5169,5178,global solution makes total,we ve had examples,global solution makes total sense we ve had examples
112,2021-04-19 08:30:00,NYSE,2021-Q1,KO,seizing,invest,invest,5405,5401,5410,comments on wanting to,to support recovery is,comments on wanting to invest to support recovery is
112,2021-04-19 08:30:00,NYSE,2021-Q1,KO,sensing,sense,sense,5848,5844,5853,you give us a,of where you are,you give us a sense of where you are
112,2021-04-19 08:30:00,NYSE,2021-Q1,KO,sensing,sense,sense,6947,6943,6952,you know in a,april last year was,you know in a sense april last year was
112,2021-04-19 08:30:00,NYSE,2021-Q1,KO,seizing,invest,invest,7882,7878,7887,other companies other companies,in in into the,other companies other companies invest in in into the
112,2021-04-19 08:30:00,NYSE,2021-Q1,KO,seizing,investing,investing,9173,9169,9178,we re kind of,both in the consumer,we re kind of investing both in the consumer
112,2021-04-19 08:30:00,NYSE,2021-Q1,KO,seizing,investing,investing,9186,9182,9191,doing a great job,for the customers and,doing a great job investing for the customers and
113,2021-02-23 08:30:00,NASDAQ,2020-Q4,CMLS,sensing,sense,sense,2482,2478,2487,you give us a,of where those costs,you give us a sense of where those costs
113,2021-02-23 08:30:00,NASDAQ,2020-Q4,CMLS,sensing,sense,sense,2725,2721,2730,you give us a,of what political was,you give us a sense of what political was
113,2021-02-23 08:30:00,NASDAQ,2020-Q4,CMLS,sensing,sense,sense,2785,2781,2790,you give us a,of what that is,you give us a sense of what that is
113,2021-02-23 08:30:00,NASDAQ,2020-Q4,CMLS,sensing,sense,sense,2871,2867,2876,can you this a,of what are there,can you this a sense of what are there
113,2021-02-23 08:30:00,NASDAQ,2020-Q4,CMLS,sensing,sense,sense,2895,2891,2900,of give us a,of the geography of,of give us a sense of the geography of
113,2021-02-23 08:30:00,NASDAQ,2020-Q4,CMLS,sensing,shaping,shaping,3054,3050,3059,on how that s,up frank lopez balboa,on how that s shaping up frank lopez balboa
113,2021-02-23 08:30:00,NASDAQ,2020-Q4,CMLS,sensing,sense,sense,3544,3540,3549,can give us a,of how big you,can give us a sense of how big you
113,2021-02-23 08:30:00,NASDAQ,2020-Q4,CMLS,sensing,sense,sense,3845,3841,3850,financial analyst that makes,thank you very much,financial analyst that makes sense thank you very much
113,2021-02-23 08:30:00,NASDAQ,2020-Q4,CMLS,sensing,sense,sense,4264,4260,4269,it ok that makes,that s all i,it ok that makes sense that s all i
114,2021-08-11 08:00:00,(NYSE,2021-Q2,ATC),seizing,investing,investing,2341,2337,2346,when it comes to,for future growth our,when it comes to investing for future growth our
114,2021-08-11 08:00:00,(NYSE,2021-Q2,ATC),sensing,sense,sense,5111,5107,5116,kind of get the,that you re going,kind of get the sense that you re going
114,2021-08-11 08:00:00,(NYSE,2021-Q2,ATC),sensing,sense,sense,6141,6137,6146,you give us a,for just how much,you give us a sense for just how much
114,2021-08-11 08:00:00,(NYSE,2021-Q2,ATC),seizing,invest,invest,6908,6904,6913,our customers here we,we invest for internal,our customers here we invest we invest for internal
114,2021-08-11 08:00:00,(NYSE,2021-Q2,ATC),seizing,invest,invest,6910,6906,6915,here we invest we,for internal capabilities as,here we invest we invest for internal capabilities as
114,2021-08-11 08:00:00,(NYSE,2021-Q2,ATC),seizing,invest,invest,7090,7086,7095,and the ability to,for further growth in,and the ability to invest for further growth in
115,2021-02-17 17:00:00,NASDAQ,2020-Q4,TLRY,transforming,transform,transform,3363,3359,3368,significant progress during to,and strengthen our business,significant progress during to transform and strengthen our business
115,2021-02-17 17:00:00,NASDAQ,2020-Q4,TLRY,sensing,sense,sense,7324,7320,7329,just doesn t make,at all and then,just doesn t make sense at all and then
116,2019-11-18 08:00:00,NYSE,2019-Q3,CTK,seizing,investing,investing,994,990,999,vertical area we are,to firmly establish and,vertical area we are investing to firmly establish and
116,2019-11-18 08:00:00,NYSE,2019-Q3,CTK,seizing,invest,invest,1220,1216,1225,will continue to strongly,in both advertising technology,will continue to strongly invest in both advertising technology
116,2019-11-18 08:00:00,NYSE,2019-Q3,CTK,seizing,invest,invest,2446,2442,2451,will continue to strongly,in both advertising technologies,will continue to strongly invest in both advertising technologies
116,2019-11-18 08:00:00,NYSE,2019-Q3,CTK,seizing,invest,invest,2504,2500,2509,we are confident to,more and user acquisition,we are confident to invest more and user acquisition
116,2019-11-18 08:00:00,NYSE,2019-Q3,CTK,seizing,investing,investing,3415,3411,3420,yes so we are,more to acquire users,yes so we are investing more to acquire users
117,2021-03-11 17:00:00,NYSE,2021-Q4,ZUO,seizing,invested,invested,396,392,401,alliances and partnerships and,in our product road,alliances and partnerships and invested in our product road
117,2021-03-11 17:00:00,NYSE,2021-Q4,ZUO,seizing,invest,invest,712,708,717,faster we continue to,in customer success this,faster we continue to invest in customer success this
117,2021-03-11 17:00:00,NYSE,2021-Q4,ZUO,seizing,invest,invest,1626,1622,1631,prime practices where they,in and strengthen their,prime practices where they invest in and strengthen their
117,2021-03-11 17:00:00,NYSE,2021-Q4,ZUO,transforming,transform,transform,5617,5613,5622,and is looking to,right we re more,and is looking to transform right we re more
118,2020-05-26 17:00:00,NYSE,2020-Q1,OOMA,sensing,sense,sense,4944,4940,4949,you can give a,of what percentage of,you can give a sense of what percentage of
119,2021-04-29 17:00:00,NASDAQ,2021-Q1,MVIS,seizing,investing,investing,304,300,309,risk factors associated with,in microvision these risk,risk factors associated with investing in microvision these risk
119,2021-04-29 17:00:00,NASDAQ,2021-Q1,MVIS,sensing,sense,sense,6275,6271,6280,very unique in that,but if a rear,very unique in that sense but if a rear
119,2021-04-29 17:00:00,NASDAQ,2021-Q1,MVIS,sensing,sense,sense,6953,6949,6958,right it makes total,makes total sense right,right it makes total sense makes total sense right
119,2021-04-29 17:00:00,NASDAQ,2021-Q1,MVIS,sensing,sense,sense,6956,6952,6961,total sense makes total,right lets you be,total sense makes total sense right lets you be
119,2021-04-29 17:00:00,NASDAQ,2021-Q1,MVIS,sensing,sense,sense,7310,7306,7315,nobody can save any,of refinery or not,nobody can save any sense of refinery or not
119,2021-04-29 17:00:00,NASDAQ,2021-Q1,MVIS,sensing,sense,sense,7592,7588,7597,about consolidation is common,and you re not,about consolidation is common sense and you re not
119,2021-04-29 17:00:00,NASDAQ,2021-Q1,MVIS,sensing,sense,sense,10111,10107,10116,investor ok that makes,to me thank you,investor ok that makes sense to me thank you
119,2021-04-29 17:00:00,NASDAQ,2021-Q1,MVIS,sensing,sense,sense,10467,10463,10472,picked one that makes,what we re doing,picked one that makes sense what we re doing
120,2021-02-11 17:00:00,NASDAQ,2020-Q4,BJRI,seizing,invest,invest,1005,1001,1010,a strong position to,in the right growth,a strong position to invest in the right growth
120,2021-02-11 17:00:00,NASDAQ,2020-Q4,BJRI,seizing,invest,invest,2674,2670,2679,restaurant expansion and further,in our sales driving,restaurant expansion and further invest in our sales driving
120,2021-02-11 17:00:00,NASDAQ,2020-Q4,BJRI,sensing,sense,sense,4358,4354,4363,baird analyst that makes,and then if i,baird analyst that makes sense and then if i
120,2021-02-11 17:00:00,NASDAQ,2020-Q4,BJRI,sensing,sense,sense,4523,4519,4528,volumes or in traditional,november december we re,volumes or in traditional sense november december we re
120,2021-02-11 17:00:00,NASDAQ,2020-Q4,BJRI,sensing,sense,sense,4727,4723,4732,foremost if that makes,so that we don,foremost if that makes sense so that we don
120,2021-02-11 17:00:00,NASDAQ,2020-Q4,BJRI,sensing,sense,sense,5737,5733,5742,trying to get your,for the the labor,trying to get your sense for the the labor
120,2021-02-11 17:00:00,NASDAQ,2020-Q4,BJRI,seizing,invest,invest,6142,6138,6147,areas we will always,in technology we always,areas we will always invest in technology we always
120,2021-02-11 17:00:00,NASDAQ,2020-Q4,BJRI,seizing,invest,invest,6313,6309,6318,but we ll always,in technology if we,but we ll always invest in technology if we
120,2021-02-11 17:00:00,NASDAQ,2020-Q4,BJRI,seizing,invest,invest,6378,6374,6383,we ll continue to,on that aspect of,we ll continue to invest on that aspect of
120,2021-02-11 17:00:00,NASDAQ,2020-Q4,BJRI,sensing,sense,sense,9081,9077,9086,channels if that makes,right but the more,channels if that makes sense right but the more
120,2021-02-11 17:00:00,NASDAQ,2020-Q4,BJRI,sensing,sense,sense,9300,9296,9305,co inc analyst makes,thanks for all the,co inc analyst makes sense thanks for all the
121,2021-07-27 08:30:00,NASDAQ,2021-Q2,AGNC,sensing,sense,sense,6198,6194,6203,good to get a,for how much extension,good to get a sense for how much extension
122,2021-08-06 14:30:00,NASDAQ,2021-Q2,LHCG,sensing,sense,sense,560,556,565,healthcare policy this common,legislation will allow qualifying,healthcare policy this common sense legislation will allow qualifying
122,2021-08-06 14:30:00,NASDAQ,2021-Q2,LHCG,sensing,shaping,shaping,2309,2305,2314,following acquisition while is,up to be a,following acquisition while is shaping up to be a
122,2021-08-06 14:30:00,NASDAQ,2021-Q2,LHCG,seizing,invested,invested,3040,3036,3045,josh the company has,intently on increasing and,josh the company has invested intently on increasing and
122,2021-08-06 14:30:00,NASDAQ,2021-Q2,LHCG,sensing,sense,sense,3716,3712,3721,you give us a,of kind of what,you give us a sense of kind of what
122,2021-08-06 14:30:00,NASDAQ,2021-Q2,LHCG,seizing,invested,invested,4907,4903,4912,structure what we ve,in education in tuition,structure what we ve invested in education in tuition
122,2021-08-06 14:30:00,NASDAQ,2021-Q2,LHCG,seizing,invested,invested,5073,5069,5078,so we ve really,a lot in them,so we ve really invested a lot in them
122,2021-08-06 14:30:00,NASDAQ,2021-Q2,LHCG,seizing,invested,invested,5181,5177,5186,there but we ve,in that too over,there but we ve invested in that too over
122,2021-08-06 14:30:00,NASDAQ,2021-Q2,LHCG,seizing,invested,invested,5357,5353,5362,on it we have,in our people for,on it we have invested in our people for
122,2021-08-06 14:30:00,NASDAQ,2021-Q2,LHCG,sensing,sense,sense,6656,6652,6661,just give us a,for how you re,just give us a sense for how you re
122,2021-08-06 14:30:00,NASDAQ,2021-Q2,LHCG,sensing,sense,sense,7680,7676,7685,analyst right it makes,and i guess on,analyst right it makes sense and i guess on
122,2021-08-06 14:30:00,NASDAQ,2021-Q2,LHCG,seizing,investing,investing,10249,10245,10254,mean we ve been,in culture for about,mean we ve been investing in culture for about
122,2021-08-06 14:30:00,NASDAQ,2021-Q2,LHCG,sensing,sense,sense,10369,10365,10374,do you have a,that maybe this is,do you have a sense that maybe this is
122,2021-08-06 14:30:00,NASDAQ,2021-Q2,LHCG,sensing,sense,sense,10721,10717,10726,that you provided any,would there be a,that you provided any sense would there be a
123,2022-11-07 16:30:00,NASDAQ,2023-Q2,TTWO,sensing,shape,shape,4078,4074,4083,ll be in good,eric handler mkm partners,ll be in good shape eric handler mkm partners
123,2022-11-07 16:30:00,NASDAQ,2023-Q2,TTWO,seizing,investing,investing,5009,5005,5014,can see the company,in that over time,can see the company investing in that over time
123,2022-11-07 16:30:00,NASDAQ,2023-Q2,TTWO,seizing,invest,invest,5018,5014,5023,and we continue to,that and as we,and we continue to invest that and as we
123,2022-11-07 16:30:00,NASDAQ,2023-Q2,TTWO,seizing,invest,invest,5115,5111,5120,going to continue to,in that you saw,going to continue to invest in that you saw
123,2022-11-07 16:30:00,NASDAQ,2023-Q2,TTWO,sensing,sense,sense,7140,7136,7145,game concepts that make,from a commercial perspective,game concepts that make sense from a commercial perspective
123,2022-11-07 16:30:00,NASDAQ,2023-Q2,TTWO,sensing,sense,sense,8417,8413,8422,really doesn t make,for us to give,really doesn t make sense for us to give
123,2022-11-07 16:30:00,NASDAQ,2023-Q2,TTWO,sensing,sense,sense,9031,9027,9036,offerings when it makes,for us and my,offerings when it makes sense for us and my
123,2022-11-07 16:30:00,NASDAQ,2023-Q2,TTWO,sensing,sense,sense,9124,9120,9129,subscription makes as much,for interactive entertainment as,subscription makes as much sense for interactive entertainment as
123,2022-11-07 16:30:00,NASDAQ,2023-Q2,TTWO,sensing,sense,sense,9153,9149,9158,was whether it made,and this is a,was whether it made sense and this is a
123,2022-11-07 16:30:00,NASDAQ,2023-Q2,TTWO,sensing,sense,sense,9187,9183,9192,think that ever made,i still don t,think that ever made sense i still don t
123,2022-11-07 16:30:00,NASDAQ,2023-Q2,TTWO,sensing,sense,sense,9195,9191,9200,t think it makes,and i believe that,t think it makes sense and i believe that
123,2022-11-07 16:30:00,NASDAQ,2023-Q2,TTWO,sensing,sense,sense,9210,9206,9215,it doesn t make,it s just a,it doesn t make sense it s just a
123,2022-11-07 16:30:00,NASDAQ,2023-Q2,TTWO,sensing,sense,sense,9873,9869,9878,see when it makes,for us to do,see when it makes sense for us to do
124,2022-10-27 17:30:00,NASDAQ,2022-Q3,AMZN,seizing,invest,invest,1343,1339,1348,re also continuing to,in new infrastructure to,re also continuing to invest in new infrastructure to
124,2022-10-27 17:30:00,NASDAQ,2022-Q3,AMZN,seizing,investing,investing,1726,1722,1731,the right balance between,for our customers for,the right balance between investing for our customers for
124,2022-10-27 17:30:00,NASDAQ,2022-Q3,AMZN,sensing,shaping,shaping,2498,2494,2503,optimize in what is,up as a tough,optimize in what is shaping up as a tough
125,,NASDAQ,2018-Q4,BCOR,sensing,sense,sense,1684,1680,1689,for our customers our,of these initiatives will,for our customers our sense of these initiatives will
125,,NASDAQ,2018-Q4,BCOR,transforming,transformed,transformed,2437,2433,2442,months that has created,advisor experience with next,months that has created transformed advisor experience with next
125,,NASDAQ,2018-Q4,BCOR,seizing,invested,invested,3781,3777,3786,strengthened our platform we,for future growth we,strengthened our platform we invested for future growth we
125,,NASDAQ,2018-Q4,BCOR,sensing,sense,sense,6126,6122,6131,do you have a,john where you re,do you have a sense john where you re
125,,NASDAQ,2018-Q4,BCOR,sensing,sense,sense,6401,6397,6406,just give us a,of when are you,just give us a sense of when are you
125,,NASDAQ,2018-Q4,BCOR,sensing,shaping,shaping,7184,7180,7189,march so it s,up in terms of,march so it s shaping up in terms of
125,,NASDAQ,2018-Q4,BCOR,sensing,sense,sense,7908,7904,7913,the season but any,of what the average,the season but any sense of what the average
125,,NASDAQ,2018-Q4,BCOR,sensing,sense,sense,7925,7921,7930,and maybe even a,of the economics of,and maybe even a sense of the economics of
125,,NASDAQ,2018-Q4,BCOR,sensing,sense,sense,8097,8093,8102,is their s economic,for our value card,is their s economic sense for our value card
126,2021-11-08 04:00:00,NASDAQ,2021-Q3,IMOS,seizing,invested,invested,1576,1572,1581,expenditures and depreciation we,twd million in capex,expenditures and depreciation we invested twd million in capex
127,2021-02-18 17:00:00,NASDAQ,2020-Q4,ROKU,seizing,invest,invest,1446,1442,1451,will continue to aggressively,in our business to,will continue to aggressively invest in our business to
127,2021-02-18 17:00:00,NASDAQ,2020-Q4,ROKU,sensing,sense,sense,2019,2015,2024,into that in the,that it s premium,into that in the sense that it s premium
127,2021-02-18 17:00:00,NASDAQ,2020-Q4,ROKU,seizing,investing,investing,3142,3138,3147,the importance of advertisers,in ott so all,the importance of advertisers investing in ott so all
127,2021-02-18 17:00:00,NASDAQ,2020-Q4,ROKU,seizing,investing,investing,3908,3904,3913,why we ve been,in oneview and we,why we ve been investing in oneview and we
127,2021-02-18 17:00:00,NASDAQ,2020-Q4,ROKU,seizing,investing,investing,4139,4135,4144,here but we are,internationally and i would,here but we are investing internationally and i would
127,2021-02-18 17:00:00,NASDAQ,2020-Q4,ROKU,sensing,sense,sense,4547,4543,4552,countries as that make,and then i think,countries as that make sense and then i think
127,2021-02-18 17:00:00,NASDAQ,2020-Q4,ROKU,seizing,investing,investing,5347,5343,5352,push the gas on,in the business with,push the gas on investing in the business with
127,2021-02-18 17:00:00,NASDAQ,2020-Q4,ROKU,seizing,investing,investing,5486,5482,5491,re going to keep,in we re going,re going to keep investing in we re going
127,2021-02-18 17:00:00,NASDAQ,2020-Q4,ROKU,seizing,invest,invest,5492,5488,5497,we re going to,in growth investing and,we re going to invest in growth investing and
127,2021-02-18 17:00:00,NASDAQ,2020-Q4,ROKU,seizing,investing,investing,5495,5491,5500,to invest in growth,and expanding our competitive,to invest in growth investing and expanding our competitive
127,2021-02-18 17:00:00,NASDAQ,2020-Q4,ROKU,seizing,investing,investing,5761,5757,5766,we feel more comfortable,aggressively i d point,we feel more comfortable investing aggressively i d point
127,2021-02-18 17:00:00,NASDAQ,2020-Q4,ROKU,seizing,invest,invest,5789,5785,5794,we re going to,certainly we re an,we re going to invest certainly we re an
127,2021-02-18 17:00:00,NASDAQ,2020-Q4,ROKU,seizing,investing,investing,5850,5846,5855,other thing we re,for the future and,other thing we re investing for the future and
127,2021-02-18 17:00:00,NASDAQ,2020-Q4,ROKU,seizing,invest,invest,7463,7459,7468,s important is to,to maintain and grow,s important is to invest to maintain and grow
127,2021-02-18 17:00:00,NASDAQ,2020-Q4,ROKU,seizing,invest,invest,7487,7483,7492,going to continue to,aggressively in different aspects,going to continue to invest aggressively in different aspects
127,2021-02-18 17:00:00,NASDAQ,2020-Q4,ROKU,seizing,invest,invest,8040,8036,8045,who either couldn t,or couldn t invest,who either couldn t invest or couldn t invest
127,2021-02-18 17:00:00,NASDAQ,2020-Q4,ROKU,seizing,invest,invest,8044,8040,8049,invest or couldn t,much in television because,invest or couldn t invest much in television because
127,2021-02-18 17:00:00,NASDAQ,2020-Q4,ROKU,seizing,invested,invested,8080,8076,8085,who may have historically,much more heavily in,who may have historically invested much more heavily in
127,2021-02-18 17:00:00,NASDAQ,2020-Q4,ROKU,seizing,invested,invested,9143,9139,9148,example they re heavily,in hulu they didn,example they re heavily invested in hulu they didn
127,2021-02-18 17:00:00,NASDAQ,2020-Q4,ROKU,seizing,invest,invest,9189,9185,9194,other reasons that advertisers,directly with us one,other reasons that advertisers invest directly with us one
127,2021-02-18 17:00:00,NASDAQ,2020-Q4,ROKU,seizing,investing,investing,9208,9204,9213,mean we ve been,for years in our,mean we ve been investing for years in our
127,2021-02-18 17:00:00,NASDAQ,2020-Q4,ROKU,seizing,investing,investing,9270,9266,9275,and frequency and performance,with roku is a,and frequency and performance investing with roku is a
127,2021-02-18 17:00:00,NASDAQ,2020-Q4,ROKU,seizing,invested,invested,9300,9296,9305,the reasons we ve,so heavily in the,the reasons we ve invested so heavily in the
128,2021-02-26 20:30:00,NASDAQ,2020-Q4,CGEN,seizing,invest,invest,2620,2616,2625,in we continued to,in our early stage,in we continued to invest in our early stage
128,2021-02-26 20:30:00,NASDAQ,2020-Q4,CGEN,sensing,sense,sense,7136,7132,7141,just trying to get,as to whether or,just trying to get sense as to whether or
128,2021-02-26 20:30:00,NASDAQ,2020-Q4,CGEN,sensing,sense,sense,7965,7961,7970,trying to get a,for if you have,trying to get a sense for if you have
128,2021-02-26 20:30:00,NASDAQ,2020-Q4,CGEN,sensing,sense,sense,8856,8852,8861,trying to get a,as to how you,trying to get a sense as to how you
128,2021-02-26 20:30:00,NASDAQ,2020-Q4,CGEN,sensing,sense,sense,9955,9951,9960,some sort of a,to that and perhaps,some sort of a sense to that and perhaps
129,2021-02-04 16:30:00,NYSE,2020-Q4,ONTO,seizing,investing,investing,2339,2335,2344,led by logic customers,in both nanometer and,led by logic customers investing in both nanometer and
129,2021-02-04 16:30:00,NYSE,2020-Q4,ONTO,sensing,sense,sense,3014,3010,3019,end weighted linearity any,from your end in,end weighted linearity any sense from your end in
130,2022-11-08 09:00:00,NASDAQ,2022-Q3,MNKD,sensing,shape,shape,248,244,253,is really starting to,up as you look,is really starting to shape up as you look
130,2022-11-08 09:00:00,NASDAQ,2022-Q3,MNKD,seizing,invest,invest,2114,2110,2119,we re able to,behind our pipeline and,we re able to invest behind our pipeline and
130,2022-11-08 09:00:00,NASDAQ,2022-Q3,MNKD,seizing,invest,invest,3662,3658,3667,information that should we,more in should we,information that should we invest more in should we
130,2022-11-08 09:00:00,NASDAQ,2022-Q3,MNKD,seizing,invest,invest,3667,3663,3672,more in should we,harder in pediatrics let,more in should we invest harder in pediatrics let
130,2022-11-08 09:00:00,NASDAQ,2022-Q3,MNKD,seizing,invest,invest,3823,3819,3828,is there ways to,to bring more efficiencies,is there ways to invest to bring more efficiencies
130,2022-11-08 09:00:00,NASDAQ,2022-Q3,MNKD,seizing,invest,invest,5453,5449,5458,here we expect to,in that product and,here we expect to invest in that product and
130,2022-11-08 09:00:00,NASDAQ,2022-Q3,MNKD,sensing,sense,sense,6212,6208,6217,trying to get a,of the potential ramp,trying to get a sense of the potential ramp
130,2022-11-08 09:00:00,NASDAQ,2022-Q3,MNKD,transforming,transform,transform,7088,7084,7093,game changing opportunity to,growth to and then,game changing opportunity to transform growth to and then
130,2022-11-08 09:00:00,NASDAQ,2022-Q3,MNKD,sensing,shape,shape,7388,7384,7393,is in the best,it s ever been,is in the best shape it s ever been
131,2021-05-07 20:00:00,NYSE,2021-Q1,HR,seizing,invest,invest,692,688,697,relationships this helps us,in more than our,relationships this helps us invest in more than our
131,2021-05-07 20:00:00,NYSE,2021-Q1,HR,seizing,invest,invest,723,719,728,campus we will also,selectively in higher yielding,campus we will also invest selectively in higher yielding
131,2021-05-07 20:00:00,NYSE,2021-Q1,HR,seizing,investing,investing,1439,1435,1444,to a solid start,this year our relationships,to a solid start investing this year our relationships
131,2021-05-07 20:00:00,NYSE,2021-Q1,HR,sensing,sense,sense,4860,4856,4865,analyst okay that makes,and then kris just,analyst okay that makes sense and then kris just
131,2021-05-07 20:00:00,NYSE,2021-Q1,HR,seizing,invest,invest,5701,5697,5706,we ll continue to,in both aggressively but,we ll continue to invest in both aggressively but
131,2021-05-07 20:00:00,NYSE,2021-Q1,HR,sensing,sense,sense,6000,5996,6005,stanley analyst that makes,man give it given,stanley analyst that makes sense man give it given
131,2021-05-07 20:00:00,NYSE,2021-Q1,HR,sensing,sense,sense,6267,6263,6272,rate levels and make,of them and a,rate levels and make sense of them and a
131,2021-05-07 20:00:00,NYSE,2021-Q1,HR,sensing,sense,sense,6358,6354,6363,got it that makes,and then just one,got it that makes sense and then just one
131,2021-05-07 20:00:00,NYSE,2021-Q1,HR,seizing,investing,investing,8871,8867,8876,sure that we are,the capital and ti,sure that we are investing the capital and ti
131,2021-05-07 20:00:00,NYSE,2021-Q1,HR,sensing,sense,sense,11500,11496,11505,we can make better,of it or maybe,we can make better sense of it or maybe
132,2021-02-25 10:00:00,NYSE,2020-Q4,CLF,seizing,invest,invest,2284,2280,2289,employee you can t,capital to protect the,employee you can t invest capital to protect the
132,2021-02-25 10:00:00,NYSE,2020-Q4,CLF,seizing,invested,invested,2329,2325,2334,to generate return on,capital and not for,to generate return on invested capital and not for
132,2021-02-25 10:00:00,NYSE,2020-Q4,CLF,transforming,transformed,transformed,2917,2913,2922,emissions while we have,as a business we,emissions while we have transformed as a business we
132,2021-02-25 10:00:00,NYSE,2020-Q4,CLF,seizing,invest,invest,4179,4175,4184,there any need to,more capex going forward,there any need to invest more capex going forward
132,2021-02-25 10:00:00,NYSE,2020-Q4,CLF,sensing,shape,shape,4383,4379,4388,pretty much in good,the equipment at arcelormittal,pretty much in good shape the equipment at arcelormittal
132,2021-02-25 10:00:00,NYSE,2020-Q4,CLF,transforming,transformed,transformed,5682,5678,5687,can say that i,my yearly revenues and,can say that i transformed my yearly revenues and
132,2021-02-25 10:00:00,NYSE,2020-Q4,CLF,sensing,shaping,shaping,6062,6058,6067,states so everything is,up extremely well for,states so everything is shaping up extremely well for
132,2021-02-25 10:00:00,NYSE,2020-Q4,CLF,transforming,transform,transform,6225,6221,6230,years to years to,the steel business in,years to years to transform the steel business in
132,2021-02-25 10:00:00,NYSE,2020-Q4,CLF,seizing,investing,investing,6309,6305,6314,ready so we are,real money we invest,ready so we are investing real money we invest
132,2021-02-25 10:00:00,NYSE,2020-Q4,CLF,seizing,invest,invest,6313,6309,6318,investing real money we,billion in that plant,investing real money we invest billion in that plant
132,2021-02-25 10:00:00,NYSE,2020-Q4,CLF,sensing,sense,sense,7458,7454,7463,makes a lot of,for example we are,makes a lot of sense for example we are
132,2021-02-25 10:00:00,NYSE,2020-Q4,CLF,seizing,invest,invest,8286,8282,8291,convinced that people that,on cleveland cliffs they,convinced that people that invest on cleveland cliffs they
132,2021-02-25 10:00:00,NYSE,2020-Q4,CLF,seizing,investing,investing,8293,8289,8298,cliffs they re not,for business they are,cliffs they re not investing for business they are
132,2021-02-25 10:00:00,NYSE,2020-Q4,CLF,seizing,investing,investing,8298,8294,8303,for business they are,for and if they,for business they are investing for and if they
132,2021-02-25 10:00:00,NYSE,2020-Q4,CLF,seizing,investing,investing,8306,8302,8311,they are they are,in their own company,they are they are investing in their own company
132,2021-02-25 10:00:00,NYSE,2020-Q4,CLF,sensing,shape,shape,8431,8427,8436,now are in good,on behalf of our,now are in good shape on behalf of our
132,2021-02-25 10:00:00,NYSE,2020-Q4,CLF,seizing,invested,invested,8441,8437,8446,to generate return on,capital one year from,to generate return on invested capital one year from
132,2021-02-25 10:00:00,NYSE,2020-Q4,CLF,seizing,invested,invested,8650,8646,8655,so we have already,that massive amount everything,so we have already invested that massive amount everything
133,2021-04-28 08:00:00,NYSE,2021-Q1,SIX,transforming,redesign,redesign,2056,2052,2061,million from our organizational,and other fixed cost,million from our organizational redesign and other fixed cost
133,2021-04-28 08:00:00,NYSE,2021-Q1,SIX,seizing,investing,investing,2488,2484,2493,we will also be,in our park infrastructure,we will also be investing in our park infrastructure
133,2021-04-28 08:00:00,NYSE,2021-Q1,SIX,transforming,transform,transform,3087,3083,3092,we are taking to,our company will drive,we are taking to transform our company will drive
133,2021-04-28 08:00:00,NYSE,2021-Q1,SIX,sensing,sense,sense,3585,3581,3590,base which has made,because we were underpenetrated,base which has made sense because we were underpenetrated
133,2021-04-28 08:00:00,NYSE,2021-Q1,SIX,sensing,shape,shape,7246,7242,7251,be in pretty good,good that s supply,be in pretty good shape good that s supply
133,2021-04-28 08:00:00,NYSE,2021-Q1,SIX,seizing,invest,invest,7347,7343,7352,first priority is to,in our base business,first priority is to invest in our base business
135,2021-05-06 17:00:00,NASDAQ,2021-Q1,OLED,seizing,investing,investing,1127,1123,1132,materials front we are,innovating and commercializing new,materials front we are investing innovating and commercializing new
135,2021-05-06 17:00:00,NASDAQ,2021-Q1,OLED,seizing,invested,invested,2034,2030,2039,inception in we have,approximately million in research,inception in we have invested approximately million in research
135,2021-05-06 17:00:00,NASDAQ,2021-Q1,OLED,seizing,invest,invest,2062,2058,2067,and we continue to,heavily in a number,and we continue to invest heavily in a number
135,2021-05-06 17:00:00,NASDAQ,2021-Q1,OLED,sensing,shaping,shaping,2153,2149,2158,heart in elevating and,universal display s accomplishments,heart in elevating and shaping universal display s accomplishments
135,2021-05-06 17:00:00,NASDAQ,2021-Q1,OLED,transforming,redesign,redesign,5444,5440,5449,so it is a,it isn t new,so it is a redesign it isn t new
135,2021-05-06 17:00:00,NASDAQ,2021-Q1,OLED,transforming,redesign,redesign,5455,5451,5460,is really just a,so as they introduce,is really just a redesign so as they introduce
136,2022-11-09 09:00:00,NASDAQ,2023-Q1,COHR,transforming,transformed,transformed,649,645,654,vision of a world,through innovations vital to,vision of a world transformed through innovations vital to
136,2022-11-09 09:00:00,NASDAQ,2023-Q1,COHR,sensing,sensing,sensing,2240,2236,2245,revenue quarter for our,business multiple factors have,revenue quarter for our sensing business multiple factors have
136,2022-11-09 09:00:00,NASDAQ,2023-Q1,COHR,seizing,invest,invest,4118,4114,4123,we are able to,that money well particularly,we are able to invest that money well particularly
136,2022-11-09 09:00:00,NASDAQ,2023-Q1,COHR,sensing,sensing,sensing,5318,5314,5323,electronics market for d,giovanni barbarossa chief strategy,electronics market for d sensing giovanni barbarossa chief strategy
136,2022-11-09 09:00:00,NASDAQ,2023-Q1,COHR,sensing,sensing,sensing,5348,5344,5353,our numbers were about,which includes d sensing,our numbers were about sensing which includes d sensing
136,2022-11-09 09:00:00,NASDAQ,2023-Q1,COHR,sensing,sensing,sensing,5352,5348,5357,sensing which includes d,and so you know,sensing which includes d sensing and so you know
136,2022-11-09 09:00:00,NASDAQ,2023-Q1,COHR,sensing,sense,sense,6708,6704,6713,to give us some,of what s driving,to give us some sense of what s driving
136,2022-11-09 09:00:00,NASDAQ,2023-Q1,COHR,sensing,sense,sense,8163,8159,8168,it may not make,to have absolutely everything,it may not make sense to have absolutely everything
136,2022-11-09 09:00:00,NASDAQ,2023-Q1,COHR,seizing,invest,invest,8372,8368,8377,that we continue to,and making very very,that we continue to invest and making very very
136,2022-11-09 09:00:00,NASDAQ,2023-Q1,COHR,seizing,invest,invest,8926,8922,8931,anything we continue to,to support the capacity,anything we continue to invest to support the capacity
136,2022-11-09 09:00:00,NASDAQ,2023-Q1,COHR,sensing,sensing,sensing,9991,9987,9996,a record quarter in,it seems like that,a record quarter in sensing it seems like that
136,2022-11-09 09:00:00,NASDAQ,2023-Q1,COHR,sensing,sensing,sensing,10041,10037,10046,december quarter for d,and that s it,december quarter for d sensing and that s it
136,2022-11-09 09:00:00,NASDAQ,2023-Q1,COHR,sensing,sensing,sensing,10176,10172,10181,ll talk about the,outlook we said that,ll talk about the sensing outlook we said that
136,2022-11-09 09:00:00,NASDAQ,2023-Q1,COHR,sensing,sensing,sensing,10326,10322,10331,you know the general,market which does include,you know the general sensing market which does include
136,2022-11-09 09:00:00,NASDAQ,2023-Q1,COHR,sensing,sensing,sensing,10332,10328,10337,which does include d,chuck mattera chief executive,which does include d sensing chuck mattera chief executive
136,2022-11-09 09:00:00,NASDAQ,2023-Q1,COHR,sensing,sensing,sensing,11030,11026,11035,december quarter in the,business could you just,december quarter in the sensing business could you just
137,2021-10-29 10:00:00,NYSE,2021-Q3,ABR,seizing,investing,investing,1883,1879,1888,always prided ourselves on,heavily in our asset,always prided ourselves on investing heavily in our asset
137,2021-10-29 10:00:00,NYSE,2021-Q3,ABR,sensing,sense,sense,3043,3039,3048,very unique in the,that we are one,very unique in the sense that we are one
137,2021-10-29 10:00:00,NYSE,2021-Q3,ABR,sensing,sense,sense,7049,7045,7054,become infinite in the,because the gain on,become infinite in the sense because the gain on
138,2021-06-23 10:00:00,NYSE,2021-Q3,WGO,seizing,invest,invest,780,776,785,time and income to,in a lifestyle that,time and income to invest in a lifestyle that
138,2021-06-23 10:00:00,NYSE,2021-Q3,WGO,seizing,invest,invest,1443,1439,1448,are sequentially determined to,in finding ways to,are sequentially determined to invest in finding ways to
138,2021-06-23 10:00:00,NYSE,2021-Q3,WGO,seizing,invest,invest,2649,2645,2654,strong financial flexibility to,in the business pursue,strong financial flexibility to invest in the business pursue
138,2021-06-23 10:00:00,NYSE,2021-Q3,WGO,seizing,investing,investing,2833,2829,2838,priorities are focused on,in organic growth opportunities,priorities are focused on investing in organic growth opportunities
138,2021-06-23 10:00:00,NYSE,2021-Q3,WGO,seizing,invest,invest,3572,3568,3577,we are continuing to,in our business to,we are continuing to invest in our business to
138,2021-06-23 10:00:00,NYSE,2021-Q3,WGO,sensing,sense,sense,4678,4674,4683,we think it makes,to do so in,we think it makes sense to do so in
138,2021-06-23 10:00:00,NYSE,2021-Q3,WGO,sensing,sense,sense,5825,5821,5830,maybe give us a,of where you re,maybe give us a sense of where you re
138,2021-06-23 10:00:00,NYSE,2021-Q3,WGO,sensing,sense,sense,8454,8450,8459,tailwind in a positive,for a consumer discretionary,tailwind in a positive sense for a consumer discretionary
138,2021-06-23 10:00:00,NYSE,2021-Q3,WGO,sensing,shape,shape,8884,8880,8889,is in very good,and even though there,is in very good shape and even though there
138,2021-06-23 10:00:00,NYSE,2021-Q3,WGO,seizing,investing,investing,10576,10572,10581,we would not be,significant capital into capacity,we would not be investing significant capital into capacity
139,2021-02-03 13:00:00,NYSE,2020-Q4,APAM,seizing,invest,invest,407,403,412,for investment talent we,in technology data and,for investment talent we invest in technology data and
139,2021-02-03 13:00:00,NYSE,2020-Q4,APAM,seizing,investing,investing,418,414,423,support high value added,to find the right,support high value added investing to find the right
139,2021-02-03 13:00:00,NYSE,2020-Q4,APAM,seizing,invest,invest,947,943,952,slide we continued to,in our business in,slide we continued to invest in our business in
139,2021-02-03 13:00:00,NYSE,2020-Q4,APAM,seizing,investing,investing,979,975,984,focused on post venture,in greater china including,focused on post venture investing in greater china including
139,2021-02-03 13:00:00,NYSE,2020-Q4,APAM,seizing,invest,invest,1098,1094,1103,firms set up to,and operate outside of,firms set up to invest and operate outside of
139,2021-02-03 13:00:00,NYSE,2020-Q4,APAM,seizing,investing,investing,1115,1111,1120,and non u s,has fueled much of,and non u s investing has fueled much of
139,2021-02-03 13:00:00,NYSE,2020-Q4,APAM,seizing,investing,investing,1181,1177,1186,we believe that private,is a long term,we believe that private investing is a long term
139,2021-02-03 13:00:00,NYSE,2020-Q4,APAM,seizing,invested,invested,1227,1223,1232,of our teams have,in chinese companies for,of our teams have invested in chinese companies for
139,2021-02-03 13:00:00,NYSE,2020-Q4,APAM,seizing,investing,investing,1299,1295,1304,both china and private,turning to slide since,both china and private investing turning to slide since
139,2021-02-03 13:00:00,NYSE,2020-Q4,APAM,seizing,invested,invested,1558,1554,1563,franchise capital will be,in the investment team,franchise capital will be invested in the investment team
139,2021-02-03 13:00:00,NYSE,2020-Q4,APAM,seizing,investing,investing,5111,5107,5116,on value versus yolo,we also added some,on value versus yolo investing we also added some
139,2021-02-03 13:00:00,NYSE,2020-Q4,APAM,seizing,investing,investing,5524,5520,5529,is a crossover strategy,in both public and,is a crossover strategy investing in both public and
139,2021-02-03 13:00:00,NYSE,2020-Q4,APAM,seizing,invest,invest,5817,5813,5822,be launching strategies that,in private companies eric,be launching strategies that invest in private companies eric
139,2021-02-03 13:00:00,NYSE,2020-Q4,APAM,sensing,sense,sense,5956,5952,5961,all right it makes,thanks a lot operator,all right it makes sense thanks a lot operator
139,2021-02-03 13:00:00,NYSE,2020-Q4,APAM,seizing,investing,investing,6078,6074,6083,all of the forfeiture,provisions are the same,all of the forfeiture investing provisions are the same
140,2020-10-28 17:00:00,NASDAQ,2020-Q4,CASH,seizing,invest,invest,4434,4430,4439,as we prepared to,for i would expect,as we prepared to invest for i would expect
141,2019-04-25 08:30:00,NYSE,2019-Q1,MSA,seizing,invest,invest,830,826,835,while continuing to organically,in and grow our,while continuing to organically invest in and grow our
141,2019-04-25 08:30:00,NYSE,2019-Q1,MSA,seizing,invest,invest,2229,2225,2234,execute our strategy and,in our business as,execute our strategy and invest in our business as
141,2019-04-25 08:30:00,NYSE,2019-Q1,MSA,seizing,invest,invest,2408,2404,2413,flow while continuing to,in programs and products,flow while continuing to invest in programs and products
141,2019-04-25 08:30:00,NYSE,2019-Q1,MSA,sensing,sense,sense,3886,3882,3891,just to get a,as we kind of,just to get a sense as we kind of
142,2019-10-24 10:00:00,NYSE,2019-Q3,GPI,seizing,invested,invested,1927,1923,1932,another million that was,in our floorplan offset,another million that was invested in our floorplan offset
142,2019-10-24 10:00:00,NYSE,2019-Q3,GPI,seizing,invest,invest,4459,4455,4464,careful in how we,money in that external,careful in how we invest money in that external
142,2019-10-24 10:00:00,NYSE,2019-Q3,GPI,sensing,sense,sense,5285,5281,5290,it doesn t make,or is that the,it doesn t make sense or is that the
143,2021-08-11 08:00:00,NYSE,2021-Q2,CYD,seizing,investing,investing,1098,1094,1103,billion or million after,almost more in r,billion or million after investing almost more in r
144,2020-08-10 08:30:00,NASDAQ,2020-Q2,ICPT,transforming,redeployed,redeployed,1816,1812,1821,acted quickly and have,our field teams to,acted quickly and have redeployed our field teams to
144,2020-08-10 08:30:00,NASDAQ,2020-Q2,ICPT,seizing,invest,invest,2453,2449,2458,the fda continue to,in our growing pbc,the fda continue to invest in our growing pbc
144,2020-08-10 08:30:00,NASDAQ,2020-Q2,ICPT,seizing,seized,seized,4302,4298,4307,the agency has become,of the fact that,the agency has become seized of the fact that
144,2020-08-10 08:30:00,NASDAQ,2020-Q2,ICPT,transforming,redeployed,redeployed,6585,6581,6590,the ocaliva revenue guidance,pbc field force does,the ocaliva revenue guidance redeployed pbc field force does
144,2020-08-10 08:30:00,NASDAQ,2020-Q2,ICPT,sensing,sense,sense,7743,7739,7748,could give us a,of how that million,could give us a sense of how that million
145,2021-02-26 22:00:00,NASDAQ,2020-Q4,ZEUS,sensing,shape,shape,5828,5824,5833,and in very good,to be able to,and in very good shape to be able to
146,2021-02-25 16:30:00,NASDAQ,2020-Q4,VLDR,sensing,sense,sense,6115,6111,6120,we get a better,of people coming back,we get a better sense of people coming back
146,2021-02-25 16:30:00,NASDAQ,2020-Q4,VLDR,seizing,invested,invested,7147,7143,7152,companies that they ve,in are capable of,companies that they ve invested in are capable of
147,2021-07-14 11:30:00,NYSE,2021-Q2,WFC,transforming,transform,transform,2324,2320,2329,multi year process to,wells fargo i want,multi year process to transform wells fargo i want
147,2021-07-14 11:30:00,NYSE,2021-Q2,WFC,sensing,shape,shape,3664,3660,3669,level of rates the,of the curve and,level of rates the shape of the curve and
147,2021-07-14 11:30:00,NYSE,2021-Q2,WFC,sensing,sense,sense,5418,5414,5423,you give us some,as to which parts,you give us some sense as to which parts
147,2021-07-14 11:30:00,NYSE,2021-Q2,WFC,seizing,invest,invest,5709,5705,5714,have the ability to,significantly inside the company,have the ability to invest significantly inside the company
147,2021-07-14 11:30:00,NYSE,2021-Q2,WFC,sensing,shape,shape,9135,9131,9140,charlie said exactly what,that will take is,charlie said exactly what shape that will take is
147,2021-07-14 11:30:00,NYSE,2021-Q2,WFC,sensing,sense,sense,10419,10415,10424,you a pretty good,of what the impact,you a pretty good sense of what the impact
149,2021-05-06 10:00:00,NYSE,2021-Q1,PRI,seizing,invest,invest,911,907,916,helped motivate clients to,for the future as,helped motivate clients to invest for the future as
149,2021-05-06 10:00:00,NYSE,2021-Q1,PRI,seizing,invested,invested,2367,2363,2372,turning to slide our,assets portfolio remains well,turning to slide our invested assets portfolio remains well
149,2021-05-06 10:00:00,NYSE,2021-Q1,PRI,seizing,invested,invested,2420,2416,2425,over year on slide,assets and cash at,over year on slide invested assets and cash at
149,2021-05-06 10:00:00,NYSE,2021-Q1,PRI,seizing,invested,invested,2452,2448,2457,we expect holding company,assets and cash to,we expect holding company invested assets and cash to
150,2021-04-28 08:30:00,NYSE,2021-Q1,CB,sensing,sense,sense,644,640,649,give you a better,of the rate environment,give you a better sense of the rate environment
150,2021-04-28 08:30:00,NYSE,2021-Q1,CB,sensing,shape,shape,1140,1136,1145,taking continued action to,this portfolio to that,taking continued action to shape this portfolio to that
150,2021-04-28 08:30:00,NYSE,2021-Q1,CB,seizing,investing,investing,1772,1768,1777,our superior operating and,performance our operating cash,our superior operating and investing performance our operating cash
150,2021-04-28 08:30:00,NYSE,2021-Q1,CB,sensing,sense,sense,4625,4621,4630,got it that makes,thanks for that and,got it that makes sense thanks for that and
150,2021-04-28 08:30:00,NYSE,2021-Q1,CB,sensing,sense,sense,6004,6000,6009,doesn t make any,to me at this,doesn t make any sense to me at this
150,2021-04-28 08:30:00,NYSE,2021-Q1,CB,sensing,sense,sense,6391,6387,6396,ll have a better,and then it s,ll have a better sense and then it s
150,2021-04-28 08:30:00,NYSE,2021-Q1,CB,sensing,sense,sense,6752,6748,6757,analyst got you make,thank you evan greenberg,analyst got you make sense thank you evan greenberg
151,2021-02-18 16:30:00,NYSE,2020-Q4,ANET,sensing,sense,sense,1256,1252,1261,but it makes no,today where security is,but it makes no sense today where security is
151,2021-02-18 16:30:00,NYSE,2020-Q4,ANET,seizing,invest,invest,4143,4139,4148,s one thing to,in it but customers,s one thing to invest in it but customers
151,2021-02-18 16:30:00,NYSE,2020-Q4,ANET,seizing,investing,investing,4697,4693,4702,when a provider is,so i think our,when a provider is investing so i think our
151,2021-02-18 16:30:00,NYSE,2020-Q4,ANET,sensing,sense,sense,5845,5841,5850,while now but any,you can give us,while now but any sense you can give us
152,2021-03-09 17:00:00,NASDAQ,2020-Q4,ARRY,seizing,invest,invest,1792,1788,1797,payroll costs as we,in critical resources to,payroll costs as we invest in critical resources to
152,2021-03-09 17:00:00,NASDAQ,2020-Q4,ARRY,seizing,investing,investing,2046,2042,2051,priority and we are,in it in addition,priority and we are investing in it in addition
152,2021-03-09 17:00:00,NASDAQ,2020-Q4,ARRY,seizing,investing,investing,2065,2061,2070,additional engineering resources and,more in r d,additional engineering resources and investing more in r d
152,2021-03-09 17:00:00,NASDAQ,2020-Q4,ARRY,seizing,investing,investing,2115,2111,2120,margins second we are,in the sales supply,margins second we are investing in the sales supply
152,2021-03-09 17:00:00,NASDAQ,2020-Q4,ARRY,sensing,sense,sense,2755,2751,2760,you give us a,of where that s,you give us a sense of where that s
152,2021-03-09 17:00:00,NASDAQ,2020-Q4,ARRY,seizing,invest,invest,3425,3421,3430,at our capital structures,in high roi projects,at our capital structures invest in high roi projects
152,2021-03-09 17:00:00,NASDAQ,2020-Q4,ARRY,sensing,sense,sense,3808,3804,3813,of give us some,there jim fusaro chief,of give us some sense there jim fusaro chief
152,2021-03-09 17:00:00,NASDAQ,2020-Q4,ARRY,seizing,investing,investing,3875,3871,3880,the short term while,in long term so,the short term while investing in long term so
152,2021-03-09 17:00:00,NASDAQ,2020-Q4,ARRY,seizing,invested,invested,4791,4787,4796,mentioned that you re,in a new technology,mentioned that you re invested in a new technology
152,2021-03-09 17:00:00,NASDAQ,2020-Q4,ARRY,sensing,sense,sense,5369,5365,5374,that make the most,since they re the,that make the most sense since they re the
152,2021-03-09 17:00:00,NASDAQ,2020-Q4,ARRY,seizing,investing,investing,5378,5374,5383,ones that are actually,and connecting to the,ones that are actually investing and connecting to the
152,2021-03-09 17:00:00,NASDAQ,2020-Q4,ARRY,sensing,shaped,shaped,5938,5934,5943,from odd lot odd,lots or more difficult,from odd lot odd shaped lots or more difficult
152,2021-03-09 17:00:00,NASDAQ,2020-Q4,ARRY,sensing,shaped,shaped,6058,6054,6063,terrain flexibility the odd,sizes themselves we ve,terrain flexibility the odd shaped sizes themselves we ve
152,2021-03-09 17:00:00,NASDAQ,2020-Q4,ARRY,seizing,investing,investing,7362,7358,7367,to see you all,in r d for,to see you all investing in r d for
153,2022-10-13 02:00:00,NYSE,2022-Q3,TSM,seizing,invest,invest,1164,1160,1169,long term capacity and,in leading edge and,long term capacity and invest in leading edge and
153,2022-10-13 02:00:00,NYSE,2022-Q3,TSM,seizing,invest,invest,3177,3173,3182,with our customers to,for the long term,with our customers to invest for the long term
153,2022-10-13 02:00:00,NYSE,2022-Q3,TSM,sensing,sense,sense,4532,4528,4537,i guess just a,because it s still,i guess just a sense because it s still
153,2022-10-13 02:00:00,NYSE,2022-Q3,TSM,seizing,invest,invest,5167,5163,5172,be better kept to,in our capital expenditure,be better kept to invest in our capital expenditure
153,2022-10-13 02:00:00,NYSE,2022-Q3,TSM,seizing,invest,invest,7087,7083,7092,of view when we,heavily to capture the,of view when we invest heavily to capture the
154,,NYSE,2018-Q4,HMLP,sensing,sense,sense,1741,1737,1746,wanted to get a,operationally what happened in,wanted to get a sense operationally what happened in
154,,NYSE,2018-Q4,HMLP,sensing,sense,sense,2086,2082,2091,trying to get a,of maybe how you,trying to get a sense of maybe how you
154,,NYSE,2018-Q4,HMLP,sensing,sense,sense,2307,2303,2312,you give us a,of the coverage ratio,you give us a sense of the coverage ratio
155,2021-08-02 11:00:00,NYSE,2021-Q2,ITCB,transforming,transforming,transforming,391,387,396,the initiatives that are,indecipherable to a bank,the initiatives that are transforming indecipherable to a bank
155,2021-08-02 11:00:00,NYSE,2021-Q2,ITCB,transforming,transforming,transforming,1860,1856,1865,pillar we are also,our technological architecture to,pillar we are also transforming our technological architecture to
155,2021-08-02 11:00:00,NYSE,2021-Q2,ITCB,transforming,transforming,transforming,2139,2135,2144,in this model completely,the way our teams,in this model completely transforming the way our teams
155,2021-08-02 11:00:00,NYSE,2021-Q2,ITCB,transforming,transformed,transformed,2643,2639,2648,bank will also be,with key initiatives around,bank will also be transformed with key initiatives around
156,2022-05-04 17:00:00,NASDAQ,2022-Q1,SEER,transforming,transform,transform,3044,3040,3049,novel biological insights to,our understanding of human,novel biological insights to transform our understanding of human
156,2022-05-04 17:00:00,NASDAQ,2022-Q1,SEER,sensing,sense,sense,3894,3890,3899,thank you that makes,on opex can you,thank you that makes sense on opex can you
156,2022-05-04 17:00:00,NASDAQ,2022-Q1,SEER,seizing,invest,invest,4011,4007,4016,we will continue to,to obviously realize that,we will continue to invest to obviously realize that
157,2021-01-25 10:00:00,NYSE,2020-Q4,KMB,seizing,invested,invested,896,892,901,year financially while we,more in the business,year financially while we invested more in the business
157,2021-01-25 10:00:00,NYSE,2020-Q4,KMB,seizing,invested,invested,1018,1014,1023,portfolio gained market share,to strengthen long term,portfolio gained market share invested to strengthen long term
157,2021-01-25 10:00:00,NYSE,2020-Q4,KMB,seizing,invest,invest,5522,5518,5527,ll also continue to,in the business and,ll also continue to invest in the business and
157,2021-01-25 10:00:00,NYSE,2020-Q4,KMB,seizing,invest,invest,5680,5676,5685,expect to continue to,in capability building and,expect to continue to invest in capability building and
157,2021-01-25 10:00:00,NYSE,2020-Q4,KMB,seizing,invest,invest,6042,6038,6047,we are going to,in other capability areas,we are going to invest in other capability areas
157,2021-01-25 10:00:00,NYSE,2020-Q4,KMB,seizing,invested,invested,6071,6067,6076,that we ve continued,in terms of capability,that we ve continued invested in terms of capability
157,2021-01-25 10:00:00,NYSE,2020-Q4,KMB,seizing,investing,investing,6079,6075,6084,capability we ll be,more in our cost,capability we ll be investing more in our cost
157,2021-01-25 10:00:00,NYSE,2020-Q4,KMB,seizing,investing,investing,6108,6104,6113,and we ll be,to take the organization,and we ll be investing to take the organization
157,2021-01-25 10:00:00,NYSE,2020-Q4,KMB,sensing,sense,sense,7957,7953,7962,makes a lot of,so when if you,makes a lot of sense so when if you
157,2021-01-25 10:00:00,NYSE,2020-Q4,KMB,sensing,sense,sense,8666,8662,8671,behaved similarly in the,of volume i think,behaved similarly in the sense of volume i think
157,2021-01-25 10:00:00,NYSE,2020-Q4,KMB,seizing,invested,invested,9666,9662,9671,s why we ve,in capability and brought,s why we ve invested in capability and brought
158,2020-08-13 11:30:00,NASDAQ,2020-Q2,GMLP,sensing,sense,sense,4339,4335,4344,wouldn t necessarily make,and it would be,wouldn t necessarily make sense and it would be
158,2020-08-13 11:30:00,NASDAQ,2020-Q2,GMLP,sensing,sense,sense,4726,4722,4731,and it still makes,for them now i,and it still makes sense for them now i
158,2020-08-13 11:30:00,NASDAQ,2020-Q2,GMLP,sensing,sense,sense,5807,5803,5812,edge analyst certainly makes,that is tremendous color,edge analyst certainly makes sense that is tremendous color
158,2020-08-13 11:30:00,NASDAQ,2020-Q2,GMLP,transforming,transforming,transforming,6000,5996,6005,very long way in,especially some of these,very long way in transforming especially some of these
158,2020-08-13 11:30:00,NASDAQ,2020-Q2,GMLP,sensing,sense,sense,6177,6173,6182,edge analyst certainly makes,final question looking at,edge analyst certainly makes sense final question looking at
158,2020-08-13 11:30:00,NASDAQ,2020-Q2,GMLP,sensing,sense,sense,6488,6484,6493,edge analyst certainly makes,thanks for your time,edge analyst certainly makes sense thanks for your time
159,2023-01-05 10:30:00,NYSE,2023-Q3,STZ,sensing,shape,shape,425,421,430,emerging trends and consistently,our portfolio for growth,emerging trends and consistently shape our portfolio for growth
159,2023-01-05 10:30:00,NYSE,2023-Q3,STZ,sensing,shaping,shaping,704,700,709,consumer led innovation and,our portfolio for growth,consumer led innovation and shaping our portfolio for growth
159,2023-01-05 10:30:00,NYSE,2023-Q3,STZ,seizing,invest,invest,2156,2152,2161,channels we continue to,in the growth of,channels we continue to invest in the growth of
159,2023-01-05 10:30:00,NYSE,2023-Q3,STZ,seizing,invest,invest,2446,2442,2451,chelada brands as we,in marketing to the,chelada brands as we invest in marketing to the
159,2023-01-05 10:30:00,NYSE,2023-Q3,STZ,seizing,invest,invest,10171,10167,10176,well we continue to,behind our brands to,well we continue to invest behind our brands to
160,2021-05-06 17:00:00,NASDAQ,2021-Q1,GPRO,sensing,shape,shape,1686,1682,1691,we re in good,there i mean it,we re in good shape there i mean it
160,2021-05-06 17:00:00,NASDAQ,2021-Q1,GPRO,sensing,sense,sense,2586,2582,2591,doesn t really make,for them except you,doesn t really make sense for them except you
160,2021-05-06 17:00:00,NASDAQ,2021-Q1,GPRO,sensing,sense,sense,2641,2637,2646,subscription doesn t make,also we re aware,subscription doesn t make sense also we re aware
161,,NYSE,2019-Q1,ACM,sensing,shaping,shaping,638,634,643,the second quarter is,up to be another,the second quarter is shaping up to be another
161,,NYSE,2019-Q1,ACM,seizing,invested,invested,2202,2198,2207,a high return on,capital with very little,a high return on invested capital with very little
161,,NYSE,2019-Q1,ACM,seizing,invested,invested,4886,4882,4891,very high return on,capital a very low,very high return on invested capital a very low
161,,NYSE,2019-Q1,ACM,sensing,sense,sense,5416,5412,5421,sure ok that makes,and then i guess,sure ok that makes sense and then i guess
161,,NYSE,2019-Q1,ACM,seizing,invest,invest,6761,6757,6766,continues to perform well,wisely and capture business,continues to perform well invest wisely and capture business
161,,NYSE,2019-Q1,ACM,sensing,sense,sense,7382,7378,7387,this gives you a,for the long tail,this gives you a sense for the long tail
161,,NYSE,2019-Q1,ACM,sensing,sense,sense,7890,7886,7895,so we can get,for what the go,so we can get sense for what the go
162,2021-04-29 09:00:00,NYSE,2021-Q2,VVV,seizing,invested,invested,994,990,999,for our customers we,in our supply chain,for our customers we invested in our supply chain
162,2021-04-29 09:00:00,NYSE,2021-Q2,VVV,sensing,sense,sense,2785,2781,2790,can you give a,for the raw material,can you give a sense for the raw material
162,2021-04-29 09:00:00,NYSE,2021-Q2,VVV,sensing,shape,shape,3079,3075,3084,be in pretty good,as we start the,be in pretty good shape as we start the
162,2021-04-29 09:00:00,NYSE,2021-Q2,VVV,seizing,investing,investing,4405,4401,4410,stores we ve been,in new store growth,stores we ve been investing in new store growth
162,2021-04-29 09:00:00,NYSE,2021-Q2,VVV,seizing,investing,investing,5866,5862,5871,where we ve been,in building a strong,where we ve been investing in building a strong
162,2021-04-29 09:00:00,NYSE,2021-Q2,VVV,sensing,sense,sense,6088,6084,6093,do you have a,how much you benefit,do you have a sense how much you benefit
162,2021-04-29 09:00:00,NYSE,2021-Q2,VVV,sensing,sense,sense,6127,6123,6132,do you have any,of that i mean,do you have any sense of that i mean
162,2021-04-29 09:00:00,NYSE,2021-Q2,VVV,seizing,invested,invested,7120,7116,7125,and so we ve,and been developing a,and so we ve invested and been developing a
162,2021-04-29 09:00:00,NYSE,2021-Q2,VVV,seizing,invest,invest,7638,7634,7643,do to continue to,in ppe for our,do to continue to invest in ppe for our
162,2021-04-29 09:00:00,NYSE,2021-Q2,VVV,seizing,invest,invest,8702,8698,8707,continuing to learn and,appropriately in that side,continuing to learn and invest appropriately in that side
162,2021-04-29 09:00:00,NYSE,2021-Q2,VVV,sensing,sense,sense,8937,8933,8942,analyst alright that makes,thanks very much operator,analyst alright that makes sense thanks very much operator
163,2022-02-03 17:00:00,NYSE,2021-Q4,SNAP,seizing,investing,investing,1333,1329,1338,france we are also,in content from underrepresented,france we are also investing in content from underrepresented
163,2022-02-03 17:00:00,NYSE,2021-Q4,SNAP,seizing,investing,investing,1815,1811,1820,by how creators are,in the platform today,by how creators are investing in the platform today
163,2022-02-03 17:00:00,NYSE,2021-Q4,SNAP,seizing,investing,investing,2164,2160,2169,being of our community,in new technologies and,being of our community investing in new technologies and
163,2022-02-03 17:00:00,NYSE,2021-Q4,SNAP,seizing,investing,investing,2261,2257,2266,and our business while,in the future of,and our business while investing in the future of
163,2022-02-03 17:00:00,NYSE,2021-Q4,SNAP,seizing,investing,investing,2414,2410,2419,optimization and measurement second,in our sales and,optimization and measurement second investing in our sales and
163,2022-02-03 17:00:00,NYSE,2021-Q4,SNAP,seizing,invest,invest,3075,3071,3080,target we continue to,in our sales and,target we continue to invest in our sales and
163,2022-02-03 17:00:00,NYSE,2021-Q4,SNAP,seizing,investing,investing,3200,3196,3205,principles first we are,in markets where snapchat,principles first we are investing in markets where snapchat
163,2022-02-03 17:00:00,NYSE,2021-Q4,SNAP,seizing,invest,invest,3343,3339,3348,impact we continue to,heavily in our video,impact we continue to invest heavily in our video
163,2022-02-03 17:00:00,NYSE,2021-Q4,SNAP,seizing,invested,invested,3533,3529,3538,e commerce we ve,heavily into building tools,e commerce we ve invested heavily into building tools
163,2022-02-03 17:00:00,NYSE,2021-Q4,SNAP,transforming,transforming,transforming,3629,3625,3634,are seeing with ar,e commerce we believe,are seeing with ar transforming e commerce we believe
163,2022-02-03 17:00:00,NYSE,2021-Q4,SNAP,seizing,invest,invest,3852,3848,3857,we re excited to,in this for we,we re excited to invest in this for we
163,2022-02-03 17:00:00,NYSE,2021-Q4,SNAP,seizing,investing,investing,3924,3920,3929,through optimization and measurement,in our sales and,through optimization and measurement investing in our sales and
163,2022-02-03 17:00:00,NYSE,2021-Q4,SNAP,seizing,invest,invest,4973,4969,4978,as we continue to,in marketing programs to,as we continue to invest in marketing programs to
163,2022-02-03 17:00:00,NYSE,2021-Q4,SNAP,seizing,invest,invest,5019,5015,5024,as we continue to,in the future of,as we continue to invest in the future of
163,2022-02-03 17:00:00,NYSE,2021-Q4,SNAP,seizing,invested,invested,5459,5455,5464,of while we have,aggressively in the future,of while we have invested aggressively in the future
163,2022-02-03 17:00:00,NYSE,2021-Q4,SNAP,seizing,invest,invest,5736,5732,5741,opportunities we see to,productively in our business,opportunities we see to invest productively in our business
163,2022-02-03 17:00:00,NYSE,2021-Q4,SNAP,seizing,investing,investing,7229,7225,7234,screen and we re,heavily to build out,screen and we re investing heavily to build out
163,2022-02-03 17:00:00,NYSE,2021-Q4,SNAP,seizing,investing,investing,7299,7295,7304,do and we re,heavily in executing against,do and we re investing heavily in executing against
163,2022-02-03 17:00:00,NYSE,2021-Q4,SNAP,transforming,redeployed,redeployed,8490,8486,8495,supply chain we ve,resources to many of,supply chain we ve redeployed resources to many of
163,2022-02-03 17:00:00,NYSE,2021-Q4,SNAP,seizing,invest,invest,8596,8592,8601,and we continue to,in them learn with,and we continue to invest in them learn with
163,2022-02-03 17:00:00,NYSE,2021-Q4,SNAP,sensing,sense,sense,9259,9255,9264,gives you a good,of what s happening,gives you a good sense of what s happening
163,2022-02-03 17:00:00,NYSE,2021-Q4,SNAP,seizing,invest,invest,9552,9548,9557,against that playbook and,in our platform and,against that playbook and invest in our platform and
163,2022-02-03 17:00:00,NYSE,2021-Q4,SNAP,seizing,investing,investing,9765,9761,9770,reality where we re,a lot of our,reality where we re investing a lot of our
163,2022-02-03 17:00:00,NYSE,2021-Q4,SNAP,seizing,invest,invest,10082,10078,10087,and more businesses to,in augmented reality you,and more businesses to invest in augmented reality you
163,2022-02-03 17:00:00,NYSE,2021-Q4,SNAP,seizing,invested,invested,10156,10152,10161,their businesses we ve,really heavily into building,their businesses we ve invested really heavily into building
163,2022-02-03 17:00:00,NYSE,2021-Q4,SNAP,transforming,transforming,transforming,10314,10310,10319,re seeing with ar,e commerce and e,re seeing with ar transforming e commerce and e
163,2022-02-03 17:00:00,NYSE,2021-Q4,SNAP,seizing,investing,investing,10669,10665,10674,and we re heavily,in the advertising capabilities,and we re heavily investing in the advertising capabilities
163,2022-02-03 17:00:00,NYSE,2021-Q4,SNAP,seizing,investing,investing,10708,10704,10713,term but we are,to grow these platforms,term but we are investing to grow these platforms
164,2021-05-26 17:00:00,NASDAQ,2022-Q1,OKTA,transforming,transformed,transformed,1244,1240,1249,an organization has dramatically,we ve received positive,an organization has dramatically transformed we ve received positive
164,2021-05-26 17:00:00,NASDAQ,2022-Q1,OKTA,seizing,invest,invest,1416,1412,1421,going to maintain and,in both platforms and,going to maintain and invest in both platforms and
164,2021-05-26 17:00:00,NASDAQ,2022-Q1,OKTA,seizing,invest,invest,1843,1839,1848,we will continue to,in driving product innovation,we will continue to invest in driving product innovation
164,2021-05-26 17:00:00,NASDAQ,2022-Q1,OKTA,seizing,invest,invest,1879,1875,1884,we may elect to,more while balancing free,we may elect to invest more while balancing free
164,2021-05-26 17:00:00,NASDAQ,2022-Q1,OKTA,seizing,investing,investing,3052,3048,3057,it has been aggressively,to capture the massive,it has been aggressively investing to capture the massive
164,2021-05-26 17:00:00,NASDAQ,2022-Q1,OKTA,seizing,invest,invest,3329,3325,3334,we may elect to,more while balancing free,we may elect to invest more while balancing free
164,2021-05-26 17:00:00,NASDAQ,2022-Q1,OKTA,seizing,investing,investing,3623,3619,3628,we re really really,for growth this is,we re really really investing for growth this is
164,2021-05-26 17:00:00,NASDAQ,2022-Q1,OKTA,seizing,invest,invest,4782,4778,4787,we re going to,and do a massive,we re going to invest and do a massive
164,2021-05-26 17:00:00,NASDAQ,2022-Q1,OKTA,seizing,invest,invest,5183,5179,5188,that people had to,in so we haven,that people had to invest in so we haven
164,2021-05-26 17:00:00,NASDAQ,2022-Q1,OKTA,seizing,invest,invest,8443,8439,8448,see us continue to,in the times ahead,see us continue to invest in the times ahead
164,2021-05-26 17:00:00,NASDAQ,2022-Q1,OKTA,sensing,sense,sense,8811,8807,8816,just give us a,of maybe how often,just give us a sense of maybe how often
164,2021-05-26 17:00:00,NASDAQ,2022-Q1,OKTA,seizing,invest,invest,9019,9015,9024,really well as people,in automating more of,really well as people invest in automating more of
164,2021-05-26 17:00:00,NASDAQ,2022-Q1,OKTA,sensing,sense,sense,9477,9473,9482,makes a lot of,like if you bring,makes a lot of sense like if you bring
164,2021-05-26 17:00:00,NASDAQ,2022-Q1,OKTA,sensing,sense,sense,9623,9619,9628,public cloud it makes,that over time you,public cloud it makes sense that over time you
164,2021-05-26 17:00:00,NASDAQ,2022-Q1,OKTA,sensing,sense,sense,9962,9958,9967,call and obviously makes,given the auth transaction,call and obviously makes sense given the auth transaction
165,2022-03-09 17:00:00,NASDAQ,2021-Q4,TIG,seizing,invested,invested,995,991,1000,in addition in we,significantly and prudently in,in addition in we invested significantly and prudently in
165,2022-03-09 17:00:00,NASDAQ,2021-Q4,TIG,sensing,sense,sense,2808,2804,2813,makes the most financial,at the time and,makes the most financial sense at the time and
165,2022-03-09 17:00:00,NASDAQ,2021-Q4,TIG,seizing,invest,invest,4364,4360,4369,re also planning to,continue to invest in,re also planning to invest continue to invest in
165,2022-03-09 17:00:00,NASDAQ,2021-Q4,TIG,seizing,invest,invest,4367,4363,4372,to invest continue to,in the company in,to invest continue to invest in the company in
166,2021-02-09 16:30:00,NYSE,2020-Q4,NCR,seizing,invest,invest,962,958,967,strategy we continue to,in our strategic growth,strategy we continue to invest in our strategic growth
166,2021-02-09 16:30:00,NYSE,2020-Q4,NCR,sensing,shape,shape,4263,4259,4268,is that just changing,of seasonality because of,is that just changing shape of seasonality because of
166,2021-02-09 16:30:00,NYSE,2020-Q4,NCR,sensing,sense,sense,7623,7619,7628,just give us a,of what capital allocation,just give us a sense of what capital allocation
166,2021-02-09 16:30:00,NYSE,2020-Q4,NCR,seizing,invest,invest,7748,7744,7753,we will continue to,organically obtain the capital,we will continue to invest organically obtain the capital
166,2021-02-09 16:30:00,NYSE,2020-Q4,NCR,sensing,sense,sense,7912,7908,7917,rate that makes good,we ve got tremendous,rate that makes good sense we ve got tremendous
166,2021-02-09 16:30:00,NYSE,2020-Q4,NCR,seizing,investing,investing,8853,8849,8858,out there the citis,a lot of money,out there the citis investing a lot of money
167,2021-01-28 14:00:00,NYSE,2020-Q4,NUE,seizing,invested,invested,2117,2113,2122,louisiana in and have,approximately million to enhance,louisiana in and have invested approximately million to enhance
167,2021-01-28 14:00:00,NYSE,2020-Q4,NUE,sensing,sense,sense,3909,3905,3914,a bit of a,as to what your,a bit of a sense as to what your
167,2021-01-28 14:00:00,NYSE,2020-Q4,NUE,sensing,sense,sense,5369,5365,5374,makes a lot of,but if you listen,makes a lot of sense but if you listen
167,2021-01-28 14:00:00,NYSE,2020-Q4,NUE,sensing,sense,sense,5473,5469,5478,think that it makes,to expand your position,think that it makes sense to expand your position
167,2021-01-28 14:00:00,NYSE,2020-Q4,NUE,seizing,investing,investing,8388,8384,8393,we are doing some,in our process gas,we are doing some investing in our process gas
167,2021-01-28 14:00:00,NYSE,2020-Q4,NUE,sensing,sense,sense,9768,9764,9773,member feels a strong,of belonging and ownership,member feels a strong sense of belonging and ownership
168,2020-08-04 16:30:00,NYSE,2020-Q3,DIS,seizing,invest,invest,3453,3449,3458,uncertainty and continue to,in the long term,uncertainty and continue to invest in the long term
168,2020-08-04 16:30:00,NYSE,2020-Q3,DIS,sensing,shape,shape,4438,4434,4443,should be in good,once consumer confidence sort,should be in good shape once consumer confidence sort
168,2020-08-04 16:30:00,NYSE,2020-Q3,DIS,sensing,sense,sense,4728,4724,4733,just give us a,for the strategy there,just give us a sense for the strategy there
168,2020-08-04 16:30:00,NYSE,2020-Q3,DIS,sensing,sense,sense,5225,5221,5230,see whether that makes,all i ll say,see whether that makes sense all i ll say
168,2020-08-04 16:30:00,NYSE,2020-Q3,DIS,seizing,invest,invest,6682,6678,6687,we are going to,in businesses that we,we are going to invest in businesses that we
168,2020-08-04 16:30:00,NYSE,2020-Q3,DIS,sensing,sense,sense,7795,7791,7800,analyst that makes perfect,but none of that,analyst that makes perfect sense but none of that
168,2020-08-04 16:30:00,NYSE,2020-Q3,DIS,sensing,sense,sense,8778,8774,8783,does it make more,to kind of go,does it make more sense to kind of go
168,2020-08-04 16:30:00,NYSE,2020-Q3,DIS,seizing,invest,invest,9388,9384,9393,plan to do is,even more in our,plan to do is invest even more in our
168,2020-08-04 16:30:00,NYSE,2020-Q3,DIS,seizing,investing,investing,9441,9437,9446,so we ll be,in content first and,so we ll be investing in content first and
169,2021-02-25 16:30:00,NYSE,2020-Q4,MED,seizing,invest,invest,2543,2539,2548,branded products and further,in our supply chain,branded products and further invest in our supply chain
169,2021-02-25 16:30:00,NYSE,2020-Q4,MED,seizing,investing,investing,2767,2763,2772,to begin more heavily,in supply chain and,to begin more heavily investing in supply chain and
170,2022-11-02 08:00:00,NYSE,2022-Q3,UNM,seizing,invest,invest,671,667,676,us the ability to,in our growth and,us the ability to invest in our growth and
170,2022-11-02 08:00:00,NYSE,2022-Q3,UNM,sensing,shape,shape,4536,4532,4541,and remains in excellent,the weighted average risk,and remains in excellent shape the weighted average risk
170,2022-11-02 08:00:00,NYSE,2022-Q3,UNM,sensing,shape,shape,9839,9835,9844,assuming a more normal,of the yield curve,assuming a more normal shape of the yield curve
170,2022-11-02 08:00:00,NYSE,2022-Q3,UNM,sensing,shape,shape,9880,9876,9885,considering the current inverted,of the yield curve,considering the current inverted shape of the yield curve
170,2022-11-02 08:00:00,NYSE,2022-Q3,UNM,sensing,shape,shape,10189,10185,10194,little bit more normal,of the curve that,little bit more normal shape of the curve that
171,2021-02-10 08:00:00,NASDAQ,2020-Q4,CRTO,transforming,transform,transform,473,469,478,they ve applied to,ourselves into the new,they ve applied to transform ourselves into the new
171,2021-02-10 08:00:00,NASDAQ,2020-Q4,CRTO,transforming,transform,transform,560,556,565,as we continue to,ourselves starting with a,as we continue to transform ourselves starting with a
171,2021-02-10 08:00:00,NASDAQ,2020-Q4,CRTO,sensing,sense,sense,1523,1519,1528,and ai to make,of this massive data,and ai to make sense of this massive data
171,2021-02-10 08:00:00,NASDAQ,2020-Q4,CRTO,sensing,shape,shape,1738,1734,1743,we re in great,outside of what will,we re in great shape outside of what will
171,2021-02-10 08:00:00,NASDAQ,2020-Q4,CRTO,transforming,transforming,transforming,2125,2121,2130,new clients we re,criteo to return to,new clients we re transforming criteo to return to
171,2021-02-10 08:00:00,NASDAQ,2020-Q4,CRTO,seizing,investing,investing,2253,2249,2258,to grow we re,in these new solutions,to grow we re investing in these new solutions
171,2021-02-10 08:00:00,NASDAQ,2020-Q4,CRTO,sensing,shape,shape,2980,2976,2985,partnership with google to,the end solution accordingly,partnership with google to shape the end solution accordingly
171,2021-02-10 08:00:00,NASDAQ,2020-Q4,CRTO,seizing,invest,invest,4721,4717,4726,time we continued to,in our growth investments,time we continued to invest in our growth investments
171,2021-02-10 08:00:00,NASDAQ,2020-Q4,CRTO,seizing,investing,investing,4733,4729,4738,cost management we are,in our transformation of,cost management we are investing in our transformation of
171,2021-02-10 08:00:00,NASDAQ,2020-Q4,CRTO,transforming,transform,transform,5947,5943,5952,investment plans to further,our business and our,investment plans to further transform our business and our
171,2021-02-10 08:00:00,NASDAQ,2020-Q4,CRTO,transforming,transforming,transforming,5965,5961,5970,strategic plan we re,into a new criteo,strategic plan we re transforming into a new criteo
171,2021-02-10 08:00:00,NASDAQ,2020-Q4,CRTO,seizing,invest,invest,7876,7872,7881,hungry to continue to,in our partnership and,hungry to continue to invest in our partnership and
171,2021-02-10 08:00:00,NASDAQ,2020-Q4,CRTO,seizing,invested,invested,7906,7902,7911,remarks we are very,in that at the,remarks we are very invested in that at the
171,2021-02-10 08:00:00,NASDAQ,2020-Q4,CRTO,seizing,invest,invest,7959,7955,7964,with google on floc,very very heavily there,with google on floc invest very very heavily there
172,2021-02-10 09:00:00,NYSE,2020-Q4,CCK,seizing,invest,invest,479,475,484,the company continues to,for future growth with,the company continues to invest for future growth with
172,2021-02-10 09:00:00,NYSE,2020-Q4,CCK,seizing,invested,invested,1345,1341,1350,recent years we have,for capacity expansion innovation,recent years we have invested for capacity expansion innovation
172,2021-02-10 09:00:00,NYSE,2020-Q4,CCK,sensing,sense,sense,2261,2257,2266,do you have a,as to what the,do you have a sense as to what the
172,2021-02-10 09:00:00,NYSE,2020-Q4,CCK,sensing,sense,sense,4511,4507,4516,evolved over time my,is the businesses have,evolved over time my sense is the businesses have
172,2021-02-10 09:00:00,NYSE,2020-Q4,CCK,sensing,sense,sense,5468,5464,5473,llc analyst okay makes,and by the way,llc analyst okay makes sense and by the way
172,2021-02-10 09:00:00,NYSE,2020-Q4,CCK,sensing,sense,sense,5745,5741,5750,just give us a,of what kind of,just give us a sense of what kind of
172,2021-02-10 09:00:00,NYSE,2020-Q4,CCK,sensing,sense,sense,6155,6151,6160,just give it a,of what percentage your,just give it a sense of what percentage your
172,2021-02-10 09:00:00,NYSE,2020-Q4,CCK,sensing,sense,sense,6424,6420,6429,do you have a,on how much of,do you have a sense on how much of
172,2021-02-10 09:00:00,NYSE,2020-Q4,CCK,sensing,sense,sense,8583,8579,8588,do you have any,of sort of how,do you have any sense of sort of how
172,2021-02-10 09:00:00,NYSE,2020-Q4,CCK,sensing,sense,sense,8648,8644,8653,supply just any general,of that timothy j,supply just any general sense of that timothy j
172,2021-02-10 09:00:00,NYSE,2020-Q4,CCK,sensing,sense,sense,8881,8877,8886,a sort of a,of when that sort,a sort of a sense of when that sort
173,2021-02-23 16:30:00,NASDAQ,2020-Q4,PODD,seizing,invested,invested,1675,1671,1680,consumer access we have,ahead to build our,consumer access we have invested ahead to build our
173,2021-02-23 16:30:00,NASDAQ,2020-Q4,PODD,seizing,invest,invest,1740,1736,1745,will continue to heavily,clinically and have a,will continue to heavily invest clinically and have a
173,2021-02-23 16:30:00,NASDAQ,2020-Q4,PODD,seizing,investing,investing,1973,1969,1978,we are committed to,in future innovations to,we are committed to investing in future innovations to
173,2021-02-23 16:30:00,NASDAQ,2020-Q4,PODD,seizing,invest,invest,2462,2458,2467,imperatives our focus to,for accelerated revenue growth,imperatives our focus to invest for accelerated revenue growth
173,2021-02-23 16:30:00,NASDAQ,2020-Q4,PODD,seizing,invested,invested,3018,3014,3023,employees to be more,in our company and,employees to be more invested in our company and
173,2021-02-23 16:30:00,NASDAQ,2020-Q4,PODD,seizing,invest,invest,3079,3075,3084,year we continue to,throughout our business including,year we continue to invest throughout our business including
173,2021-02-23 16:30:00,NASDAQ,2020-Q4,PODD,seizing,invest,invest,3294,3290,3299,flexibility to continue to,in support of our,flexibility to continue to invest in support of our
173,2021-02-23 16:30:00,NASDAQ,2020-Q4,PODD,seizing,invest,invest,3673,3669,3678,as we continue to,and build upon our,as we continue to invest and build upon our
173,2021-02-23 16:30:00,NASDAQ,2020-Q4,PODD,seizing,invest,invest,5503,5499,5508,is to continue to,to capitalize on our,is to continue to invest to capitalize on our
173,2021-02-23 16:30:00,NASDAQ,2020-Q4,PODD,seizing,invest,invest,5529,5525,5534,us to continue to,heavily beyond in particular,us to continue to invest heavily beyond in particular
173,2021-02-23 16:30:00,NASDAQ,2020-Q4,PODD,seizing,investing,investing,6172,6168,6177,expansion we re also,in marketing and direct,expansion we re also investing in marketing and direct
173,2021-02-23 16:30:00,NASDAQ,2020-Q4,PODD,sensing,sense,sense,7122,7118,7127,guys give us a,of how big type,guys give us a sense of how big type
173,2021-02-23 16:30:00,NASDAQ,2020-Q4,PODD,transforming,transforming,transforming,8556,8552,8561,are driving they are,the market they are,are driving they are transforming the market they are
174,2021-07-20 10:00:00,NASDAQ,2021-Q2,SBNY,transforming,transformed,transformed,425,421,430,has grown dramatically and,organically we set and,has grown dramatically and transformed organically we set and
174,2021-07-20 10:00:00,NASDAQ,2021-Q2,SBNY,seizing,investing,investing,1495,1491,1500,well as the bank,in floating rate securities,well as the bank investing in floating rate securities
174,2021-07-20 10:00:00,NASDAQ,2021-Q2,SBNY,seizing,invest,invest,1534,1530,1539,windows in which to,and therefore we were,windows in which to invest and therefore we were
174,2021-07-20 10:00:00,NASDAQ,2021-Q2,SBNY,sensing,sense,sense,2360,2356,2365,you give us a,how many customers are,you give us a sense how many customers are
174,2021-07-20 10:00:00,NASDAQ,2021-Q2,SBNY,seizing,investing,investing,3557,3553,3562,are you thinking about,in additional securities at,are you thinking about investing in additional securities at
174,2021-07-20 10:00:00,NASDAQ,2021-Q2,SBNY,sensing,sense,sense,3636,3632,3641,of a lot of,to invest much and,of a lot of sense to invest much and
174,2021-07-20 10:00:00,NASDAQ,2021-Q2,SBNY,seizing,invest,invest,3638,3634,3643,lot of sense to,much and will be,lot of sense to invest much and will be
174,2021-07-20 10:00:00,NASDAQ,2021-Q2,SBNY,sensing,sense,sense,3659,3655,3664,for investments that makes,particularly floating rates to,for investments that makes sense particularly floating rates to
174,2021-07-20 10:00:00,NASDAQ,2021-Q2,SBNY,sensing,sense,sense,5443,5439,5448,but give us a,of the market joseph,but give us a sense of the market joseph
174,2021-07-20 10:00:00,NASDAQ,2021-Q2,SBNY,sensing,shape,shape,5813,5809,5818,ratios are in great,but the tce tier,ratios are in great shape but the tce tier
174,2021-07-20 10:00:00,NASDAQ,2021-Q2,SBNY,sensing,sense,sense,6807,6803,6812,that are and make,along with california on,that are and make sense along with california on
174,2021-07-20 10:00:00,NASDAQ,2021-Q2,SBNY,sensing,sense,sense,7038,7034,7043,business then that makes,then we can go,business then that makes sense then we can go
174,2021-07-20 10:00:00,NASDAQ,2021-Q2,SBNY,sensing,sense,sense,7401,7397,7406,now whether it makes,for us to prepay,now whether it makes sense for us to prepay
175,2021-04-28 08:00:00,NYSE,2021-Q1,SPOT,seizing,invest,invest,1091,1087,1096,to move quickly and,aggressively when we do,to move quickly and invest aggressively when we do
175,2021-04-28 08:00:00,NYSE,2021-Q1,SPOT,sensing,sense,sense,1497,1493,1502,what makes the most,on a hyper local,what makes the most sense on a hyper local
175,2021-04-28 08:00:00,NYSE,2021-Q1,SPOT,seizing,investing,investing,4268,4264,4273,tech stack we re,in we feel really,tech stack we re investing in we feel really
175,2021-04-28 08:00:00,NYSE,2021-Q1,SPOT,seizing,investing,investing,6694,6690,6699,monetization so we are,massively in all four,monetization so we are investing massively in all four
175,2021-04-28 08:00:00,NYSE,2021-Q1,SPOT,sensing,sensing,sensing,7095,7091,7100,audience network are you,any hesitance to participate,audience network are you sensing any hesitance to participate
175,2021-04-28 08:00:00,NYSE,2021-Q1,SPOT,sensing,sense,sense,7409,7405,7414,when the opportunity makes,and in this audio,when the opportunity makes sense and in this audio
176,2021-05-13 16:30:00,NYSE,2021-Q2,DIS,sensing,sense,sense,8041,8037,8046,if the economics make,and i m thinking,if the economics make sense and i m thinking
177,2020-08-13 17:00:00,NASDAQ,2020-Q2,PAYS,seizing,invest,invest,2940,2936,2945,we do continue to,in people and in,we do continue to invest in people and in
178,2020-06-02 16:30:00,NASDAQ,2020-Q4,APPS,sensing,sense,sense,4378,4374,4383,rates and it makes,right is that here,rates and it makes sense right is that here
179,2021-10-19 09:00:00,NASDAQ,2021-Q3,SBNY,seizing,investing,investing,1570,1566,1575,well as the bank,in floating rate securities,well as the bank investing in floating rate securities
179,2021-10-19 09:00:00,NASDAQ,2021-Q3,SBNY,seizing,investing,investing,1607,1603,1612,a better environment for,in securities and fortunately,a better environment for investing in securities and fortunately
179,2021-10-19 09:00:00,NASDAQ,2021-Q3,SBNY,seizing,invest,invest,1636,1632,1641,windows in which to,and therefore we did,windows in which to invest and therefore we did
179,2021-10-19 09:00:00,NASDAQ,2021-Q3,SBNY,seizing,investing,investing,2265,2261,2270,track record confirms that,in people is paramount,track record confirms that investing in people is paramount
179,2021-10-19 09:00:00,NASDAQ,2021-Q3,SBNY,seizing,invest,invest,2300,2296,2305,we will continue to,in our colleagues whose,we will continue to invest in our colleagues whose
179,2021-10-19 09:00:00,NASDAQ,2021-Q3,SBNY,sensing,sense,sense,2539,2535,2544,trying to get a,of how that s,trying to get a sense of how that s
179,2021-10-19 09:00:00,NASDAQ,2021-Q3,SBNY,sensing,sense,sense,2715,2711,2720,those if that makes,thanks joseph j depaolo,those if that makes sense thanks joseph j depaolo
179,2021-10-19 09:00:00,NASDAQ,2021-Q3,SBNY,seizing,invest,invest,3753,3749,3758,environment that we can,in today that s,environment that we can invest in today that s
179,2021-10-19 09:00:00,NASDAQ,2021-Q3,SBNY,sensing,sense,sense,5807,5803,5812,trying to get a,of what s coming,trying to get a sense of what s coming
179,2021-10-19 09:00:00,NASDAQ,2021-Q3,SBNY,seizing,invest,invest,7774,7770,7779,and we need to,in our people and,and we need to invest in our people and
180,2021-07-29 09:00:00,NASDAQ,2021-Q2,CHDN,seizing,invest,invest,1008,1004,1013,products through industry partnerships,capital wisely and build,products through industry partnerships invest capital wisely and build
180,2021-07-29 09:00:00,NASDAQ,2021-Q2,CHDN,transforming,transform,transform,1789,1785,1794,projects that will further,our company over the,projects that will further transform our company over the
180,2021-07-29 09:00:00,NASDAQ,2021-Q2,CHDN,seizing,invest,invest,1864,1860,1869,club we plan to,approximately million to transform,club we plan to invest approximately million to transform
180,2021-07-29 09:00:00,NASDAQ,2021-Q2,CHDN,transforming,transform,transform,1868,1864,1873,invest approximately million to,the section of the,invest approximately million to transform the section of the
180,2021-07-29 09:00:00,NASDAQ,2021-Q2,CHDN,transforming,transform,transform,1998,1994,2003,line we will also,the former first floor,line we will also transform the former first floor
180,2021-07-29 09:00:00,NASDAQ,2021-Q2,CHDN,transforming,redesign,redesign,2498,2494,2503,project involves an expansive,of the paddock area,project involves an expansive redesign of the paddock area
180,2021-07-29 09:00:00,NASDAQ,2021-Q2,CHDN,seizing,investing,investing,2830,2826,2835,potential we will be,approximately million to expand,potential we will be investing approximately million to expand
180,2021-07-29 09:00:00,NASDAQ,2021-Q2,CHDN,seizing,invest,invest,2928,2924,2933,working and we will,where things are going,working and we will invest where things are going
180,2021-07-29 09:00:00,NASDAQ,2021-Q2,CHDN,seizing,invest,invest,3094,3090,3099,a great time to,in our hometown and,a great time to invest in our hometown and
180,2021-07-29 09:00:00,NASDAQ,2021-Q2,CHDN,seizing,invest,invest,3555,3551,3560,to maintain low leverage,in organic and inorganic,to maintain low leverage invest in organic and inorganic
180,2021-07-29 09:00:00,NASDAQ,2021-Q2,CHDN,transforming,transform,transform,3698,3694,3703,that are underway to,our company and fuel,that are underway to transform our company and fuel
180,2021-07-29 09:00:00,NASDAQ,2021-Q2,CHDN,seizing,investing,investing,5184,5180,5189,unique portfolio of assets,strategically in our existing,unique portfolio of assets investing strategically in our existing
180,2021-07-29 09:00:00,NASDAQ,2021-Q2,CHDN,seizing,invest,invest,6429,6425,6434,have something working well,more in what s,have something working well invest more in what s
180,2021-07-29 09:00:00,NASDAQ,2021-Q2,CHDN,seizing,invest,invest,6452,6448,6457,to respect that and,around that so that,to respect that and invest around that so that
180,2021-07-29 09:00:00,NASDAQ,2021-Q2,CHDN,seizing,invest,invest,6733,6729,6738,for our company to,in derby city gaming,for our company to invest in derby city gaming
180,2021-07-29 09:00:00,NASDAQ,2021-Q2,CHDN,seizing,invested,invested,7181,7177,7186,followed our company and,in us over the,followed our company and invested in us over the
180,2021-07-29 09:00:00,NASDAQ,2021-Q2,CHDN,seizing,invested,invested,7548,7544,7553,a return on our,capital jordan bender macquarie,a return on our invested capital jordan bender macquarie
180,2021-07-29 09:00:00,NASDAQ,2021-Q2,CHDN,sensing,sense,sense,8413,8409,8418,the demographics that make,for that monday through,the demographics that make sense for that monday through
180,2021-07-29 09:00:00,NASDAQ,2021-Q2,CHDN,sensing,sense,sense,9238,9234,9243,susquehanna analyst that makes,and then bill i,susquehanna analyst that makes sense and then bill i
181,2021-02-11 08:30:00,NASDAQ,2020-Q4,VIRT,seizing,invest,invest,2347,2343,2352,remarks we continue to,in technology and strategies,remarks we continue to invest in technology and strategies
181,2021-02-11 08:30:00,NASDAQ,2020-Q4,VIRT,seizing,investing,investing,2366,2362,2371,have to always be,in and getting better,have to always be investing in and getting better
181,2021-02-11 08:30:00,NASDAQ,2020-Q4,VIRT,seizing,invested,invested,3161,3157,3166,for over years and,billions of dollars in,for over years and invested billions of dollars in
181,2021-02-11 08:30:00,NASDAQ,2020-Q4,VIRT,seizing,invest,invest,4334,4330,4339,that we continue to,in and we re,that we continue to invest in and we re
181,2021-02-11 08:30:00,NASDAQ,2020-Q4,VIRT,sensing,sense,sense,8426,8422,8431,don t make any,and the governor of,don t make any sense and the governor of
181,2021-02-11 08:30:00,NASDAQ,2020-Q4,VIRT,sensing,sense,sense,8509,8505,8514,doesn t make any,on a federal level,doesn t make any sense on a federal level
181,2021-02-11 08:30:00,NASDAQ,2020-Q4,VIRT,seizing,invested,invested,9007,9003,9012,improvement there the exchanges,a lot of money,improvement there the exchanges invested a lot of money
181,2021-02-11 08:30:00,NASDAQ,2020-Q4,VIRT,seizing,invest,invest,9083,9079,9088,we ve had to,in our systems to,we ve had to invest in our systems to
181,2021-02-11 08:30:00,NASDAQ,2020-Q4,VIRT,sensing,shape,shape,9387,9383,9392,re in very good,kaimon chung evercore isi,re in very good shape kaimon chung evercore isi
181,2021-02-11 08:30:00,NASDAQ,2020-Q4,VIRT,sensing,sense,sense,9616,9612,9621,a lot of economic,i m all about,a lot of economic sense i m all about
181,2021-02-11 08:30:00,NASDAQ,2020-Q4,VIRT,seizing,invest,invest,9951,9947,9956,re really going to,in technologies and so,re really going to invest in technologies and so
182,2021-01-27 16:30:00,NYSE,2020-Q4,SYK,sensing,shape,shape,5033,5029,5038,we re in great,with that business operator,we re in great shape with that business operator
182,2021-01-27 16:30:00,NYSE,2020-Q4,SYK,seizing,invested,invested,6772,6768,6777,that wright has previously,in are complementary really,that wright has previously invested in are complementary really
183,2021-02-23 04:30:00,NYSE,2020-Q4,IHG,sensing,sense,sense,716,712,721,evolved purpose and a,of clear strategic priorities,evolved purpose and a sense of clear strategic priorities
183,2021-02-23 04:30:00,NYSE,2020-Q4,IHG,sensing,shape,shape,1196,1192,1201,looking now at the,of our performance over,looking now at the shape of our performance over
183,2021-02-23 04:30:00,NYSE,2020-Q4,IHG,sensing,senses,senses,2375,2371,2380,kimpton regent and six,have further enhanced our,kimpton regent and six senses have further enhanced our
183,2021-02-23 04:30:00,NYSE,2020-Q4,IHG,seizing,invest,invest,2801,2797,2806,ensuring we continue to,in growth initiatives that,ensuring we continue to invest in growth initiatives that
183,2021-02-23 04:30:00,NYSE,2020-Q4,IHG,seizing,investing,investing,2835,2831,2840,we remain committed to,in our growth initiatives,we remain committed to investing in our growth initiatives
183,2021-02-23 04:30:00,NYSE,2020-Q4,IHG,seizing,investing,investing,2842,2838,2847,growth initiatives which included,behind our newer brands,growth initiatives which included investing behind our newer brands
183,2021-02-23 04:30:00,NYSE,2020-Q4,IHG,seizing,invest,invest,3001,2997,3006,our balance sheet to,in growth opportunities including,our balance sheet to invest in growth opportunities including
183,2021-02-23 04:30:00,NYSE,2020-Q4,IHG,seizing,invest,invest,3025,3021,3030,we expect in to,net capex of around,we expect in to invest net capex of around
183,2021-02-23 04:30:00,NYSE,2020-Q4,IHG,seizing,invested,invested,3856,3852,3861,to our portfolio and,in our existing brands,to our portfolio and invested in our existing brands
183,2021-02-23 04:30:00,NYSE,2020-Q4,IHG,seizing,invest,invest,4319,4315,4324,and we continue to,in it to ensure,and we continue to invest in it to ensure
183,2021-02-23 04:30:00,NYSE,2020-Q4,IHG,sensing,senses,senses,5024,5020,5029,seven properties for six,including in italy japan,seven properties for six senses including in italy japan
183,2021-02-23 04:30:00,NYSE,2020-Q4,IHG,seizing,investing,investing,6113,6109,6118,crucial that we keep,in our culture so,crucial that we keep investing in our culture so
183,2021-02-23 04:30:00,NYSE,2020-Q4,IHG,seizing,invest,invest,6558,6554,6563,we also continued to,in the business for,we also continued to invest in the business for
183,2021-02-23 04:30:00,NYSE,2020-Q4,IHG,sensing,shape,shape,6572,6568,6577,of attribute pricing the,of the recovery thus,of attribute pricing the shape of the recovery thus
183,2021-02-23 04:30:00,NYSE,2020-Q4,IHG,seizing,invest,invest,7195,7191,7200,continue to sign and,in ihg brands accelerating,continue to sign and invest in ihg brands accelerating
183,2021-02-23 04:30:00,NYSE,2020-Q4,IHG,sensing,shape,shape,7744,7740,7749,just based on the,of the trading across,just based on the shape of the trading across
183,2021-02-23 04:30:00,NYSE,2020-Q4,IHG,seizing,invest,invest,9296,9292,9301,said we always will,into the business so,said we always will invest into the business so
183,2021-02-23 04:30:00,NYSE,2020-Q4,IHG,seizing,invest,invest,9316,9312,9321,next few years to,a little bit more,next few years to invest a little bit more
183,2021-02-23 04:30:00,NYSE,2020-Q4,IHG,seizing,investing,investing,11913,11909,11918,cost savings are while,for growth do you,cost savings are while investing for growth do you
183,2021-02-23 04:30:00,NYSE,2020-Q4,IHG,seizing,investing,investing,12343,12339,12348,s the cost the,for growth was sort,s the cost the investing for growth was sort
183,2021-02-23 04:30:00,NYSE,2020-Q4,IHG,seizing,investing,investing,12422,12418,12427,of those we re,on p l a,of those we re investing on p l a
183,2021-02-23 04:30:00,NYSE,2020-Q4,IHG,sensing,senses,senses,12552,12548,12557,launching conversions in six,and we have intercontinentals,launching conversions in six senses and we have intercontinentals
183,2021-02-23 04:30:00,NYSE,2020-Q4,IHG,sensing,shape,shape,12663,12659,12668,little bit around the,of your owner base,little bit around the shape of your owner base
183,2021-02-23 04:30:00,NYSE,2020-Q4,IHG,sensing,senses,senses,13481,13477,13486,voco avid atwell six,etc etc to stimulate,voco avid atwell six senses etc etc to stimulate
183,2021-02-23 04:30:00,NYSE,2020-Q4,IHG,sensing,senses,senses,13551,13547,13556,segment seven amazing six,hotels taking kimpton to,segment seven amazing six senses hotels taking kimpton to
183,2021-02-23 04:30:00,NYSE,2020-Q4,IHG,seizing,invest,invest,13615,13611,13620,they re continuing to,into some very very,they re continuing to invest into some very very
183,2021-02-23 04:30:00,NYSE,2020-Q4,IHG,sensing,senses,senses,13741,13737,13746,i think that six,especially was a great,i think that six senses especially was a great
183,2021-02-23 04:30:00,NYSE,2020-Q4,IHG,sensing,senses,senses,13865,13861,13870,we ve added six,we ve taken kimpton,we ve added six senses we ve taken kimpton
183,2021-02-23 04:30:00,NYSE,2020-Q4,IHG,sensing,sense,sense,13912,13908,13917,inorganic if it makes,for shareholders but right,inorganic if it makes sense for shareholders but right
184,2022-03-01 07:30:00,NYSE,2021-Q4,SE,seizing,invested,invested,325,321,330,and communities we have,with vision and efficiency,and communities we have invested with vision and efficiency
184,2022-03-01 07:30:00,NYSE,2021-Q4,SE,seizing,invest,invest,565,561,570,plan to continue to,in shopee and seamoney,plan to continue to invest in shopee and seamoney
184,2022-03-01 07:30:00,NYSE,2021-Q4,SE,seizing,invest,invest,600,596,605,which we intend to,into the growth of,which we intend to invest into the growth of
184,2022-03-01 07:30:00,NYSE,2021-Q4,SE,seizing,invest,invest,753,749,758,we will continue to,in shopee lat am,we will continue to invest in shopee lat am
184,2022-03-01 07:30:00,NYSE,2021-Q4,SE,seizing,investing,investing,790,786,795,strongly believe that by,prudently and sustainably in,strongly believe that by investing prudently and sustainably in
184,2022-03-01 07:30:00,NYSE,2021-Q4,SE,seizing,invest,invest,1048,1044,1053,and we aim to,in deepening this advantage,and we aim to invest in deepening this advantage
184,2022-03-01 07:30:00,NYSE,2021-Q4,SE,seizing,investing,investing,2019,2015,2024,we remain committed to,in content in free,we remain committed to investing in content in free
184,2022-03-01 07:30:00,NYSE,2021-Q4,SE,seizing,invest,invest,2339,2335,2344,to actively acquire and,in top talent and,to actively acquire and invest in top talent and
184,2022-03-01 07:30:00,NYSE,2021-Q4,SE,sensing,shaping,shaping,2434,2430,2439,a vital role in,the virtual experiences of,a vital role in shaping the virtual experiences of
184,2022-03-01 07:30:00,NYSE,2021-Q4,SE,seizing,investing,investing,4127,4123,4132,remain committed to continue,in a prudent and,remain committed to continue investing in a prudent and
184,2022-03-01 07:30:00,NYSE,2021-Q4,SE,seizing,investing,investing,6868,6864,6873,the cash yield by,into a shortened time,the cash yield by investing into a shortened time
184,2022-03-01 07:30:00,NYSE,2021-Q4,SE,seizing,investing,investing,7092,7088,7097,time we have been,globally into strong development,time we have been investing globally into strong development
185,2021-05-12 17:00:00,NYSE,2021-Q1,AMWL,seizing,invest,invest,7474,7470,7479,we need to always,and improve part of,we need to always invest and improve part of
185,2021-05-12 17:00:00,NYSE,2021-Q1,AMWL,seizing,invest,invest,9149,9145,9154,company and we may,in a new opportunity,company and we may invest in a new opportunity
185,2021-05-12 17:00:00,NYSE,2021-Q1,AMWL,sensing,sense,sense,11569,11565,11574,have made as much,now it s actually,have made as much sense now it s actually
186,2020-06-10 11:00:00,NYSE,2020-Q3,IRS,sensing,shape,shape,4639,4635,4644,we are in good,so regarding the credit,we are in good shape so regarding the credit
186,2020-06-10 11:00:00,NYSE,2020-Q3,IRS,sensing,sense,sense,5427,5423,5432,that make really make,to sustain for a,that make really make sense to sustain for a
187,2021-04-28 08:00:00,NASDAQ,2021-Q1,SIRI,seizing,invest,invest,1099,1095,1104,we will continue to,in these efforts continuing,we will continue to invest in these efforts continuing
187,2021-04-28 08:00:00,NASDAQ,2021-Q1,SIRI,seizing,investing,investing,2011,2007,2016,from a volatile year,in new content while,from a volatile year investing in new content while
188,2021-02-23 17:00:00,NYSE,2020-Q4,SQ,seizing,invest,invest,1221,1217,1226,give us confidence to,for the long term,give us confidence to invest for the long term
188,2021-02-23 17:00:00,NYSE,2020-Q4,SQ,seizing,invested,invested,1407,1403,1412,a year that we,in our business and,a year that we invested in our business and
188,2021-02-23 17:00:00,NYSE,2020-Q4,SQ,seizing,invested,invested,1419,1415,1424,with compelling returns we,in our customers in,with compelling returns we invested in our customers in
188,2021-02-23 17:00:00,NYSE,2020-Q4,SQ,seizing,invested,invested,1466,1462,1471,it most we also,in our business by,it most we also invested in our business by
188,2021-02-23 17:00:00,NYSE,2020-Q4,SQ,seizing,investing,investing,2304,2300,2309,finally in we are,for long term profitable,finally in we are investing for long term profitable
188,2021-02-23 17:00:00,NYSE,2020-Q4,SQ,seizing,invest,invest,2345,2341,2350,intend on continuing to,where we see attractive,intend on continuing to invest where we see attractive
188,2021-02-23 17:00:00,NYSE,2020-Q4,SQ,seizing,investing,investing,2618,2614,2623,we plan to continue,behind these strong returns,we plan to continue investing behind these strong returns
188,2021-02-23 17:00:00,NYSE,2020-Q4,SQ,seizing,invest,invest,2667,2663,2672,and are eager to,behind the compelling returns,and are eager to invest behind the compelling returns
188,2021-02-23 17:00:00,NYSE,2020-Q4,SQ,seizing,investing,investing,2756,2752,2761,priorities if you re,a lot it seems,priorities if you re investing a lot it seems
188,2021-02-23 17:00:00,NYSE,2020-Q4,SQ,sensing,sense,sense,2763,2759,2768,it seems to make,here are you prioritizing,it seems to make sense here are you prioritizing
188,2021-02-23 17:00:00,NYSE,2020-Q4,SQ,seizing,invest,invest,3018,3014,3023,continue to want to,in both areas so,continue to want to invest in both areas so
188,2021-02-23 17:00:00,NYSE,2020-Q4,SQ,seizing,invest,invest,3030,3026,3035,we re planning to,million to million in,we re planning to invest million to million in
188,2021-02-23 17:00:00,NYSE,2020-Q4,SQ,seizing,invest,invest,4198,4194,4203,opportunity to continue to,against the larger ecosystem,opportunity to continue to invest against the larger ecosystem
188,2021-02-23 17:00:00,NYSE,2020-Q4,SQ,seizing,investing,investing,4333,4329,4338,we ll be increasingly,in to drive further,we ll be increasingly investing in to drive further
188,2021-02-23 17:00:00,NYSE,2020-Q4,SQ,seizing,invest,invest,4407,4403,4412,use cash app to,in stocks and bitcoin,use cash app to invest in stocks and bitcoin
188,2021-02-23 17:00:00,NYSE,2020-Q4,SQ,seizing,investing,investing,4439,4435,4444,for customers in its,products for example adding,for customers in its investing products for example adding
188,2021-02-23 17:00:00,NYSE,2020-Q4,SQ,seizing,invest,invest,8262,8258,8267,ecosystems we plan to,directly about of that,ecosystems we plan to invest directly about of that
188,2021-02-23 17:00:00,NYSE,2020-Q4,SQ,seizing,invest,invest,8380,8376,8385,that we want to,but as you think,that we want to invest but as you think
189,2022-02-16 17:30:00,NASDAQ,2021-Q4,EQIX,seizing,invested,invested,2734,2730,2739,the marketplace we ve,heavily in a sophisticated,the marketplace we ve invested heavily in a sophisticated
189,2022-02-16 17:30:00,NASDAQ,2021-Q4,EQIX,seizing,invested,invested,3549,3545,3554,the gross pp e,and please refer to,the gross pp e invested and please refer to
189,2022-02-16 17:30:00,NASDAQ,2021-Q4,EQIX,transforming,transforming,transforming,3890,3886,3895,company by scaling and,our data center business,company by scaling and transforming our data center business
189,2022-02-16 17:30:00,NASDAQ,2021-Q4,EQIX,seizing,invested,invested,4864,4860,4869,we really we ve,heavily over the last,we really we ve invested heavily over the last
190,2021-05-06 10:00:00,NYSE,2021-Q1,CARS,seizing,invested,invested,2555,2551,2560,as alex mentioned we,in brand advertising in,as alex mentioned we invested in brand advertising in
190,2021-05-06 10:00:00,NYSE,2021-Q1,CARS,seizing,invest,invest,3107,3103,3112,financial flexibility to thoughtfully,in the business and,financial flexibility to thoughtfully invest in the business and
190,2021-05-06 10:00:00,NYSE,2021-Q1,CARS,seizing,invest,invest,3118,3114,3123,we will continue to,in the business to,we will continue to invest in the business to
190,2021-05-06 10:00:00,NYSE,2021-Q1,CARS,seizing,invest,invest,4365,4361,4370,are shifting more to,in digital technologies and,are shifting more to invest in digital technologies and
190,2021-05-06 10:00:00,NYSE,2021-Q1,CARS,sensing,sense,sense,4882,4878,4887,there in that makes,not trying to short,there in that makes sense not trying to short
190,2021-05-06 10:00:00,NYSE,2021-Q1,CARS,sensing,sense,sense,6317,6313,6322,speaker yes yes makes,you talked about or,speaker yes yes makes sense you talked about or
191,2020-01-30 08:30:00,NYSE,2020-Q2,CACI,seizing,investing,investing,853,849,858,mission business customers are,heavily in signals intelligence,mission business customers are investing heavily in signals intelligence
191,2020-01-30 08:30:00,NYSE,2020-Q2,CACI,seizing,invest,invest,901,897,906,needs we continue to,for future growth we,needs we continue to invest for future growth we
191,2020-01-30 08:30:00,NYSE,2020-Q2,CACI,seizing,investing,investing,970,966,975,and we re consistently,in our leadership and,and we re consistently investing in our leadership and
191,2020-01-30 08:30:00,NYSE,2020-Q2,CACI,sensing,sense,sense,2316,2312,2321,makes a lot of,tom on the free,makes a lot of sense tom on the free
191,2020-01-30 08:30:00,NYSE,2020-Q2,CACI,sensing,sense,sense,2610,2606,2615,and give us a,on the upcoming election,and give us a sense on the upcoming election
191,2020-01-30 08:30:00,NYSE,2020-Q2,CACI,sensing,sense,sense,3120,3116,3125,you give us a,of what s in,you give us a sense of what s in
191,2020-01-30 08:30:00,NYSE,2020-Q2,CACI,seizing,investing,investing,4470,4466,4475,relatively inexpensive rates and,in the business for,relatively inexpensive rates and investing in the business for
191,2020-01-30 08:30:00,NYSE,2020-Q2,CACI,seizing,investing,investing,4884,4880,4889,a company that s,far more internally to,a company that s investing far more internally to
191,2020-01-30 08:30:00,NYSE,2020-Q2,CACI,seizing,invest,invest,4910,4906,4915,i would much rather,if we see that,i would much rather invest if we see that
191,2020-01-30 08:30:00,NYSE,2020-Q2,CACI,seizing,invest,invest,6095,6091,6100,i ll continue to,when the odds favor,i ll continue to invest when the odds favor
191,2020-01-30 08:30:00,NYSE,2020-Q2,CACI,seizing,investing,investing,6344,6340,6349,margin because we re,ahead of customer need,margin because we re investing ahead of customer need
191,2020-01-30 08:30:00,NYSE,2020-Q2,CACI,seizing,invest,invest,7161,7157,7166,that we continue to,ahead of needs and,that we continue to invest ahead of needs and
191,2020-01-30 08:30:00,NYSE,2020-Q2,CACI,sensing,shape,shape,7967,7963,7972,it takes to go,the right deals that,it takes to go shape the right deals that
191,2020-01-30 08:30:00,NYSE,2020-Q2,CACI,sensing,sense,sense,7973,7969,7978,right deals that make,for our customer set,right deals that make sense for our customer set
191,2020-01-30 08:30:00,NYSE,2020-Q2,CACI,sensing,shaping,shaping,8950,8946,8955,so we re actually,customers we have quite,so we re actually shaping customers we have quite
191,2020-01-30 08:30:00,NYSE,2020-Q2,CACI,sensing,shaping,shaping,9275,9271,9280,an outstanding job with,customers and so what,an outstanding job with shaping customers and so what
191,2020-01-30 08:30:00,NYSE,2020-Q2,CACI,sensing,shaping,shaping,9283,9279,9288,what we mean by,isn t directing customers,what we mean by shaping isn t directing customers
191,2020-01-30 08:30:00,NYSE,2020-Q2,CACI,seizing,invest,invest,9508,9504,9513,is let s internally,and those investments are,is let s internally invest and those investments are
192,2021-05-12 17:00:00,NASDAQ,2021-Q1,FOSL,transforming,transform,transform,941,937,946,the infrastructure needed to,our business model our,the infrastructure needed to transform our business model our
192,2021-05-12 17:00:00,NASDAQ,2021-Q1,FOSL,seizing,invest,invest,2435,2431,2440,will enable us to,in our digital first,will enable us to invest in our digital first
192,2021-05-12 17:00:00,NASDAQ,2021-Q1,FOSL,seizing,invest,invest,2707,2703,2712,future we continue to,in digital capabilities and,future we continue to invest in digital capabilities and
192,2021-05-12 17:00:00,NASDAQ,2021-Q1,FOSL,transforming,transform,transform,2736,2732,2741,operating margin as we,our business model to,operating margin as we transform our business model to
192,2021-05-12 17:00:00,NASDAQ,2021-Q1,FOSL,seizing,investing,investing,3652,3648,3657,case that we re,behind now let me,case that we re investing behind now let me
193,2021-11-04 08:30:00,NASDAQ,2021-Q3,GOGO,seizing,invest,invest,1065,1061,1070,flow enabling us to,in improving our network,flow enabling us to invest in improving our network
193,2021-11-04 08:30:00,NASDAQ,2021-Q3,GOGO,seizing,invest,invest,1717,1713,1722,importantly we continue to,in strengthening each of,importantly we continue to invest in strengthening each of
193,2021-11-04 08:30:00,NASDAQ,2021-Q3,GOGO,seizing,invested,invested,2729,2725,2734,our distribution partners are,in gogo and they,our distribution partners are invested in gogo and they
193,2021-11-04 08:30:00,NASDAQ,2021-Q3,GOGO,seizing,invest,invest,3783,3779,3788,flow that we can,in enhancing our network,flow that we can invest in enhancing our network
193,2021-11-04 08:30:00,NASDAQ,2021-Q3,GOGO,seizing,investing,investing,6055,6051,6060,level third is strategically,in our business in,level third is strategically investing in our business in
193,2021-11-04 08:30:00,NASDAQ,2021-Q3,GOGO,sensing,shape,shape,6968,6964,6973,are in very good,we have secured all,are in very good shape we have secured all
193,2021-11-04 08:30:00,NASDAQ,2021-Q3,GOGO,seizing,invest,invest,8215,8211,8220,it to us to,in driving the conversion,it to us to invest in driving the conversion
193,2021-11-04 08:30:00,NASDAQ,2021-Q3,GOGO,seizing,invest,invest,8599,8595,8604,as we continue to,in the gogo g,as we continue to invest in the gogo g
193,2021-11-04 08:30:00,NASDAQ,2021-Q3,GOGO,sensing,sense,sense,10193,10189,10198,it didn t make,to do marketing during,it didn t make sense to do marketing during
193,2021-11-04 08:30:00,NASDAQ,2021-Q3,GOGO,seizing,invest,invest,10263,10259,10268,but secondly as we,in marketing and promoting,but secondly as we invest in marketing and promoting
194,2021-02-16 09:00:00,NASDAQ,2020-Q4,SABR,seizing,seize,seize,1743,1739,1748,are enabling sabre to,opportunities created by emerging,are enabling sabre to seize opportunities created by emerging
194,2021-02-16 09:00:00,NASDAQ,2020-Q4,SABR,seizing,investing,investing,2042,2038,2047,moldova we ve been,in radixx to expand,moldova we ve been investing in radixx to expand
194,2021-02-16 09:00:00,NASDAQ,2020-Q4,SABR,sensing,shape,shape,4599,4595,4604,we re in good,it s included in,we re in good shape it s included in
194,2021-02-16 09:00:00,NASDAQ,2020-Q4,SABR,seizing,invest,invest,6169,6165,6174,if we continue to,in the tech transformation,if we continue to invest in the tech transformation
194,2021-02-16 09:00:00,NASDAQ,2020-Q4,SABR,sensing,shape,shape,6504,6500,6509,do with the structural,of the market in,do with the structural shape of the market in
194,2021-02-16 09:00:00,NASDAQ,2020-Q4,SABR,sensing,shape,shape,6616,6612,6621,into what is the,of recovery and i,into what is the shape of recovery and i
195,2021-03-04 08:30:00,NASDAQ,2020-Q4,SDGR,seizing,invest,invest,862,858,867,plan to continue to,heavily in the underlying,plan to continue to invest heavily in the underlying
195,2021-03-04 08:30:00,NASDAQ,2020-Q4,SDGR,seizing,investing,investing,923,919,928,computational platform we are,in our internal discovery,computational platform we are investing in our internal discovery
195,2021-03-04 08:30:00,NASDAQ,2020-Q4,SDGR,transforming,transforming,transforming,2927,2923,2932,exceptional team committed to,the way therapeutics and,exceptional team committed to transforming the way therapeutics and
195,2021-03-04 08:30:00,NASDAQ,2020-Q4,SDGR,seizing,investing,investing,3434,3430,3439,areas and we re,to capitalize on that,areas and we re investing to capitalize on that
195,2021-03-04 08:30:00,NASDAQ,2020-Q4,SDGR,seizing,invest,invest,5262,5258,5267,continue to very aggressively,in that platform maintain,continue to very aggressively invest in that platform maintain
195,2021-03-04 08:30:00,NASDAQ,2020-Q4,SDGR,seizing,investing,investing,6725,6721,6730,do plan to be,in sales and marketing,do plan to be investing in sales and marketing
196,2022-03-01 11:00:00,NYSE,2021-Q4,HGV,sensing,sense,sense,842,838,847,re moving with a,of urgency toward the,re moving with a sense of urgency toward the
196,2022-03-01 11:00:00,NYSE,2021-Q4,HGV,seizing,invest,invest,2804,2800,2809,we ll continue to,in driving new buyer,we ll continue to invest in driving new buyer
196,2022-03-01 11:00:00,NYSE,2021-Q4,HGV,transforming,transform,transform,7764,7760,7769,we re going to,sales centers this year,we re going to transform sales centers this year
197,2021-02-10 09:00:00,NYSE,2020-Q4,TWO,sensing,sense,sense,5066,5062,5071,it makes the most,to add hedges right,it makes the most sense to add hedges right
197,2021-02-10 09:00:00,NYSE,2020-Q4,TWO,sensing,sense,sense,5399,5395,5404,you give us some,or just some kind,you give us some sense or just some kind
198,2021-11-10 17:00:00,NYSE,2021-Q3,MAX,seizing,invest,invest,566,562,571,an enviable position to,in growth as others,an enviable position to invest in growth as others
198,2021-11-10 17:00:00,NYSE,2021-Q3,MAX,seizing,seize,seize,733,729,738,ever and ready to,the opportunities ahead with,ever and ready to seize the opportunities ahead with
198,2021-11-10 17:00:00,NYSE,2021-Q3,MAX,sensing,sense,sense,1007,1003,1012,quickly and it makes,when you think about,quickly and it makes sense when you think about
199,2021-08-05 17:00:00,NASDAQ,2021-Q2,TPIC,sensing,sense,sense,3788,3784,3793,give us just a,of the split between,give us just a sense of the split between
200,2021-03-30 16:30:00,NASDAQ,2020-Q4,LULU,seizing,investing,investing,1740,1736,1745,category and franchise shops,in our product details,category and franchise shops investing in our product details
200,2021-03-30 16:30:00,NASDAQ,2020-Q4,LULU,seizing,investing,investing,1822,1818,1827,and we will keep,to scale our foundation,and we will keep investing to scale our foundation
200,2021-03-30 16:30:00,NASDAQ,2020-Q4,LULU,seizing,invest,invest,2609,2605,2614,plan to continue to,further into this advantage,plan to continue to invest further into this advantage
200,2021-03-30 16:30:00,NASDAQ,2020-Q4,LULU,seizing,investing,investing,2626,2622,2631,workout options while also,in the overall guest,workout options while also investing in the overall guest
200,2021-03-30 16:30:00,NASDAQ,2020-Q4,LULU,seizing,invest,invest,2868,2864,2873,the opportunity to strategically,in the business further,the opportunity to strategically invest in the business further
200,2021-03-30 16:30:00,NASDAQ,2020-Q4,LULU,seizing,investing,investing,4187,4183,4192,strategic decision to continue,in innovation and building,strategic decision to continue investing in innovation and building
200,2021-03-30 16:30:00,NASDAQ,2020-Q4,LULU,seizing,invest,invest,4568,4564,4573,ensuring we continue to,in our long term,ensuring we continue to invest in our long term
200,2021-03-30 16:30:00,NASDAQ,2020-Q4,LULU,seizing,invest,invest,5386,5382,5391,we re going to,into the current category,we re going to invest into the current category
200,2021-03-30 16:30:00,NASDAQ,2020-Q4,LULU,seizing,invest,invest,5904,5900,5909,the strategic decision to,more than initially anticipated,the strategic decision to invest more than initially anticipated
200,2021-03-30 16:30:00,NASDAQ,2020-Q4,LULU,seizing,invest,invest,6357,6353,6362,this the ability to,now in the content,this the ability to invest now in the content
200,2021-03-30 16:30:00,NASDAQ,2020-Q4,LULU,seizing,invest,invest,6469,6465,6474,we re going to,behind the momentum we,we re going to invest behind the momentum we
200,2021-03-30 16:30:00,NASDAQ,2020-Q4,LULU,sensing,sense,sense,6699,6695,6704,maybe give us a,of what if anything,maybe give us a sense of what if anything
200,2021-03-30 16:30:00,NASDAQ,2020-Q4,LULU,seizing,investing,investing,6788,6784,6793,and really geared toward,into that business to,and really geared toward investing into that business to
200,2021-03-30 16:30:00,NASDAQ,2020-Q4,LULU,sensing,shape,shape,6839,6835,6844,we re in good,to meet that plan,we re in good shape to meet that plan
200,2021-03-30 16:30:00,NASDAQ,2020-Q4,LULU,seizing,investing,investing,6976,6972,6981,and opportunities to keep,in innovation investing in,and opportunities to keep investing in innovation investing in
200,2021-03-30 16:30:00,NASDAQ,2020-Q4,LULU,seizing,investing,investing,6979,6975,6984,keep investing in innovation,in growth mirror is,keep investing in innovation investing in growth mirror is
200,2021-03-30 16:30:00,NASDAQ,2020-Q4,LULU,seizing,invest,invest,6999,6995,7004,we re choosing to,in a business that,we re choosing to invest in a business that
200,2021-03-30 16:30:00,NASDAQ,2020-Q4,LULU,seizing,invest,invest,7038,7034,7043,opportunities for us to,in we are very,opportunities for us to invest in we are very
200,2021-03-30 16:30:00,NASDAQ,2020-Q4,LULU,seizing,investing,investing,7123,7119,7128,market and we keep,in that market local,market and we keep investing in that market local
200,2021-03-30 16:30:00,NASDAQ,2020-Q4,LULU,seizing,invest,invest,7740,7736,7745,drive that opportunity to,into the mirror so,drive that opportunity to invest into the mirror so
200,2021-03-30 16:30:00,NASDAQ,2020-Q4,LULU,seizing,investing,investing,8705,8701,8710,on store openings and,behind digital the store,on store openings and investing behind digital the store
201,2021-03-25 08:30:00,OTC,2020-Q4,CWBHF,seizing,investing,investing,768,764,773,leading e commerce business,in the platform and,leading e commerce business investing in the platform and
201,2021-03-25 08:30:00,OTC,2020-Q4,CWBHF,sensing,sense,sense,5389,5385,5394,cbd industry but your,of this being a,cbd industry but your sense of this being a
201,2021-03-25 08:30:00,OTC,2020-Q4,CWBHF,seizing,invest,invest,7193,7189,7198,we will continue to,in pet we ve,we will continue to invest in pet we ve
201,2021-03-25 08:30:00,OTC,2020-Q4,CWBHF,sensing,sense,sense,7874,7870,7879,makes a lot of,thank you and then,makes a lot of sense thank you and then
202,2021-08-09 09:00:00,NYSE,2021-Q2,TGNA,seizing,invest,invest,2674,2670,2679,we are continuing to,in premion s market,we are continuing to invest in premion s market
202,2021-08-09 09:00:00,NYSE,2021-Q2,TGNA,sensing,shaping,shaping,8007,8003,8012,on how this is,up versus and do,on how this is shaping up versus and do
203,2021-01-12 08:00:00,NASDAQ,2021-Q1,OGI,seizing,invest,invest,2210,2206,2215,margins we continue to,in automation to drive,margins we continue to invest in automation to drive
203,2021-01-12 08:00:00,NASDAQ,2021-Q1,OGI,seizing,invested,invested,5864,5860,5869,we ve developed and,we believe there are,we ve developed and invested we believe there are
203,2021-01-12 08:00:00,NASDAQ,2021-Q1,OGI,sensing,sense,sense,7243,7239,7248,can you give any,directionally in terms of,can you give any sense directionally in terms of
203,2021-01-12 08:00:00,NASDAQ,2021-Q1,OGI,transforming,revamping,revamping,7774,7770,7779,ocs in terms of,our portfolio switching our,ocs in terms of revamping our portfolio switching our
203,2021-01-12 08:00:00,NASDAQ,2021-Q1,OGI,sensing,sense,sense,8032,8028,8037,wanted to get a,of how you feel,wanted to get a sense of how you feel
203,2021-01-12 08:00:00,NASDAQ,2021-Q1,OGI,sensing,sense,sense,8330,8326,8335,like to get a,of what you d,like to get a sense of what you d
204,2020-08-06 11:00:00,NYSE,2020-Q2,CF,seizing,invest,invest,1702,1698,1707,we ll continue to,in our assets to,we ll continue to invest in our assets to
204,2020-08-06 11:00:00,NYSE,2020-Q2,CF,sensing,sense,sense,3045,3041,3050,wanted to get your,in terms of how,wanted to get your sense in terms of how
204,2020-08-06 11:00:00,NYSE,2020-Q2,CF,sensing,sense,sense,3901,3897,3906,it makes all the,in the world for,it makes all the sense in the world for
204,2020-08-06 11:00:00,NYSE,2020-Q2,CF,sensing,sense,sense,6001,5997,6006,area that just made,and there was an,area that just made sense and there was an
204,2020-08-06 11:00:00,NYSE,2020-Q2,CF,sensing,sense,sense,6103,6099,6108,sul did not make,so shutting them down,sul did not make sense so shutting them down
204,2020-08-06 11:00:00,NYSE,2020-Q2,CF,sensing,sense,sense,6483,6479,6488,that doesn t make,because the price of,that doesn t make sense because the price of
205,2021-03-24 10:00:00,NYSE,2021-Q2,WGO,seizing,investing,investing,2475,2471,2480,communicated in the past,in our businesses to,communicated in the past investing in our businesses to
205,2021-03-24 10:00:00,NYSE,2021-Q2,WGO,seizing,invested,invested,3052,3048,3057,of capital is being,currently and will likely,of capital is being invested currently and will likely
205,2021-03-24 10:00:00,NYSE,2021-Q2,WGO,sensing,sense,sense,3517,3513,3522,are correct in the,that most of the,are correct in the sense that most of the
205,2021-03-24 10:00:00,NYSE,2021-Q2,WGO,sensing,sense,sense,5925,5921,5930,maybe give us a,of if you re,maybe give us a sense of if you re
205,2021-03-24 10:00:00,NYSE,2021-Q2,WGO,sensing,sense,sense,6592,6588,6597,up if that makes,michael happe president and,up if that makes sense michael happe president and
205,2021-03-24 10:00:00,NYSE,2021-Q2,WGO,seizing,investing,investing,7313,7309,7318,that you guys are,in but you do,that you guys are investing in but you do
205,2021-03-24 10:00:00,NYSE,2021-Q2,WGO,seizing,invest,invest,7873,7869,7878,of their desire to,in experiences versus solely,of their desire to invest in experiences versus solely
205,2021-03-24 10:00:00,NYSE,2021-Q2,WGO,sensing,sense,sense,9696,9692,9701,makes a lot of,and it s helpful,makes a lot of sense and it s helpful
206,2020-08-07 08:30:00,NYSE,2020-Q2,CCO,seizing,invested,invested,1683,1679,1688,relationships with brand owners,in tools to aid,relationships with brand owners invested in tools to aid
206,2020-08-07 08:30:00,NYSE,2020-Q2,CCO,seizing,invest,invest,2966,2962,2971,we did continue to,in digital in key,we did continue to invest in digital in key
206,2020-08-07 08:30:00,NYSE,2020-Q2,CCO,seizing,invest,invest,4727,4723,4732,worthy in order to,a whole lot of,worthy in order to invest a whole lot of
206,2020-08-07 08:30:00,NYSE,2020-Q2,CCO,sensing,sense,sense,4971,4967,4976,you give us a,of cash burn as,you give us a sense of cash burn as
206,2020-08-07 08:30:00,NYSE,2020-Q2,CCO,sensing,sense,sense,5392,5388,5397,you give us a,of the fixed versus,you give us a sense of the fixed versus
206,2020-08-07 08:30:00,NYSE,2020-Q2,CCO,sensing,sense,sense,5932,5928,5937,the contrary in a,i think the momentum,the contrary in a sense i think the momentum
206,2020-08-07 08:30:00,NYSE,2020-Q2,CCO,sensing,sense,sense,8031,8027,8036,and company analyst makes,and one quick last,and company analyst makes sense and one quick last
206,2020-08-07 08:30:00,NYSE,2020-Q2,CCO,sensing,sense,sense,8879,8875,8884,strike deals that make,for both parties as,strike deals that make sense for both parties as
206,2020-08-07 08:30:00,NYSE,2020-Q2,CCO,sensing,sense,sense,9780,9776,9785,would be in any,a permanent state have,would be in any sense a permanent state have
207,2019-07-25 09:00:00,NYSE,2019-Q2,GPI,seizing,invested,invested,1999,1995,2004,another million that was,in our floor plan,another million that was invested in our floor plan
207,2019-07-25 09:00:00,NYSE,2019-Q2,GPI,sensing,sense,sense,3820,3816,3825,just give us a,of the magnitude and,just give us a sense of the magnitude and
208,2021-07-27 08:30:00,NYSE,2021-Q2,RTX,seizing,invest,invest,264,260,269,all while continuing to,in our businesses and,all while continuing to invest in our businesses and
208,2021-07-27 08:30:00,NYSE,2021-Q2,RTX,seizing,invested,invested,1091,1087,1096,neo nacelle we ve,in lean events such,neo nacelle we ve invested in lean events such
208,2021-07-27 08:30:00,NYSE,2021-Q2,RTX,sensing,sensing,sensing,2159,2155,2164,airborne isr program within,and effects as well,airborne isr program within sensing and effects as well
208,2021-07-27 08:30:00,NYSE,2021-Q2,RTX,sensing,shape,shape,2615,2611,2620,many times before the,of the commercial recovery,many times before the shape of the commercial recovery
208,2021-07-27 08:30:00,NYSE,2021-Q2,RTX,seizing,investing,investing,3145,3141,3150,most complex problems by,in differentiated technologies to,most complex problems by investing in differentiated technologies to
208,2021-07-27 08:30:00,NYSE,2021-Q2,RTX,seizing,investing,investing,7147,7143,7152,steve timm talk about,about of sales over,steve timm talk about investing about of sales over
208,2021-07-27 08:30:00,NYSE,2021-Q2,RTX,seizing,invest,invest,7168,7164,7173,we re poised to,about billion of our,we re poised to invest about billion of our
208,2021-07-27 08:30:00,NYSE,2021-Q2,RTX,seizing,investing,investing,8597,8593,8602,to stop folks from,in r d as,to stop folks from investing in r d as
208,2021-07-27 08:30:00,NYSE,2021-Q2,RTX,sensing,sensing,sensing,9361,9357,9366,to compromise communications and,systems and being able,to compromise communications and sensing systems and being able
208,2021-07-27 08:30:00,NYSE,2021-Q2,RTX,sensing,sensing,sensing,9445,9441,9450,the business from the,systems at rmd to,the business from the sensing systems at rmd to
209,2021-04-26 17:30:00,NASDAQ,2021-Q1,TSLA,seizing,invested,invested,2086,2082,2091,of debt we also,billion in bitcoin during,of debt we also invested billion in bitcoin during
209,2021-04-26 17:30:00,NASDAQ,2021-Q1,TSLA,sensing,sense,sense,2572,2568,2577,then it sort makes,that this is kind,then it sort makes sense that this is kind
209,2021-04-26 17:30:00,NASDAQ,2021-Q1,TSLA,seizing,invest,invest,4421,4417,4426,previously so tesla did,billion into bitcoin in,previously so tesla did invest billion into bitcoin in
209,2021-04-26 17:30:00,NASDAQ,2021-Q1,TSLA,sensing,sense,sense,5488,5484,5493,altogether that would make,given that it s,altogether that would make sense given that it s
209,2021-04-26 17:30:00,NASDAQ,2021-Q1,TSLA,sensing,sense,sense,6143,6139,6148,vegetables this is common,and but i guess,vegetables this is common sense and but i guess
209,2021-04-26 17:30:00,NASDAQ,2021-Q1,TSLA,seizing,investing,investing,8286,8282,8291,and so we re,heavily there on an,and so we re investing heavily there on an
209,2021-04-26 17:30:00,NASDAQ,2021-Q1,TSLA,sensing,sense,sense,8562,8558,8567,like to get a,of the path to,like to get a sense of the path to
209,2021-04-26 17:30:00,NASDAQ,2021-Q1,TSLA,sensing,sense,sense,8798,8794,8803,to just get a,on the comparison of,to just get a sense on the comparison of
209,2021-04-26 17:30:00,NASDAQ,2021-Q1,TSLA,sensing,sense,sense,8834,8830,8839,can give us a,of how your new,can give us a sense of how your new
211,2021-03-02 17:00:00,NASDAQ,2020-Q4,BGFV,seizing,invest,invest,2132,2128,2137,dividend while continuing to,in the business now,dividend while continuing to invest in the business now
212,2022-08-09 08:00:00,NYSE,2022-Q2,PLNT,transforming,transformed,transformed,970,966,975,wrote this experience has,not only my mental,wrote this experience has transformed not only my mental
212,2022-08-09 08:00:00,NYSE,2022-Q2,PLNT,sensing,shape,shape,3575,3571,3580,is running tip top,here when they re,is running tip top shape here when they re
212,2022-08-09 08:00:00,NYSE,2022-Q2,PLNT,sensing,shaping,shaping,6519,6515,6524,the back half any,cadence that you think,the back half any shaping cadence that you think
212,2022-08-09 08:00:00,NYSE,2022-Q2,PLNT,sensing,sense,sense,6953,6949,6958,just thought it made,to pay that off,just thought it made sense to pay that off
212,2022-08-09 08:00:00,NYSE,2022-Q2,PLNT,seizing,invest,invest,7543,7539,7548,to move forward still,to drive membership and,to move forward still invest to drive membership and
212,2022-08-09 08:00:00,NYSE,2022-Q2,PLNT,sensing,sense,sense,7686,7682,7691,probably does make some,but again it s,probably does make some sense but again it s
212,2022-08-09 08:00:00,NYSE,2022-Q2,PLNT,sensing,sense,sense,7850,7846,7855,you think it makes,to change something i,you think it makes sense to change something i
212,2022-08-09 08:00:00,NYSE,2022-Q2,PLNT,sensing,sense,sense,10467,10463,10472,you give us any,of the pipeline and,you give us any sense of the pipeline and
213,2020-08-12 09:00:00,NYSE,2020-Q4,PFGC,seizing,invest,invest,475,471,480,course we ll also,in our business to,course we ll also invest in our business to
213,2020-08-12 09:00:00,NYSE,2020-Q4,PFGC,transforming,redesigning,redesigning,600,596,605,with new business concepts,menus and most importantly,with new business concepts redesigning menus and most importantly
213,2020-08-12 09:00:00,NYSE,2020-Q4,PFGC,seizing,seizing,seizing,1523,1519,1528,force is engaged in,market share opportunities every,force is engaged in seizing market share opportunities every
213,2020-08-12 09:00:00,NYSE,2020-Q4,PFGC,seizing,invested,invested,3144,3140,3149,full year fiscal pfg,million in capital expenditures,full year fiscal pfg invested million in capital expenditures
213,2020-08-12 09:00:00,NYSE,2020-Q4,PFGC,sensing,shape,shape,4468,4464,4473,ll be in better,and now vistar it,ll be in better shape and now vistar it
213,2020-08-12 09:00:00,NYSE,2020-Q4,PFGC,seizing,investing,investing,4579,4575,4584,is your appetite for,incrementally in sales right,is your appetite for investing incrementally in sales right
213,2020-08-12 09:00:00,NYSE,2020-Q4,PFGC,seizing,invest,invest,4860,4856,4865,area you wanted to,in particularly and get,area you wanted to invest in particularly and get
213,2020-08-12 09:00:00,NYSE,2020-Q4,PFGC,sensing,shape,shape,6290,6286,6295,would be in good,to run the company,would be in good shape to run the company
213,2020-08-12 09:00:00,NYSE,2020-Q4,PFGC,sensing,sense,sense,6896,6892,6901,trying to get a,for how you think,trying to get a sense for how you think
213,2020-08-12 09:00:00,NYSE,2020-Q4,PFGC,sensing,sense,sense,8313,8309,8318,million is that makes,for that to come,million is that makes sense for that to come
213,2020-08-12 09:00:00,NYSE,2020-Q4,PFGC,seizing,invest,invest,8596,8592,8601,earning cash that we,back in the working,earning cash that we invest back in the working
213,2020-08-12 09:00:00,NYSE,2020-Q4,PFGC,seizing,seizing,seizing,8895,8891,8900,really about kind of,that market share by,really about kind of seizing that market share by
213,2020-08-12 09:00:00,NYSE,2020-Q4,PFGC,seizing,invest,invest,10053,10049,10058,where they need to,money and where they,where they need to invest money and where they
214,2022-04-19 12:00:00,NYSE,2022-Q1,PLD,sensing,shape,shape,547,543,552,sheet remains in excellent,our debt to market,sheet remains in excellent shape our debt to market
214,2022-04-19 12:00:00,NYSE,2022-Q1,PLD,sensing,sense,sense,6798,6794,6803,makes a lot of,with your business model,makes a lot of sense with your business model
214,2022-04-19 12:00:00,NYSE,2022-Q1,PLD,seizing,invest,invest,9091,9087,9096,these tenants continue to,in their supply chains,these tenants continue to invest in their supply chains
214,2022-04-19 12:00:00,NYSE,2022-Q1,PLD,seizing,invest,invest,9222,9218,9227,people are going to,more and more in,people are going to invest more and more in
215,2019-06-21 09:00:00,NYSE,2020-Q1,KMX,sensing,sense,sense,2959,2955,2964,all try to make,of what is clearly,all try to make sense of what is clearly
215,2019-06-21 09:00:00,NYSE,2020-Q1,KMX,sensing,sense,sense,4392,4388,4397,channel and that makes,to me good reason,channel and that makes sense to me good reason
216,2019-08-01 17:00:00,NASDAQ,2020-Q1,QRVO,sensing,sense,sense,3655,3651,3660,wanted to get a,from you in terms,wanted to get a sense from you in terms
216,2019-08-01 17:00:00,NASDAQ,2020-Q1,QRVO,sensing,sense,sense,3868,3864,3873,wanted to get a,has there been an,wanted to get a sense has there been an
216,2019-08-01 17:00:00,NASDAQ,2020-Q1,QRVO,sensing,sense,sense,6131,6127,6136,high number did you,that there was kind,high number did you sense that there was kind
216,2019-08-01 17:00:00,NASDAQ,2020-Q1,QRVO,sensing,sense,sense,6351,6347,6356,lynch got it makes,and then bob for,lynch got it makes sense and then bob for
217,2021-08-04 16:30:00,NASDAQ,2021-Q2,BNGO,transforming,transform,transform,3946,3942,3951,production workflows and completely,those workflows and as,production workflows and completely transform those workflows and as
217,2021-08-04 16:30:00,NASDAQ,2021-Q2,BNGO,transforming,transform,transform,4034,4030,4039,but they also dramatically,the technologies they use,but they also dramatically transform the technologies they use
217,2021-08-04 16:30:00,NASDAQ,2021-Q2,BNGO,sensing,sense,sense,4060,4056,4065,in two hours makes,and they eliminated one,in two hours makes sense and they eliminated one
217,2021-08-04 16:30:00,NASDAQ,2021-Q2,BNGO,sensing,sense,sense,4626,4622,4631,you give us a,i guess maybe a,you give us a sense i guess maybe a
217,2021-08-04 16:30:00,NASDAQ,2021-Q2,BNGO,transforming,transform,transform,6412,6408,6417,a technology that can,the workflow and they,a technology that can transform the workflow and they
218,2021-05-05 13:00:00,NYSE,2021-Q1,NSA,seizing,invested,invested,521,517,526,the first quarter we,million in properties and,the first quarter we invested million in properties and
218,2021-05-05 13:00:00,NYSE,2021-Q1,NSA,sensing,sense,sense,5637,5633,5642,analyst right okay make,all right great thank,analyst right okay make sense all right great thank
218,2021-05-05 13:00:00,NYSE,2021-Q1,NSA,sensing,sense,sense,5894,5890,5899,got it that makes,my second question was,got it that makes sense my second question was
219,2021-08-11 17:00:00,NASDAQ,2021-Q2,MNKD,seizing,investing,investing,3522,3518,3527,manufacturing of tyvaso dpi,in and moving our,manufacturing of tyvaso dpi investing in and moving our
219,2021-08-11 17:00:00,NASDAQ,2021-Q2,MNKD,sensing,sense,sense,6860,6856,6865,to give us a,of how things change,to give us a sense of how things change
220,2021-04-20 10:00:00,NYSE,2021-Q1,DOV,seizing,seize,seize,347,343,352,distributors and customers to,opportunities in the marketplace,distributors and customers to seize opportunities in the marketplace
220,2021-04-20 10:00:00,NYSE,2021-Q1,DOV,seizing,invest,invest,1544,1540,1549,we will continue to,behind refrigeration food equipment,we will continue to invest behind refrigeration food equipment
220,2021-04-20 10:00:00,NYSE,2021-Q1,DOV,seizing,investing,investing,2706,2702,2711,and geographies we are,in capacity and new,and geographies we are investing in capacity and new
220,2021-04-20 10:00:00,NYSE,2021-Q1,DOV,sensing,shaped,shaped,2807,2803,2812,over the prior decade,a less cyclical business,over the prior decade shaped a less cyclical business
220,2021-04-20 10:00:00,NYSE,2021-Q1,DOV,sensing,shape,shape,3675,3671,3680,re in pretty good,because our revenue is,re in pretty good shape because our revenue is
220,2021-04-20 10:00:00,NYSE,2021-Q1,DOV,sensing,sense,sense,4375,4371,4380,in drfe and the,that you ve got,in drfe and the sense that you ve got
220,2021-04-20 10:00:00,NYSE,2021-Q1,DOV,sensing,sense,sense,6374,6370,6379,you guys have a,on dynamic between particularly,you guys have a sense on dynamic between particularly
220,2021-04-20 10:00:00,NYSE,2021-Q1,DOV,sensing,sense,sense,8059,8055,8064,those projects and any,of how do you,those projects and any sense of how do you
220,2021-04-20 10:00:00,NYSE,2021-Q1,DOV,seizing,invested,invested,9305,9301,9310,capital base was under,by big box retail,capital base was under invested by big box retail
221,2021-05-06 13:00:00,NASDAQ,2021-Q1,SBRA,sensing,shape,shape,5579,5575,5584,therapy starting to take,in your facilities rick,therapy starting to take shape in your facilities rick
221,2021-05-06 13:00:00,NASDAQ,2021-Q1,SBRA,sensing,sense,sense,7428,7424,7433,see overtime if make,which gives us a,see overtime if make sense which gives us a
221,2021-05-06 13:00:00,NASDAQ,2021-Q1,SBRA,sensing,sense,sense,9517,9513,9522,kind of given the,that the federal government,kind of given the sense that the federal government
222,2021-05-11 08:00:00,NYSE,2021-Q1,PRGO,transforming,transform,transform,363,359,368,our aggressive plans to,perrigo from a healthcare,our aggressive plans to transform perrigo from a healthcare
222,2021-05-11 08:00:00,NYSE,2021-Q1,PRGO,transforming,reconfigured,reconfigured,502,498,507,first we have meaningfully,our portfolio with the,first we have meaningfully reconfigured our portfolio with the
222,2021-05-11 08:00:00,NYSE,2021-Q1,PRGO,seizing,invest,invest,630,626,635,over billion available to,to further build our,over billion available to invest to further build our
222,2021-05-11 08:00:00,NYSE,2021-Q1,PRGO,transforming,reconfiguring,reconfiguring,640,636,645,second in addition to,our portfolio we identified,second in addition to reconfiguring our portfolio we identified
222,2021-05-11 08:00:00,NYSE,2021-Q1,PRGO,seizing,investing,investing,1656,1652,1661,by growing market share,in e commerce and,by growing market share investing in e commerce and
222,2021-05-11 08:00:00,NYSE,2021-Q1,PRGO,transforming,transform,transform,2678,2674,2683,who have helped to,our great company rest,who have helped to transform our great company rest
222,2021-05-11 08:00:00,NYSE,2021-Q1,PRGO,seizing,invest,invest,3875,3871,3880,as we continue to,in future growth opportunities,as we continue to invest in future growth opportunities
222,2021-05-11 08:00:00,NYSE,2021-Q1,PRGO,seizing,invested,invested,6129,6125,6134,our competitors because we,early in e comm,our competitors because we invested early in e comm
222,2021-05-11 08:00:00,NYSE,2021-Q1,PRGO,sensing,sense,sense,6574,6570,6579,just give us a,of what the rx,just give us a sense of what the rx
223,2021-03-04 07:00:00,NASDAQ,2020-Q4,BZUN,transforming,transform,transform,2476,2472,2481,we believe this will,how we serve our,we believe this will transform how we serve our
223,2021-03-04 07:00:00,NASDAQ,2020-Q4,BZUN,sensing,sense,sense,2771,2767,2776,to get what a,for our understanding arthur,to get what a sense for our understanding arthur
223,2021-03-04 07:00:00,NASDAQ,2020-Q4,BZUN,seizing,investing,investing,6006,6002,6011,also we have been,in digital marketing for,also we have been investing in digital marketing for
223,2021-03-04 07:00:00,NASDAQ,2020-Q4,BZUN,seizing,invest,invest,6621,6617,6626,that the brand will,for long term not,that the brand will invest for long term not
225,2021-11-05 14:00:00,NASDAQ,2021-Q4,MTSI,seizing,invested,invested,1807,1803,1812,than average return on,capital and therefore supports,than average return on invested capital and therefore supports
225,2021-11-05 14:00:00,NASDAQ,2021-Q4,MTSI,seizing,investing,investing,1847,1843,1852,for example we are,in our massachusetts and,for example we are investing in our massachusetts and
225,2021-11-05 14:00:00,NASDAQ,2021-Q4,MTSI,seizing,investing,investing,2002,1998,2007,applications in addition to,in our fab facilities,applications in addition to investing in our fab facilities
225,2021-11-05 14:00:00,NASDAQ,2021-Q4,MTSI,seizing,investing,investing,2556,2552,2561,r d capabilities by,in new programs to,r d capabilities by investing in new programs to
225,2021-11-05 14:00:00,NASDAQ,2021-Q4,MTSI,seizing,invest,invest,2977,2973,2982,as we continue to,in our internal fab,as we continue to invest in our internal fab
225,2021-11-05 14:00:00,NASDAQ,2021-Q4,MTSI,sensing,sense,sense,4909,4905,4914,to macom in the,that we are a,to macom in the sense that we are a
227,2022-02-01 08:30:00,NYSE,2021-Q4,UPS,transforming,transform,transform,670,666,675,driven strategy as we,nearly every aspect of,driven strategy as we transform nearly every aspect of
227,2022-02-01 08:30:00,NYSE,2021-Q4,UPS,transforming,redesigned,redesigned,1029,1025,1034,our global website we,the u s site,our global website we redesigned the u s site
227,2022-02-01 08:30:00,NYSE,2021-Q4,UPS,seizing,invested,invested,1325,1321,1330,driving higher returns on,capital as brian will,driving higher returns on invested capital as brian will
227,2022-02-01 08:30:00,NYSE,2021-Q4,UPS,seizing,invested,invested,1346,1342,1351,delivered a return on,capital of basis points,delivered a return on invested capital of basis points
227,2022-02-01 08:30:00,NYSE,2021-Q4,UPS,seizing,invested,invested,1574,1570,1579,approximately and return on,capital is anticipated to,approximately and return on invested capital is anticipated to
227,2022-02-01 08:30:00,NYSE,2021-Q4,UPS,seizing,investing,investing,5045,5041,5050,basis points we re,in capability we re,basis points we re investing in capability we re
227,2022-02-01 08:30:00,NYSE,2021-Q4,UPS,sensing,shape,shape,5129,5125,5134,only is in good,but we ve got,only is in good shape but we ve got
227,2022-02-01 08:30:00,NYSE,2021-Q4,UPS,sensing,shape,shape,5222,5218,5227,share some of the,of your expectations particularly,share some of the shape of your expectations particularly
227,2022-02-01 08:30:00,NYSE,2021-Q4,UPS,sensing,sense,sense,6121,6117,6126,want to get a,of how that s,want to get a sense of how that s
227,2022-02-01 08:30:00,NYSE,2021-Q4,UPS,seizing,invest,invest,7880,7876,7885,we are continuing to,in that as you,we are continuing to invest in that as you
227,2022-02-01 08:30:00,NYSE,2021-Q4,UPS,seizing,investing,investing,8219,8215,8224,of cash we re,in the business to,of cash we re investing in the business to
228,2020-08-05 17:00:00,NASDAQ,2020-Q2,ETSY,sensing,sense,sense,746,742,751,to give you some,of scale that s,to give you some sense of scale that s
228,2020-08-05 17:00:00,NASDAQ,2020-Q2,ETSY,seizing,invest,invest,1365,1361,1370,and the opportunity to,to fully realize that,and the opportunity to invest to fully realize that
228,2020-08-05 17:00:00,NASDAQ,2020-Q2,ETSY,seizing,investing,investing,1403,1399,1408,that we should be,given the early stage,that we should be investing given the early stage
228,2020-08-05 17:00:00,NASDAQ,2020-Q2,ETSY,seizing,invest,invest,1509,1505,1514,are we excited to,for the future it,are we excited to invest for the future it
228,2020-08-05 17:00:00,NASDAQ,2020-Q2,ETSY,seizing,invest,invest,3361,3357,3366,we should more aggressively,in growth and pursue,we should more aggressively invest in growth and pursue
228,2020-08-05 17:00:00,NASDAQ,2020-Q2,ETSY,seizing,invest,invest,4427,4423,4432,the incremental revenue to,in marketing customer engagement,the incremental revenue to invest in marketing customer engagement
228,2020-08-05 17:00:00,NASDAQ,2020-Q2,ETSY,seizing,invest,invest,4844,4840,4849,we execute our strategy,in our seller s,we execute our strategy invest in our seller s
228,2020-08-05 17:00:00,NASDAQ,2020-Q2,ETSY,seizing,invest,invest,7085,7081,7090,we ll start to,more in some of,we ll start to invest more in some of
228,2020-08-05 17:00:00,NASDAQ,2020-Q2,ETSY,sensing,sense,sense,9959,9955,9964,them have a better,of what we would,them have a better sense of what we would
229,2021-02-18 10:00:00,NYSE,2020-Q4,SCL,seizing,invest,invest,1920,1916,1925,and will continue to,in new capacity and,and will continue to invest in new capacity and
230,2021-04-28 14:00:00,NYSE,2021-Q1,ESS,seizing,invest,invest,2840,2836,2845,the strong demand to,in apartments and cheap,the strong demand to invest in apartments and cheap
230,2021-04-28 14:00:00,NYSE,2021-Q1,ESS,seizing,invest,invest,3062,3058,3067,look for ways to,accretively to create shareholder,look for ways to invest accretively to create shareholder
230,2021-04-28 14:00:00,NYSE,2021-Q1,ESS,transforming,redeploy,redeploy,3313,3309,3318,seeing the opportunities to,those proceeds into either,seeing the opportunities to redeploy those proceeds into either
230,2021-04-28 14:00:00,NYSE,2021-Q1,ESS,sensing,sense,sense,4469,4465,4474,better hope that makes,alexander goldfarb piper sandler,better hope that makes sense alexander goldfarb piper sandler
230,2021-04-28 14:00:00,NYSE,2021-Q1,ESS,seizing,invested,invested,5006,5002,5011,round investor and then,all the way through,round investor and then invested all the way through
230,2021-04-28 14:00:00,NYSE,2021-Q1,ESS,sensing,sense,sense,8659,8655,8664,in rev levels makes,neil malkin capital one,in rev levels makes sense neil malkin capital one
230,2021-04-28 14:00:00,NYSE,2021-Q1,ESS,sensing,sense,sense,9450,9446,9455,can you give a,of which markets are,can you give a sense of which markets are
230,2021-04-28 14:00:00,NYSE,2021-Q1,ESS,sensing,sense,sense,9501,9497,9506,me give you some,of what we re,me give you some sense of what we re
230,2021-04-28 14:00:00,NYSE,2021-Q1,ESS,sensing,sense,sense,10624,10620,10629,in does that make,brad heffern rbc capital,in does that make sense brad heffern rbc capital
230,2021-04-28 14:00:00,NYSE,2021-Q1,ESS,transforming,redeploy,redeploy,10703,10699,10708,in being able to,that just given that,in being able to redeploy that just given that
230,2021-04-28 14:00:00,NYSE,2021-Q1,ESS,transforming,redeploy,redeploy,10745,10741,10750,in being able to,that accretively adam w,in being able to redeploy that accretively adam w
230,2021-04-28 14:00:00,NYSE,2021-Q1,ESS,transforming,redeployed,redeployed,10895,10891,10900,that money will be,it s just getting,that money will be redeployed it s just getting
231,2021-01-21 17:00:00,NASDAQ,2020-Q4,INTC,sensing,shaped,shaped,873,869,878,experience at intel has,my entire career and,experience at intel has shaped my entire career and
231,2021-01-21 17:00:00,NASDAQ,2020-Q4,INTC,seizing,seize,seize,1199,1195,1204,to be able to,these opportunities we have,to be able to seize these opportunities we have
231,2021-01-21 17:00:00,NASDAQ,2020-Q4,INTC,transforming,transform,transform,1496,1492,1501,on our strategy to,intel into a multi,on our strategy to transform intel into a multi
231,2021-01-21 17:00:00,NASDAQ,2020-Q4,INTC,seizing,invest,invest,1750,1746,1755,idm advantage continue to,in process technology leadership,idm advantage continue to invest in process technology leadership
231,2021-01-21 17:00:00,NASDAQ,2020-Q4,INTC,seizing,invested,invested,2542,2538,2547,workloads we ve also,to drive networking workload,workloads we ve also invested to drive networking workload
231,2021-01-21 17:00:00,NASDAQ,2020-Q4,INTC,seizing,investing,investing,2695,2691,2700,to of revenue while,in manufacturing capacity expansion,to of revenue while investing in manufacturing capacity expansion
231,2021-01-21 17:00:00,NASDAQ,2020-Q4,INTC,seizing,invest,invest,4053,4049,4058,the idm advantage and,in technology development leadership,the idm advantage and invest in technology development leadership
231,2021-01-21 17:00:00,NASDAQ,2020-Q4,INTC,seizing,invest,invest,5976,5972,5981,going to continue to,in process technology so,going to continue to invest in process technology so
231,2021-01-21 17:00:00,NASDAQ,2020-Q4,INTC,seizing,invest,invest,6023,6019,6028,will also continue to,in next generation process,will also continue to invest in next generation process
231,2021-01-21 17:00:00,NASDAQ,2020-Q4,INTC,sensing,shape,shape,8769,8765,8774,association in trying to,some of the incentives,association in trying to shape some of the incentives
231,2021-01-21 17:00:00,NASDAQ,2020-Q4,INTC,seizing,invest,invest,8792,8788,8797,the playing field to,in foundry services here,the playing field to invest in foundry services here
231,2021-01-21 17:00:00,NASDAQ,2020-Q4,INTC,seizing,invest,invest,8985,8981,8990,preserve idm advantages and,in technology development and,preserve idm advantages and invest in technology development and
232,2022-02-03 09:00:00,NYSE,2021-Q4,LLY,seizing,invested,invested,892,888,897,for covid therapies we,approximately million in research,for covid therapies we invested approximately million in research
232,2022-02-03 09:00:00,NYSE,2021-Q4,LLY,seizing,invested,invested,1624,1620,1629,capital allocation in we,billion to drive our,capital allocation in we invested billion to drive our
232,2022-02-03 09:00:00,NYSE,2021-Q4,LLY,seizing,invest,invest,1677,1673,1682,products and expected launches,in our pipeline evaluate,products and expected launches invest in our pipeline evaluate
232,2022-02-03 09:00:00,NYSE,2021-Q4,LLY,seizing,invest,invest,1798,1794,1803,agreement we continue to,in our bright future,agreement we continue to invest in our bright future
232,2022-02-03 09:00:00,NYSE,2021-Q4,LLY,seizing,invest,invest,3281,3277,3286,products we continue to,heavily in our pipeline,products we continue to invest heavily in our pipeline
232,2022-02-03 09:00:00,NYSE,2021-Q4,LLY,sensing,sense,sense,3575,3571,3580,donanemab it certainly makes,but how much did,donanemab it certainly makes sense but how much did
232,2022-02-03 09:00:00,NYSE,2021-Q4,LLY,sensing,sense,sense,3646,3642,3651,wanted to get a,of some of the,wanted to get a sense of some of the
232,2022-02-03 09:00:00,NYSE,2021-Q4,LLY,sensing,sense,sense,5721,5717,5726,trying to get a,of how different is,trying to get a sense of how different is
232,2022-02-03 09:00:00,NYSE,2021-Q4,LLY,sensing,shape,shape,8583,8579,8588,set in some way,or form and then,set in some way shape or form and then
232,2022-02-03 09:00:00,NYSE,2021-Q4,LLY,sensing,sense,sense,10605,10601,10610,give us a better,about how you expect,give us a better sense about how you expect
233,2020-08-07 08:00:00,NYSE,2020-Q3,CBT,sensing,shaped,shaped,2604,2600,2609,has been a v,recovery for demands in,has been a v shaped recovery for demands in
233,2020-08-07 08:00:00,NYSE,2020-Q3,CBT,sensing,shape,shape,2703,2699,2708,this backdrop of the,of recovery in our,this backdrop of the shape of recovery in our
233,2020-08-07 08:00:00,NYSE,2020-Q3,CBT,sensing,sense,sense,5397,5393,5402,also give us a,for inventory levels in,also give us a sense for inventory levels in
233,2020-08-07 08:00:00,NYSE,2020-Q3,CBT,sensing,shape,shape,5576,5572,5581,on the timing and,of the recovery that,on the timing and shape of the recovery that
233,2020-08-07 08:00:00,NYSE,2020-Q3,CBT,sensing,sense,sense,5865,5861,5870,asked and so our,is that we ve,asked and so our sense is that we ve
233,2020-08-07 08:00:00,NYSE,2020-Q3,CBT,sensing,sense,sense,6506,6502,6511,can you give a,of the scope of,can you give a sense of the scope of
233,2020-08-07 08:00:00,NYSE,2020-Q3,CBT,seizing,investing,investing,6743,6739,6748,here where we are,in both marketing as,here where we are investing in both marketing as
233,2020-08-07 08:00:00,NYSE,2020-Q3,CBT,seizing,investing,investing,6825,6821,6830,but we re also,in the longer term,but we re also investing in the longer term
233,2020-08-07 08:00:00,NYSE,2020-Q3,CBT,sensing,sense,sense,6847,6843,6852,gives you just a,so something very important,gives you just a sense so something very important
233,2020-08-07 08:00:00,NYSE,2020-Q3,CBT,sensing,shape,shape,9502,9498,9507,think in general the,of the each producers,think in general the shape of the each producers
233,2020-08-07 08:00:00,NYSE,2020-Q3,CBT,sensing,shape,shape,9510,9506,9515,producers consent decree the,is similar kevin and,producers consent decree the shape is similar kevin and
233,2020-08-07 08:00:00,NYSE,2020-Q3,CBT,sensing,shape,shape,9579,9575,9584,i would say the,of the consent decree,i would say the shape of the consent decree
233,2020-08-07 08:00:00,NYSE,2020-Q3,CBT,sensing,sense,sense,9933,9929,9938,journey back to some,of normal here but,journey back to some sense of normal here but
234,2021-11-09 08:30:00,NASDAQ,2021-Q3,EGRX,seizing,invested,invested,805,801,810,planned growth we have,about of our money,planned growth we have invested about of our money
234,2021-11-09 08:30:00,NASDAQ,2021-Q3,EGRX,seizing,investing,investing,1555,1551,1560,bacterial pneumonia we anticipate,million to achieve interim,bacterial pneumonia we anticipate investing million to achieve interim
234,2021-11-09 08:30:00,NASDAQ,2021-Q3,EGRX,sensing,sense,sense,3025,3021,3030,landscape what s your,for how crowded the,landscape what s your sense for how crowded the
235,,NYSE,2018-Q4,GATX,sensing,sense,sense,3169,3165,3174,think it makes more,to provide a range,think it makes more sense to provide a range
235,,NYSE,2018-Q4,GATX,seizing,invested,invested,7220,7216,7225,rolls royce and we,close to a billion,rolls royce and we invested close to a billion
236,2020-05-07 16:30:00,NASDAQ,2020-Q1,NSTG,sensing,sense,sense,4012,4008,4017,analyst ok that makes,and how do you,analyst ok that makes sense and how do you
236,2020-05-07 16:30:00,NASDAQ,2020-Q1,NSTG,sensing,sense,sense,5622,5618,5627,front like in a,why taken any improvement,front like in a sense why taken any improvement
237,2021-03-15 16:30:00,NASDAQ,2020-Q4,VUZI,sensing,shape,shape,2140,2136,2145,g can help securely,missions along with defense,g can help securely shape missions along with defense
237,2021-03-15 16:30:00,NASDAQ,2020-Q4,VUZI,seizing,investing,investing,3580,3576,3585,optics front we re,in ongoing research and,optics front we re investing in ongoing research and
237,2021-03-15 16:30:00,NASDAQ,2020-Q4,VUZI,seizing,invest,invest,3639,3635,3644,and we intend to,it wisely i d,and we intend to invest it wisely i d
237,2021-03-15 16:30:00,NASDAQ,2020-Q4,VUZI,seizing,investing,investing,4484,4480,4489,the cash used for,activities in was million,the cash used for investing activities in was million
237,2021-03-15 16:30:00,NASDAQ,2020-Q4,VUZI,seizing,investing,investing,4557,4553,4562,double our levels of,activities for our fiscal,double our levels of investing activities for our fiscal
237,2021-03-15 16:30:00,NASDAQ,2020-Q4,VUZI,seizing,invest,invest,4616,4612,4621,capital resources to smartly,and grow with future,capital resources to smartly invest and grow with future
237,2021-03-15 16:30:00,NASDAQ,2020-Q4,VUZI,seizing,investing,investing,4639,4635,4644,see substantial risk in,more for such growth,see substantial risk in investing more for such growth
238,2021-05-06 09:00:00,NYSE,2021-Q1,CPE,transforming,redesign,redesign,986,982,991,and corporate sustainability the,addresses both short term,and corporate sustainability the redesign addresses both short term
238,2021-05-06 09:00:00,NYSE,2021-Q1,CPE,sensing,sense,sense,2550,2546,2555,debt exchanges make economic,we will continue to,debt exchanges make economic sense we will continue to
238,2021-05-06 09:00:00,NYSE,2021-Q1,CPE,sensing,sense,sense,3322,3318,3327,of gave you a,of how things will,of gave you a sense of how things will
238,2021-05-06 09:00:00,NYSE,2021-Q1,CPE,sensing,sense,sense,3965,3961,3970,if that makes any,and so from a,if that makes any sense and so from a
239,2019-05-01 08:30:00,NYSE,2019-Q2,SBH,seizing,investing,investing,565,561,570,previous quarters we are,to build on our,previous quarters we are investing to build on our
239,2019-05-01 08:30:00,NYSE,2019-Q2,SBH,seizing,investing,investing,1133,1129,1138,adopters and we are,in both product and,adopters and we are investing in both product and
239,2019-05-01 08:30:00,NYSE,2019-Q2,SBH,seizing,invest,invest,1159,1155,1164,partners and we will,aggressively with partners that,partners and we will invest aggressively with partners that
239,2019-05-01 08:30:00,NYSE,2019-Q2,SBH,seizing,investing,investing,2585,2581,2590,shareholders we have been,heavily in the business,shareholders we have been investing heavily in the business
239,2019-05-01 08:30:00,NYSE,2019-Q2,SBH,seizing,invest,invest,2596,2592,2601,are on track to,million in capital expenditures,are on track to invest million in capital expenditures
239,2019-05-01 08:30:00,NYSE,2019-Q2,SBH,seizing,invest,invest,4018,4014,4023,expect to continue to,aggressively in improvements to,expect to continue to invest aggressively in improvements to
239,2019-05-01 08:30:00,NYSE,2019-Q2,SBH,seizing,investing,investing,4799,4795,4804,last year we are,heavily against the business,last year we are investing heavily against the business
239,2019-05-01 08:30:00,NYSE,2019-Q2,SBH,seizing,invested,invested,5676,5672,5681,vendors and we have,this quarter some of,vendors and we have invested this quarter some of
239,2019-05-01 08:30:00,NYSE,2019-Q2,SBH,seizing,invest,invest,6231,6227,6236,we have need to,over time las vegas,we have need to invest over time las vegas
239,2019-05-01 08:30:00,NYSE,2019-Q2,SBH,seizing,invest,invest,6335,6331,6340,long range plan to,both in the digital,long range plan to invest both in the digital
239,2019-05-01 08:30:00,NYSE,2019-Q2,SBH,seizing,investing,investing,7584,7580,7589,that we have been,in wage rate in,that we have been investing in wage rate in
239,2019-05-01 08:30:00,NYSE,2019-Q2,SBH,seizing,invested,invested,7622,7618,7627,we have started we,both at the backend,we have started we invested both at the backend
239,2019-05-01 08:30:00,NYSE,2019-Q2,SBH,seizing,invest,invest,7684,7680,7689,what we need to,this year is already,what we need to invest this year is already
239,2019-05-01 08:30:00,NYSE,2019-Q2,SBH,sensing,sense,sense,8251,8247,8256,about that and the,that the reality of,about that and the sense that the reality of
239,2019-05-01 08:30:00,NYSE,2019-Q2,SBH,sensing,sense,sense,8580,8576,8585,and give us a,how long you expect,and give us a sense how long you expect
239,2019-05-01 08:30:00,NYSE,2019-Q2,SBH,transforming,revamped,revamped,10239,10235,10244,and other capabilities and,stores you know they,and other capabilities and revamped stores you know they
239,2019-05-01 08:30:00,NYSE,2019-Q2,SBH,seizing,investing,investing,10314,10310,10319,glad we re finally,steph wissink jefferies analyst,glad we re finally investing steph wissink jefferies analyst
239,2019-05-01 08:30:00,NYSE,2019-Q2,SBH,seizing,investing,investing,10856,10852,10861,supply feel we are,our stores but we,supply feel we are investing our stores but we
239,2019-05-01 08:30:00,NYSE,2019-Q2,SBH,seizing,invest,invest,11213,11209,11218,do we need to,more in the business,do we need to invest more in the business
240,2021-10-26 08:30:00,NASDAQ,2021-Q3,AGNC,sensing,shaped,shaped,407,403,412,identified several risks that,the agency investment landscape,identified several risks that shaped the agency investment landscape
240,2021-10-26 08:30:00,NASDAQ,2021-Q3,AGNC,sensing,shape,shape,3174,3170,3179,so the environment could,up pretty well for,so the environment could shape up pretty well for
240,2021-10-26 08:30:00,NASDAQ,2021-Q3,AGNC,sensing,sense,sense,5786,5782,5791,analyst ok that makes,i think all the,analyst ok that makes sense i think all the
240,2021-10-26 08:30:00,NASDAQ,2021-Q3,AGNC,sensing,shape,shape,6047,6043,6052,with respect to the,of the yield curve,with respect to the shape of the yield curve
240,2021-10-26 08:30:00,NASDAQ,2021-Q3,AGNC,sensing,shape,shape,6077,6073,6082,an impact on the,of the curve so,an impact on the shape of the curve so
240,2021-10-26 08:30:00,NASDAQ,2021-Q3,AGNC,sensing,shape,shape,6476,6472,6481,more volatility in the,of the curve so,more volatility in the shape of the curve so
240,2021-10-26 08:30:00,NASDAQ,2021-Q3,AGNC,sensing,shape,shape,6513,6509,6518,of impact on the,of the curve if,of impact on the shape of the curve if
241,2021-04-09 12:00:00,NASDAQ,2021-Q2,PSMT,seizing,investing,investing,3538,3534,3543,net cash used in,activities increased by million,net cash used in investing activities increased by million
241,2021-04-09 12:00:00,NASDAQ,2021-Q2,PSMT,seizing,invest,invest,3669,3665,3674,while also continuing to,in the future during,while also continuing to invest in the future during
241,2021-04-09 12:00:00,NASDAQ,2021-Q2,PSMT,seizing,investing,investing,4005,4001,4010,then we re also,in talent but there,then we re also investing in talent but there
241,2021-04-09 12:00:00,NASDAQ,2021-Q2,PSMT,seizing,invest,invest,4060,4056,4065,re obviously continuing to,in the organization on,re obviously continuing to invest in the organization on
241,2021-04-09 12:00:00,NASDAQ,2021-Q2,PSMT,seizing,investing,investing,4123,4119,4128,well and we re,in additional services jon,well and we re investing in additional services jon
242,2021-09-07 21:00:00,NASDAQ,2021-Q2,DADA,transforming,transform,transform,4731,4727,4736,shift they have to,quickly and digitally so,shift they have to transform quickly and digitally so
242,2021-09-07 21:00:00,NASDAQ,2021-Q2,DADA,seizing,invest,invest,5539,5535,5544,better position to further,in the online businesses,better position to further invest in the online businesses
242,2021-09-07 21:00:00,NASDAQ,2021-Q2,DADA,seizing,investing,investing,5949,5945,5954,s why we are,really early stage to,s why we are investing really early stage to
243,2019-05-01 16:30:00,NASDAQ,2019-Q1,FOXF,transforming,redesigned,redesigned,1695,1691,1700,riding and featuring a,crown our engineers increased,riding and featuring a redesigned crown our engineers increased
243,2019-05-01 16:30:00,NASDAQ,2019-Q1,FOXF,seizing,invest,invest,2256,2252,2261,as we continue to,in the brand while,as we continue to invest in the brand while
243,2019-05-01 16:30:00,NASDAQ,2019-Q1,FOXF,sensing,sense,sense,4630,4626,4635,maybe give us a,if you can maybe,maybe give us a sense if you can maybe
243,2019-05-01 16:30:00,NASDAQ,2019-Q1,FOXF,sensing,sense,sense,4934,4930,4939,in powered vehicle any,of how much that,in powered vehicle any sense of how much that
243,2019-05-01 16:30:00,NASDAQ,2019-Q1,FOXF,sensing,sense,sense,5092,5088,5097,of a lot of,to make longer term,of a lot of sense to make longer term
243,2019-05-01 16:30:00,NASDAQ,2019-Q1,FOXF,sensing,sense,sense,6233,6229,6238,trying to get a,of like the base,trying to get a sense of like the base
243,2019-05-01 16:30:00,NASDAQ,2019-Q1,FOXF,seizing,invest,invest,6541,6537,6546,to that we will,in innovation in that,to that we will invest in innovation in that
243,2019-05-01 16:30:00,NASDAQ,2019-Q1,FOXF,seizing,invest,invest,6565,6561,6570,you will see us,in areas like straps,you will see us invest in areas like straps
243,2019-05-01 16:30:00,NASDAQ,2019-Q1,FOXF,seizing,invest,invest,6682,6678,6687,ve tended to under,in their platform and,ve tended to under invest in their platform and
244,2019-09-25 21:30:00,NYSE,2020-Q1,NKE,seizing,investing,investing,714,710,719,re focused we re,in our brand in,re focused we re investing in our brand in
244,2019-09-25 21:30:00,NYSE,2020-Q1,NKE,seizing,invest,invest,1251,1247,1256,so we continue to,in more dynamic imagery,so we continue to invest in more dynamic imagery
244,2019-09-25 21:30:00,NYSE,2020-Q1,NKE,seizing,investing,investing,2042,2038,2047,do that we re,in three areas we,do that we re investing in three areas we
244,2019-09-25 21:30:00,NYSE,2020-Q1,NKE,seizing,invest,invest,2542,2538,2547,while we continue to,in stronger more distinctive,while we continue to invest in stronger more distinctive
244,2019-09-25 21:30:00,NYSE,2020-Q1,NKE,seizing,investing,investing,2913,2909,2918,market we re partnering,in our own teams,market we re partnering investing in our own teams
244,2019-09-25 21:30:00,NYSE,2020-Q1,NKE,seizing,invested,invested,3154,3150,3159,high expanding returns on,capital those are extraordinary,high expanding returns on invested capital those are extraordinary
244,2019-09-25 21:30:00,NYSE,2020-Q1,NKE,transforming,transform,transform,3195,3191,3200,our relentless drive to,how nike serves consumers,our relentless drive to transform how nike serves consumers
244,2019-09-25 21:30:00,NYSE,2020-Q1,NKE,transforming,transforming,transforming,3400,3396,3405,same time digital is,and amplifying everything we,same time digital is transforming and amplifying everything we
244,2019-09-25 21:30:00,NYSE,2020-Q1,NKE,seizing,investing,investing,3492,3488,3497,digital services faster by,in the migration of,digital services faster by investing in the migration of
244,2019-09-25 21:30:00,NYSE,2020-Q1,NKE,sensing,sensing,sensing,3528,3524,3533,and proprietary digital demand,tools will help us,and proprietary digital demand sensing tools will help us
244,2019-09-25 21:30:00,NYSE,2020-Q1,NKE,sensing,sensing,sensing,3609,3605,3614,building of digital demand,capabilities by at least,building of digital demand sensing capabilities by at least
244,2019-09-25 21:30:00,NYSE,2020-Q1,NKE,seizing,invest,invest,3634,3630,3639,such as these to,and extend our leadership,such as these to invest and extend our leadership
244,2019-09-25 21:30:00,NYSE,2020-Q1,NKE,seizing,invested,invested,3766,3762,3771,profitability and returns on,capital and we see,profitability and returns on invested capital and we see
244,2019-09-25 21:30:00,NYSE,2020-Q1,NKE,seizing,invest,invest,4105,4101,4110,as we continued to,in our digital transformation,as we continued to invest in our digital transformation
244,2019-09-25 21:30:00,NYSE,2020-Q1,NKE,seizing,invest,invest,8214,8210,8219,not only where we,in terms of new,not only where we invest in terms of new
244,2019-09-25 21:30:00,NYSE,2020-Q1,NKE,seizing,investing,investing,8770,8766,8775,we re creating and,in are really going,we re creating and investing in are really going
244,2019-09-25 21:30:00,NYSE,2020-Q1,NKE,seizing,invest,invest,8793,8789,8798,the innovation that we,in it s all,the innovation that we invest in it s all
245,2021-02-02 17:00:00,NASDAQ,2021-Q2,MRCY,sensing,sense,sense,614,610,619,to be a strong,bipartisan commitment to defense,to be a strong sense bipartisan commitment to defense
245,2021-02-02 17:00:00,NASDAQ,2021-Q2,MRCY,seizing,invest,invest,1385,1381,1390,pandemic we continue to,in the rollout of,pandemic we continue to invest in the rollout of
245,2021-02-02 17:00:00,NASDAQ,2021-Q2,MRCY,seizing,invest,invest,1726,1722,1731,the second is to,in new technologies our,the second is to invest in new technologies our
245,2021-02-02 17:00:00,NASDAQ,2021-Q2,MRCY,seizing,investing,investing,1775,1771,1780,allow us to continue,in organic growth while,allow us to continue investing in organic growth while
245,2021-02-02 17:00:00,NASDAQ,2021-Q2,MRCY,sensing,shape,shape,1927,1923,1932,sheet is in great,we anticipate high single,sheet is in great shape we anticipate high single
245,2021-02-02 17:00:00,NASDAQ,2021-Q2,MRCY,seizing,invest,invest,3562,3558,3567,as we continue to,in growing the business,as we continue to invest in growing the business
245,2021-02-02 17:00:00,NASDAQ,2021-Q2,MRCY,seizing,investing,investing,4070,4066,4075,know we ve been,higher than that theirs,know we ve been investing higher than that theirs
245,2021-02-02 17:00:00,NASDAQ,2021-Q2,MRCY,seizing,investing,investing,4602,4598,4607,a company that is,in innovation at industry,a company that is investing in innovation at industry
245,2021-02-02 17:00:00,NASDAQ,2021-Q2,MRCY,seizing,investing,investing,4800,4796,4805,things that we were,in in terms of,things that we were investing in in terms of
245,2021-02-02 17:00:00,NASDAQ,2021-Q2,MRCY,seizing,invest,invest,4930,4926,4935,priority to continue to,to protect our employees,priority to continue to invest to protect our employees
245,2021-02-02 17:00:00,NASDAQ,2021-Q2,MRCY,seizing,invest,invest,5158,5154,5163,the willingness to actually,in innovation and mercury,the willingness to actually invest in innovation and mercury
245,2021-02-02 17:00:00,NASDAQ,2021-Q2,MRCY,seizing,invest,invest,5214,5210,5219,partner with who can,in innovation that can,partner with who can invest in innovation that can
245,2021-02-02 17:00:00,NASDAQ,2021-Q2,MRCY,seizing,investing,investing,5237,5233,5242,re doing we re,in innovation as mike,re doing we re investing in innovation as mike
245,2021-02-02 17:00:00,NASDAQ,2021-Q2,MRCY,seizing,investing,investing,5246,5242,5251,described we re also,in the capital improvements,described we re also investing in the capital improvements
245,2021-02-02 17:00:00,NASDAQ,2021-Q2,MRCY,sensing,sense,sense,6619,6615,6624,could give us a,of considerably below sort,could give us a sense of considerably below sort
245,2021-02-02 17:00:00,NASDAQ,2021-Q2,MRCY,seizing,investing,investing,6773,6769,6778,that we ve been,our own internally funded,that we ve been investing our own internally funded
245,2021-02-02 17:00:00,NASDAQ,2021-Q2,MRCY,seizing,investing,investing,7068,7064,7073,us that we were,going all the way,us that we were investing going all the way
245,2021-02-02 17:00:00,NASDAQ,2021-Q2,MRCY,seizing,invested,invested,7196,7192,7201,but yeah we have,substantially literally and over,but yeah we have invested substantially literally and over
245,2021-02-02 17:00:00,NASDAQ,2021-Q2,MRCY,sensing,shape,shape,7937,7933,7942,sheet s in great,so noah poponak goldman,sheet s in great shape so noah poponak goldman
245,2021-02-02 17:00:00,NASDAQ,2021-Q2,MRCY,sensing,sense,sense,8419,8415,8424,do you get a,of how that could,do you get a sense of how that could
246,2021-02-25 20:00:00,NASDAQ,2020-Q4,BILI,seizing,invest,invest,1192,1188,1197,meanwhile we continue to,in areas where we,meanwhile we continue to invest in areas where we
246,2021-02-25 20:00:00,NASDAQ,2020-Q4,BILI,sensing,shape,shape,2219,2215,2224,not only helping to,the new videolization paradigm,not only helping to shape the new videolization paradigm
246,2021-02-25 20:00:00,NASDAQ,2020-Q4,BILI,seizing,invest,invest,2241,2237,2246,we will continue to,in our content and,we will continue to invest in our content and
246,2021-02-25 20:00:00,NASDAQ,2020-Q4,BILI,seizing,invest,invest,4534,4530,4539,is becoming the must,advertising platform foreign speech,is becoming the must invest advertising platform foreign speech
247,2021-11-15 12:00:00,NYSE,2021-Q4,ACM,seizing,investing,investing,1338,1334,1343,and advisory capabilities and,across our key account,and advisory capabilities and investing across our key account
247,2021-11-15 12:00:00,NYSE,2021-Q4,ACM,seizing,invest,invest,2526,2522,2531,creating increased opportunities to,in organic growth while,creating increased opportunities to invest in organic growth while
247,2021-11-15 12:00:00,NYSE,2021-Q4,ACM,transforming,reconfigure,reconfigure,2925,2921,2930,as ongoing investments to,our real estate footprint,as ongoing investments to reconfigure our real estate footprint
247,2021-11-15 12:00:00,NYSE,2021-Q4,ACM,seizing,investing,investing,3139,3135,3144,on the industry while,in people clients and,on the industry while investing in people clients and
247,2021-11-15 12:00:00,NYSE,2021-Q4,ACM,seizing,invested,invested,4097,4093,4102,so much capex being,in projects over the,so much capex being invested in projects over the
247,2021-11-15 12:00:00,NYSE,2021-Q4,ACM,seizing,investing,investing,4167,4163,4172,years and for us,and building a program,years and for us investing and building a program
247,2021-11-15 12:00:00,NYSE,2021-Q4,ACM,seizing,invest,invest,4790,4786,4795,new jersey area to,over the next five,new jersey area to invest over the next five
247,2021-11-15 12:00:00,NYSE,2021-Q4,ACM,sensing,sense,sense,5207,5203,5212,you ve gotten a,of this recently but,you ve gotten a sense of this recently but
247,2021-11-15 12:00:00,NYSE,2021-Q4,ACM,sensing,sense,sense,5584,5580,5589,to get a better,of what the underlying,to get a better sense of what the underlying
247,2021-11-15 12:00:00,NYSE,2021-Q4,ACM,seizing,investing,investing,6105,6101,6110,we re looking at,in their technical and,we re looking at investing in their technical and
247,2021-11-15 12:00:00,NYSE,2021-Q4,ACM,sensing,sense,sense,6547,6543,6552,you give us some,of are they all,you give us some sense of are they all
247,2021-11-15 12:00:00,NYSE,2021-Q4,ACM,seizing,investing,investing,6706,6702,6711,money that we re,in the business to,money that we re investing in the business to
247,2021-11-15 12:00:00,NYSE,2021-Q4,ACM,seizing,invest,invest,6718,6714,6723,we ll continue to,that but we believe,we ll continue to invest that but we believe
247,2021-11-15 12:00:00,NYSE,2021-Q4,ACM,seizing,invest,invest,6750,6746,6755,going to continue to,to change the way,going to continue to invest to change the way
247,2021-11-15 12:00:00,NYSE,2021-Q4,ACM,seizing,investing,investing,6779,6775,6784,working on this and,in this for about,working on this and investing in this for about
247,2021-11-15 12:00:00,NYSE,2021-Q4,ACM,seizing,invest,invest,7573,7569,7578,that we believe that,in organic growth and,that we believe that invest in organic growth and
247,2021-11-15 12:00:00,NYSE,2021-Q4,ACM,seizing,investing,investing,7598,7594,7603,you so this again,invest in organic growth,you so this again investing invest in organic growth
247,2021-11-15 12:00:00,NYSE,2021-Q4,ACM,seizing,invest,invest,7599,7595,7604,so this again investing,in organic growth and,so this again investing invest in organic growth and
247,2021-11-15 12:00:00,NYSE,2021-Q4,ACM,seizing,invest,invest,7755,7751,7760,have the opportunity to,in our business and,have the opportunity to invest in our business and
247,2021-11-15 12:00:00,NYSE,2021-Q4,ACM,seizing,invest,invest,8097,8093,8102,even larger opportunity to,and what you ve,even larger opportunity to invest and what you ve
249,2021-10-29 08:30:00,NYSE,2021-Q3,AON,seizing,invested,invested,851,847,856,shareholders second we ve,heavily in aon business,shareholders second we ve invested heavily in aon business
249,2021-10-29 08:30:00,NYSE,2021-Q3,AON,seizing,invested,invested,2022,2018,2027,using our return on,capital framework in the,using our return on invested capital framework in the
249,2021-10-29 08:30:00,NYSE,2021-Q3,AON,seizing,invest,invest,2556,2552,2561,expect to continue to,organically and inorganically in,expect to continue to invest organically and inorganically in
249,2021-10-29 08:30:00,NYSE,2021-Q3,AON,seizing,invested,invested,2803,2799,2808,approach to return on,capital combined with expected,approach to return on invested capital combined with expected
249,2021-10-29 08:30:00,NYSE,2021-Q3,AON,seizing,invest,invest,3024,3020,3029,we will continue to,meaningfully in talent in,we will continue to invest meaningfully in talent in
249,2021-10-29 08:30:00,NYSE,2021-Q3,AON,seizing,investing,investing,3122,3118,3127,like were you guys,in the third quarter,like were you guys investing in the third quarter
249,2021-10-29 08:30:00,NYSE,2021-Q3,AON,seizing,invest,invest,3273,3269,3278,continued increasing ability to,in growth and build,continued increasing ability to invest in growth and build
249,2021-10-29 08:30:00,NYSE,2021-Q3,AON,sensing,sense,sense,3344,3340,3349,so elyse gets a,on sort of the,so elyse gets a sense on sort of the
249,2021-10-29 08:30:00,NYSE,2021-Q3,AON,seizing,invest,invest,3356,3352,3361,we re able to,in and still maintain,we re able to invest in and still maintain
249,2021-10-29 08:30:00,NYSE,2021-Q3,AON,seizing,invest,invest,3573,3569,3578,analytics area continue to,in our digital space,analytics area continue to invest in our digital space
249,2021-10-29 08:30:00,NYSE,2021-Q3,AON,seizing,investing,investing,3633,3629,3638,capabilities so we re,there and then you,capabilities so we re investing there and then you
249,2021-10-29 08:30:00,NYSE,2021-Q3,AON,seizing,investing,investing,5272,5268,5277,like where we are,for the future is,like where we are investing for the future is
249,2021-10-29 08:30:00,NYSE,2021-Q3,AON,sensing,sense,sense,6361,6357,6366,analyst okay that makes,does it go beyond,analyst okay that makes sense does it go beyond
249,2021-10-29 08:30:00,NYSE,2021-Q3,AON,seizing,investing,investing,6877,6873,6882,and so we re,in share repurchase because,and so we re investing in share repurchase because
249,2021-10-29 08:30:00,NYSE,2021-Q3,AON,seizing,investing,investing,7540,7536,7545,it s really around,in the capability so,it s really around investing in the capability so
249,2021-10-29 08:30:00,NYSE,2021-Q3,AON,seizing,invest,invest,7616,7612,7621,on how do you,consistently over time so,on how do you invest consistently over time so
249,2021-10-29 08:30:00,NYSE,2021-Q3,AON,seizing,invested,invested,7760,7756,7765,about investments we ve,in aon business services,about investments we ve invested in aon business services
249,2021-10-29 08:30:00,NYSE,2021-Q3,AON,sensing,sense,sense,7808,7804,7813,got it that makes,and just as a,got it that makes sense and just as a
249,2021-10-29 08:30:00,NYSE,2021-Q3,AON,seizing,invested,invested,7931,7927,7936,hopefully as we ve,in that capability they,hopefully as we ve invested in that capability they
251,2021-05-14 10:30:00,NYSE,2021-Q1,PBR,sensing,sense,sense,5094,5090,5099,solid it did make,to think of a,solid it did make sense to think of a
251,2021-05-14 10:30:00,NYSE,2021-Q1,PBR,sensing,sense,sense,7205,7201,7210,areas does it make,to participate in the,areas does it make sense to participate in the
251,2021-05-14 10:30:00,NYSE,2021-Q1,PBR,sensing,sense,sense,7237,7233,7242,contract would it make,to enter in the,contract would it make sense to enter in the
252,2020-02-27 16:30:00,NASDAQ,2019-Q4,CDXS,seizing,invest,invest,6908,6904,6913,we re prepared to,the relatively sizable amount,we re prepared to invest the relatively sizable amount
253,2022-07-26 10:00:00,NASDAQ,2022-Q2,CVLG,seizing,investing,investing,305,301,310,the continued pursuit of,in our undervalued company,the continued pursuit of investing in our undervalued company
253,2022-07-26 10:00:00,NASDAQ,2022-Q2,CVLG,seizing,invested,invested,510,506,515,a record return on,capital of now paul,a record return on invested capital of now paul
253,2022-07-26 10:00:00,NASDAQ,2022-Q2,CVLG,sensing,shape,shape,771,767,776,pay is in good,at the present time,pay is in good shape at the present time
253,2022-07-26 10:00:00,NASDAQ,2022-Q2,CVLG,sensing,sense,sense,1953,1949,1958,makes a lot of,and tripp just if,makes a lot of sense and tripp just if
253,2022-07-26 10:00:00,NASDAQ,2022-Q2,CVLG,sensing,sense,sense,3777,3773,3782,acquire that would make,i m just trying,acquire that would make sense i m just trying
254,2021-05-06 09:00:00,NASDAQ,2021-Q1,LBTYA,sensing,shape,shape,748,744,753,gain the ability to,the ecosystem from a,gain the ability to shape the ecosystem from a
254,2021-05-06 09:00:00,NASDAQ,2021-Q1,LBTYA,sensing,sense,sense,3450,3446,3455,investors have the best,of the underlying trends,investors have the best sense of the underlying trends
254,2021-05-06 09:00:00,NASDAQ,2021-Q1,LBTYA,sensing,sense,sense,8250,8246,8255,capacity but in that,has allowed us to,capacity but in that sense has allowed us to
255,2021-06-08 17:00:00,NASDAQ,2021-Q2,CVGW,seizing,invested,invested,855,851,860,the third quarter we,in additional personnel earlier,the third quarter we invested in additional personnel earlier
255,2021-06-08 17:00:00,NASDAQ,2021-Q2,CVGW,seizing,invest,invest,2635,2631,2640,of potential opportunities and,in current infrastructure for,of potential opportunities and invest in current infrastructure for
256,2021-02-04 16:30:00,NYSE,2020-Q4,PINS,seizing,invest,invest,714,710,719,today we continue to,in emerging formats like,today we continue to invest in emerging formats like
256,2021-02-04 16:30:00,NYSE,2020-Q4,PINS,seizing,invest,invest,1261,1257,1266,that means continuing to,in automation and tools,that means continuing to invest in automation and tools
256,2021-02-04 16:30:00,NYSE,2020-Q4,PINS,seizing,investing,investing,1287,1283,1292,bring on new advertisers,in content safety so,bring on new advertisers investing in content safety so
256,2021-02-04 16:30:00,NYSE,2020-Q4,PINS,seizing,invested,invested,1739,1735,1744,last year we ve,in our ability to,last year we ve invested in our ability to
256,2021-02-04 16:30:00,NYSE,2020-Q4,PINS,seizing,invest,invest,1851,1847,1856,plan to continue to,to best serve pinners,plan to continue to invest to best serve pinners
256,2021-02-04 16:30:00,NYSE,2020-Q4,PINS,sensing,sense,sense,2394,2390,2399,a bit of a,of the key verticals,a bit of a sense of the key verticals
256,2021-02-04 16:30:00,NYSE,2020-Q4,PINS,seizing,invest,invest,3215,3211,3220,want to continue to,in catalog upload it,want to continue to invest in catalog upload it
256,2021-02-04 16:30:00,NYSE,2020-Q4,PINS,seizing,investing,investing,3426,3422,3431,areas that we re,in on the tool,areas that we re investing in on the tool
256,2021-02-04 16:30:00,NYSE,2020-Q4,PINS,seizing,invest,invest,3576,3572,3581,and we continue to,in first party insights,and we continue to invest in first party insights
256,2021-02-04 16:30:00,NYSE,2020-Q4,PINS,seizing,invest,invest,3651,3647,3656,re also going to,in sponsored story pins,re also going to invest in sponsored story pins
256,2021-02-04 16:30:00,NYSE,2020-Q4,PINS,sensing,sense,sense,4214,4210,4219,a price that makes,for you so as,a price that makes sense for you so as
256,2021-02-04 16:30:00,NYSE,2020-Q4,PINS,seizing,investing,investing,4299,4295,4304,saying that we re,to address this issue,saying that we re investing to address this issue
256,2021-02-04 16:30:00,NYSE,2020-Q4,PINS,seizing,investing,investing,4351,4347,4356,so what are we,in i think you,so what are we investing in i think you
256,2021-02-04 16:30:00,NYSE,2020-Q4,PINS,seizing,invest,invest,4396,4392,4401,things that we can,in and deliver from,things that we can invest in and deliver from
256,2021-02-04 16:30:00,NYSE,2020-Q4,PINS,seizing,invest,invest,4927,4923,4932,we re excited to,in i ll also,we re excited to invest in i ll also
256,2021-02-04 16:30:00,NYSE,2020-Q4,PINS,seizing,investing,investing,6153,6149,6158,continue to focus on,in automation features and,continue to focus on investing in automation features and
256,2021-02-04 16:30:00,NYSE,2020-Q4,PINS,seizing,investing,investing,6490,6486,6495,s is we re,in that smaller and,s is we re investing in that smaller and
256,2021-02-04 16:30:00,NYSE,2020-Q4,PINS,sensing,sense,sense,7261,7257,7266,the price that makes,to you so definitely,the price that makes sense to you so definitely
257,2019-11-12 11:00:00,NASDAQ,2019-Q3,EBIX,seizing,invested,invested,1109,1105,1114,common stock we also,about million on capex,common stock we also invested about million on capex
257,2019-11-12 11:00:00,NASDAQ,2019-Q3,EBIX,seizing,investing,investing,2554,2550,2559,insurance arena we are,in a lot of,insurance arena we are investing in a lot of
258,2021-02-10 14:00:00,NYSE,2020-Q4,PAG,sensing,shape,shape,1050,1046,1055,sheet is in great,our total inventory is,sheet is in great shape our total inventory is
258,2021-02-10 14:00:00,NYSE,2020-Q4,PAG,seizing,invested,invested,1229,1225,1234,by million annually we,a net million in,by million annually we invested a net million in
258,2021-02-10 14:00:00,NYSE,2020-Q4,PAG,sensing,sense,sense,2115,2111,2120,you give us a,of just the timeline,you give us a sense of just the timeline
258,2021-02-10 14:00:00,NYSE,2020-Q4,PAG,seizing,invest,invest,2299,2295,2304,car superstores we ll,about million and we,car superstores we ll invest about million and we
258,2021-02-10 14:00:00,NYSE,2020-Q4,PAG,seizing,investing,investing,2403,2399,2408,supercenters we ll be,as i mentioned earlier,supercenters we ll be investing as i mentioned earlier
258,2021-02-10 14:00:00,NYSE,2020-Q4,PAG,sensing,shape,shape,2695,2691,2700,re certainly in better,but i would say,re certainly in better shape but i would say
258,2021-02-10 14:00:00,NYSE,2020-Q4,PAG,seizing,invested,invested,4171,4167,4176,our balance sheet we,of about million of,our balance sheet we invested of about million of
258,2021-02-10 14:00:00,NYSE,2020-Q4,PAG,sensing,shape,shape,5956,5952,5961,costs are in great,and i think our,costs are in great shape and i think our
258,2021-02-10 14:00:00,NYSE,2020-Q4,PAG,seizing,invest,invest,6282,6278,6287,we ll continue to,properly there but right,we ll continue to invest properly there but right
259,2019-04-25 11:00:00,NYSE,2019-Q1,SUI,seizing,invested,invested,1387,1383,1392,quite active we have,million across seven operating,quite active we have invested million across seven operating
259,2019-04-25 11:00:00,NYSE,2019-Q1,SUI,sensing,sensing,sensing,2166,2162,2171,m wondering are you,any discussion in your,m wondering are you sensing any discussion in your
259,2019-04-25 11:00:00,NYSE,2019-Q1,SUI,sensing,sense,sense,3822,3818,3827,street advisors analyst any,for size gary a,street advisors analyst any sense for size gary a
259,2019-04-25 11:00:00,NYSE,2019-Q1,SUI,sensing,sense,sense,3922,3918,3927,baird analyst okay makes,and then just in,baird analyst okay makes sense and then just in
259,2019-04-25 11:00:00,NYSE,2019-Q1,SUI,sensing,sense,sense,4228,4224,4233,analyst okay understood makes,thank you operator thank,analyst okay understood makes sense thank you operator thank
260,2020-01-22 17:00:00,NASDAQ,2020-Q1,PTC,transforming,transforming,transforming,983,979,988,of how enterprises are,their business with ptc,of how enterprises are transforming their business with ptc
260,2020-01-22 17:00:00,NASDAQ,2020-Q1,PTC,transforming,transform,transform,2036,2032,2041,with our plans to,ptc into one of,with our plans to transform ptc into one of
260,2020-01-22 17:00:00,NASDAQ,2020-Q1,PTC,sensing,sense,sense,3607,3603,3612,you give us a,for how your net,you give us a sense for how your net
260,2020-01-22 17:00:00,NASDAQ,2020-Q1,PTC,sensing,sense,sense,3728,3724,3733,you give us a,for how we should,you give us a sense for how we should
260,2020-01-22 17:00:00,NASDAQ,2020-Q1,PTC,sensing,sense,sense,4016,4012,4021,ramp does that make,kristian talvitie executive vice,ramp does that make sense kristian talvitie executive vice
260,2020-01-22 17:00:00,NASDAQ,2020-Q1,PTC,sensing,sense,sense,6965,6961,6970,better proxy in that,cash generation for the,better proxy in that sense cash generation for the
260,2020-01-22 17:00:00,NASDAQ,2020-Q1,PTC,sensing,sense,sense,7545,7541,7550,it okay that makes,james e heppelmann president,it okay that makes sense james e heppelmann president
261,2021-02-04 16:30:00,NASDAQ,2020-Q4,ATVI,seizing,invest,invest,660,656,665,end we continue to,in initiatives to identify,end we continue to invest in initiatives to identify
261,2021-02-04 16:30:00,NASDAQ,2020-Q4,ATVI,seizing,invest,invest,1170,1166,1175,in the game and,around three times more,in the game and invest around three times more
261,2021-02-04 16:30:00,NASDAQ,2020-Q4,ATVI,seizing,investing,investing,1853,1849,1858,to our core franchises,in development resources and,to our core franchises investing in development resources and
261,2021-02-04 16:30:00,NASDAQ,2020-Q4,ATVI,transforming,transform,transform,1871,1867,1876,from our initiatives to,our largest franchises through,from our initiatives to transform our largest franchises through
261,2021-02-04 16:30:00,NASDAQ,2020-Q4,ATVI,seizing,invest,invest,2127,2123,2132,we also continue to,in building our direct,we also continue to invest in building our direct
261,2021-02-04 16:30:00,NASDAQ,2020-Q4,ATVI,seizing,invest,invest,3373,3369,3378,new features choosing to,more deeply in their,new features choosing to invest more deeply in their
261,2021-02-04 16:30:00,NASDAQ,2020-Q4,ATVI,seizing,invest,invest,3493,3489,3498,the team continues to,in the direct sales,the team continues to invest in the direct sales
261,2021-02-04 16:30:00,NASDAQ,2020-Q4,ATVI,seizing,invest,invest,3811,3807,3816,we will continue to,in growing creative talent,we will continue to invest in growing creative talent
261,2021-02-04 16:30:00,NASDAQ,2020-Q4,ATVI,seizing,invest,invest,3844,3840,3849,will also continue to,in our battle net,will also continue to invest in our battle net
261,2021-02-04 16:30:00,NASDAQ,2020-Q4,ATVI,sensing,sense,sense,5460,5456,5465,have even a greater,for how we can,have even a greater sense for how we can
261,2021-02-04 16:30:00,NASDAQ,2020-Q4,ATVI,seizing,invest,invest,5921,5917,5926,going to continue to,significantly across all fronts,going to continue to invest significantly across all fronts
261,2021-02-04 16:30:00,NASDAQ,2020-Q4,ATVI,seizing,invested,invested,7376,7372,7381,but we ve also,in deeper product road,but we ve also invested in deeper product road
261,2021-02-04 16:30:00,NASDAQ,2020-Q4,ATVI,seizing,invest,invest,8020,8016,8025,re also continuing to,in talent in a,re also continuing to invest in talent in a
262,2022-07-18 17:00:00,NYSE,2022-Q2,IBM,seizing,investing,investing,828,824,833,many reasons we are,heavily in both ai,many reasons we are investing heavily in both ai
262,2022-07-18 17:00:00,NYSE,2022-Q2,IBM,seizing,investing,investing,2182,2178,2187,reflected in cash from,activities versus in our,reflected in cash from investing activities versus in our
262,2022-07-18 17:00:00,NYSE,2022-Q2,IBM,seizing,invested,invested,2201,2197,2206,the first half we,nearly billion in acquisitions,the first half we invested nearly billion in acquisitions
262,2022-07-18 17:00:00,NYSE,2022-Q2,IBM,seizing,invest,invest,2537,2533,2542,we re continuing to,in our security capabilities,we re continuing to invest in our security capabilities
262,2022-07-18 17:00:00,NYSE,2022-Q2,IBM,transforming,transform,transform,2830,2826,2835,ibm to help them,critical workflows at scale,ibm to help them transform critical workflows at scale
262,2022-07-18 17:00:00,NYSE,2022-Q2,IBM,seizing,invest,invest,2994,2990,2999,growth we continue to,in our partner ecosystem,growth we continue to invest in our partner ecosystem
262,2022-07-18 17:00:00,NYSE,2022-Q2,IBM,seizing,investing,investing,3178,3174,3183,ai accelerator clients are,in z systems platform,ai accelerator clients are investing in z systems platform
262,2022-07-18 17:00:00,NYSE,2022-Q2,IBM,seizing,invest,invest,7103,7099,7108,your supply side to,in skills and capabilities,your supply side to invest in skills and capabilities
262,2022-07-18 17:00:00,NYSE,2022-Q2,IBM,sensing,sense,sense,7486,7482,7491,that what is your,if you have some,that what is your sense if you have some
263,2021-02-01 08:00:00,NASDAQ,2021-Q2,AKTS,transforming,redesigned,redesigned,7523,7519,7528,we also have have,some of our parts,we also have have redesigned some of our parts
263,2021-02-01 08:00:00,NASDAQ,2021-Q2,AKTS,transforming,redesign,redesign,7626,7622,7631,that s a complete,of of materials you,that s a complete redesign of of materials you
264,2021-07-20 09:00:00,NYSE,2021-Q2,PM,seizing,invest,invest,4536,4532,4541,moreover we continue to,in the future most,moreover we continue to invest in the future most
264,2021-07-20 09:00:00,NYSE,2021-Q2,PM,seizing,investing,investing,4563,4559,4568,year we are also,in the broadening of,year we are also investing in the broadening of
264,2021-07-20 09:00:00,NYSE,2021-Q2,PM,seizing,investing,investing,4605,4601,4610,in addition we are,in the capabilities of,in addition we are investing in the capabilities of
264,2021-07-20 09:00:00,NYSE,2021-Q2,PM,sensing,sense,sense,4931,4927,4936,want to get a,if you thought that,want to get a sense if you thought that
264,2021-07-20 09:00:00,NYSE,2021-Q2,PM,seizing,invest,invest,9097,9093,9102,d certainly want to,with a great return,d certainly want to invest with a great return
265,2021-08-12 16:30:00,NASDAQ,2021-Q2,TFFP,transforming,transform,transform,2988,2984,2993,its ability to successfully,these complex molecules into,its ability to successfully transform these complex molecules into
265,2021-08-12 16:30:00,NASDAQ,2021-Q2,TFFP,transforming,transformed,transformed,3349,3345,3354,film freeze drying successfully,a liquid suspension form,film freeze drying successfully transformed a liquid suspension form
266,2022-11-03 17:00:00,NYSE,2022-Q3,MODG,seizing,investing,investing,926,922,931,from an enterprise perspective,in the topgolf venues,from an enterprise perspective investing in the topgolf venues
266,2022-11-03 17:00:00,NYSE,2022-Q3,MODG,seizing,investing,investing,1309,1305,1314,thitikul as well as,in our callaway next,thitikul as well as investing in our callaway next
266,2022-11-03 17:00:00,NYSE,2022-Q3,MODG,seizing,invest,invest,1327,1323,1332,d we continue to,in new capabilities that,d we continue to invest in new capabilities that
266,2022-11-03 17:00:00,NYSE,2022-Q3,MODG,transforming,transform,transform,4389,4385,4394,got the potential to,how people hit golf,got the potential to transform how people hit golf
266,2022-11-03 17:00:00,NYSE,2022-Q3,MODG,transforming,transforming,transforming,7085,7081,7090,venue openings and thus,our business even faster,venue openings and thus transforming our business even faster
267,2021-02-22 11:00:00,NYSE,2020-Q4,KOS,seizing,invest,invest,3483,3479,3488,is the flexibility to,our capital across multiple,is the flexibility to invest our capital across multiple
267,2021-02-22 11:00:00,NYSE,2020-Q4,KOS,seizing,invest,invest,3503,3499,3508,we ll look to,in equally high return,we ll look to invest in equally high return
267,2021-02-22 11:00:00,NYSE,2020-Q4,KOS,seizing,invested,invested,4243,4239,4248,develop the risk to,capital over that period,develop the risk to invested capital over that period
267,2021-02-22 11:00:00,NYSE,2020-Q4,KOS,sensing,sense,sense,4702,4698,4707,a little bit of,on on the fpso,a little bit of sense on on the fpso
267,2021-02-22 11:00:00,NYSE,2020-Q4,KOS,seizing,invested,invested,7290,7286,7295,asset they ve clearly,into eg on that,asset they ve clearly invested into eg on that
267,2021-02-22 11:00:00,NYSE,2020-Q4,KOS,seizing,invest,invest,7418,7414,7423,partner that wants to,alongside us so i,partner that wants to invest alongside us so i
267,2021-02-22 11:00:00,NYSE,2020-Q4,KOS,sensing,sense,sense,7495,7491,7500,set and in that,this is a third,set and in that sense this is a third
267,2021-02-22 11:00:00,NYSE,2020-Q4,KOS,sensing,sense,sense,7824,7820,7829,us a sort of,of how the west,us a sort of sense of how the west
267,2021-02-22 11:00:00,NYSE,2020-Q4,KOS,sensing,shape,shape,10270,10266,10275,isn t probably the,you want what are,isn t probably the shape you want what are
269,2023-01-23 08:00:00,NYSE,2022-Q4,SYF,transforming,redesigned,redesigned,1579,1575,1584,data and a completely,digital service experience in,data and a completely redesigned digital service experience in
269,2023-01-23 08:00:00,NYSE,2022-Q4,SYF,seizing,invest,invest,2224,2220,2229,leverage even as we,in our business and,leverage even as we invest in our business and
269,2023-01-23 08:00:00,NYSE,2022-Q4,SYF,sensing,shaped,shaped,6761,6757,6766,talk about a k,recovery i think we,talk about a k shaped recovery i think we
269,2023-01-23 08:00:00,NYSE,2022-Q4,SYF,sensing,sense,sense,8654,8650,8659,things where it makes,to add some years,things where it makes sense to add some years
269,2023-01-23 08:00:00,NYSE,2022-Q4,SYF,sensing,shaped,shaped,9067,9063,9072,would say more k,recovery or we re,would say more k shaped recovery or we re
269,2023-01-23 08:00:00,NYSE,2022-Q4,SYF,sensing,shaped,shaped,9308,9304,9313,bit of a k,recovery where we re,bit of a k shaped recovery where we re
270,2021-01-27 16:30:00,NYSE,2020-Q4,LVS,transforming,transformed,transformed,346,342,351,challenge the status quo,the entire market in,challenge the status quo transformed the entire market in
270,2021-01-27 16:30:00,NYSE,2020-Q4,LVS,seizing,invest,invest,790,786,795,for our company to,in than macao we,for our company to invest in than macao we
270,2021-01-27 16:30:00,NYSE,2020-Q4,LVS,seizing,invest,invest,798,794,803,we will continue to,in our resort product,we will continue to invest in our resort product
270,2021-01-27 16:30:00,NYSE,2020-Q4,LVS,sensing,sense,sense,1619,1615,1624,policy issue in the,of they can do,policy issue in the sense of they can do
270,2021-01-27 16:30:00,NYSE,2020-Q4,LVS,seizing,invest,invest,2383,2379,2388,a big appetite to,in gambling so i,a big appetite to invest in gambling so i
270,2021-01-27 16:30:00,NYSE,2020-Q4,LVS,seizing,invest,invest,2475,2471,2480,always done which is,heavily invest heavily in,always done which is invest heavily invest heavily in
270,2021-01-27 16:30:00,NYSE,2020-Q4,LVS,seizing,invest,invest,2477,2473,2482,which is invest heavily,heavily in non gaming,which is invest heavily invest heavily in non gaming
270,2021-01-27 16:30:00,NYSE,2020-Q4,LVS,seizing,invest,invest,2561,2557,2566,money we did it,in the cap i,money we did it invest in the cap i
270,2021-01-27 16:30:00,NYSE,2020-Q4,LVS,seizing,invest,invest,2574,2570,2579,covered that already billion,in non gaming that,covered that already billion invest in non gaming that
270,2021-01-27 16:30:00,NYSE,2020-Q4,LVS,sensing,sense,sense,5073,5069,5078,of appetite did you,you sort of publicly,of appetite did you sense you sort of publicly
270,2021-01-27 16:30:00,NYSE,2020-Q4,LVS,seizing,invest,invest,5336,5332,5341,goals and continue to,there so we have,goals and continue to invest there so we have
270,2021-01-27 16:30:00,NYSE,2020-Q4,LVS,seizing,invest,invest,5650,5646,5655,be a requirement to,more in macao it,be a requirement to invest more in macao it
270,2021-01-27 16:30:00,NYSE,2020-Q4,LVS,seizing,invest,invest,5667,5663,5672,can t wait to,billion billion that s,can t wait to invest billion billion that s
270,2021-01-27 16:30:00,NYSE,2020-Q4,LVS,sensing,sense,sense,5736,5732,5741,also gave you a,of londoner and four,also gave you a sense of londoner and four
270,2021-01-27 16:30:00,NYSE,2020-Q4,LVS,seizing,invest,invest,6382,6378,6387,very much want to,in singapore it s,very much want to invest in singapore it s
270,2021-01-27 16:30:00,NYSE,2020-Q4,LVS,seizing,invest,invest,6416,6412,6421,do we want to,money in singapore we,do we want to invest money in singapore we
270,2021-01-27 16:30:00,NYSE,2020-Q4,LVS,seizing,invested,invested,8485,8481,8490,s why we strategically,in products that serve,s why we strategically invested in products that serve
271,2022-10-13 11:00:00,NYSE,2022-Q4,CMC,seizing,invested,invested,658,654,663,an annual return on,capital of up over,an annual return on invested capital of up over
271,2022-10-13 11:00:00,NYSE,2022-Q4,CMC,sensing,sense,sense,1342,1338,1347,to give you a,of the scale of,to give you a sense of the scale of
271,2022-10-13 11:00:00,NYSE,2022-Q4,CMC,seizing,invested,invested,1792,1788,1797,an annualized return on,capital of our past,an annualized return on invested capital of our past
271,2022-10-13 11:00:00,NYSE,2022-Q4,CMC,seizing,investing,investing,4301,4297,4306,cash from operations despite,million in working capital,cash from operations despite investing million in working capital
271,2022-10-13 11:00:00,NYSE,2022-Q4,CMC,seizing,invest,invest,4481,4477,4486,outlook we expect to,million to million in,outlook we expect to invest million to million in
271,2022-10-13 11:00:00,NYSE,2022-Q4,CMC,seizing,investing,investing,6550,6546,6555,on the attractiveness of,in europe in the,on the attractiveness of investing in europe in the
272,2021-10-21 09:00:00,NYSE,2021-Q3,BX,seizing,invest,invest,603,599,608,terms of who can,and what they can,terms of who can invest and what they can
272,2021-10-21 09:00:00,NYSE,2021-Q3,BX,seizing,invest,invest,608,604,613,and what they can,in we continue to,and what they can invest in we continue to
272,2021-10-21 09:00:00,NYSE,2021-Q3,BX,seizing,invest,invest,1205,1201,1210,and where we can,we ve compared this,and where we can invest we ve compared this
272,2021-10-21 09:00:00,NYSE,2021-Q3,BX,seizing,investing,investing,1648,1644,1653,we ve been actively,in this area including,we ve been actively investing in this area including
272,2021-10-21 09:00:00,NYSE,2021-Q3,BX,seizing,invested,invested,1771,1767,1776,busiest ever with billion,and an additional billion,busiest ever with billion invested and an additional billion
272,2021-10-21 09:00:00,NYSE,2021-Q3,BX,transforming,transform,transform,1873,1869,1878,work in which we,the asset and improved,work in which we transform the asset and improved
272,2021-10-21 09:00:00,NYSE,2021-Q3,BX,transforming,transforming,transforming,2151,2147,2156,strategies in particular is,the firm s earnings,strategies in particular is transforming the firm s earnings
272,2021-10-21 09:00:00,NYSE,2021-Q3,BX,seizing,invested,invested,2339,2335,2344,s store of value,performance revenue eligible aum,s store of value invested performance revenue eligible aum
272,2021-10-21 09:00:00,NYSE,2021-Q3,BX,seizing,invest,invest,2416,2412,2421,over time turning to,performance which as you,over time turning to invest performance which as you
272,2021-10-21 09:00:00,NYSE,2021-Q3,BX,seizing,investing,investing,3978,3974,3983,great example of thematic,one is it s,great example of thematic investing one is it s
272,2021-10-21 09:00:00,NYSE,2021-Q3,BX,seizing,investing,investing,4058,4054,4063,high level high conviction,that we re expressing,high level high conviction investing that we re expressing
272,2021-10-21 09:00:00,NYSE,2021-Q3,BX,sensing,sense,sense,4331,4327,4336,give us a little,of what s to,give us a little sense of what s to
272,2021-10-21 09:00:00,NYSE,2021-Q3,BX,seizing,invested,invested,4469,4465,4474,market conditions obviously the,performance revenue aum has,market conditions obviously the invested performance revenue aum has
272,2021-10-21 09:00:00,NYSE,2021-Q3,BX,seizing,investing,investing,4745,4741,4750,we also have been,for years in innovation,we also have been investing for years in innovation
272,2021-10-21 09:00:00,NYSE,2021-Q3,BX,transforming,transform,transform,4766,4762,4771,from how do we,the basic daily work,from how do we transform the basic daily work
272,2021-10-21 09:00:00,NYSE,2021-Q3,BX,seizing,investing,investing,4782,4778,4787,and also from an,standpoint and i think,and also from an investing standpoint and i think
272,2021-10-21 09:00:00,NYSE,2021-Q3,BX,seizing,investing,investing,4831,4827,4836,area we ve been,in people and in,area we ve been investing in people and in
272,2021-10-21 09:00:00,NYSE,2021-Q3,BX,seizing,invest,invest,5671,5667,5676,of investors desire to,in future blackstone funds,of investors desire to invest in future blackstone funds
272,2021-10-21 09:00:00,NYSE,2021-Q3,BX,seizing,investing,investing,6428,6424,6433,almost exclusively fixed income,buying a liquid cusip,almost exclusively fixed income investing buying a liquid cusip
272,2021-10-21 09:00:00,NYSE,2021-Q3,BX,seizing,investing,investing,6628,6624,6633,liabilities and doing spread,against those what we,liabilities and doing spread investing against those what we
272,2021-10-21 09:00:00,NYSE,2021-Q3,BX,seizing,investing,investing,6958,6954,6963,aimed at private equity,but blackstone invests all,aimed at private equity investing but blackstone invests all
272,2021-10-21 09:00:00,NYSE,2021-Q3,BX,seizing,investing,investing,7014,7010,7019,involvement in private markets,in europe and asia,involvement in private markets investing in europe and asia
272,2021-10-21 09:00:00,NYSE,2021-Q3,BX,seizing,invested,invested,7159,7155,7164,energy where we ve,billion in the last,energy where we ve invested billion in the last
272,2021-10-21 09:00:00,NYSE,2021-Q3,BX,seizing,investing,investing,7259,7255,7264,re growing businesses and,in businesses i give,re growing businesses and investing in businesses i give
272,2021-10-21 09:00:00,NYSE,2021-Q3,BX,seizing,invest,invest,7926,7922,7931,of assets you can,in we just made,of assets you can invest in we just made
273,2019-11-06 09:00:00,NASDAQ,2019-Q3,LILAK,transforming,transforming,transforming,1845,1841,1850,are very committed to,our business to improve,are very committed to transforming our business to improve
273,2019-11-06 09:00:00,NASDAQ,2019-Q3,LILAK,seizing,invested,invested,5253,5249,5258,t and the recovery,significantly around resiliency so,t and the recovery invested significantly around resiliency so
273,2019-11-06 09:00:00,NASDAQ,2019-Q3,LILAK,sensing,sense,sense,5370,5366,5375,your what s the,of your team in,your what s the sense of your team in
273,2019-11-06 09:00:00,NASDAQ,2019-Q3,LILAK,seizing,invest,invest,5717,5713,5722,we will continue to,in chile andres coello,we will continue to invest in chile andres coello
274,2021-02-25 16:30:00,NASDAQ,2020-Q4,ICUI,seizing,invested,invested,1812,1808,1817,texas operations we have,nearly million in capex,texas operations we have invested nearly million in capex
274,2021-02-25 16:30:00,NASDAQ,2020-Q4,ICUI,seizing,invested,invested,2102,2098,2107,the full year we,in employee safety provided,the full year we invested in employee safety provided
274,2021-02-25 16:30:00,NASDAQ,2020-Q4,ICUI,seizing,invest,invest,2126,2122,2131,we will continue to,in incremental inventories a,we will continue to invest in incremental inventories a
274,2021-02-25 16:30:00,NASDAQ,2020-Q4,ICUI,seizing,investing,investing,3771,3767,3776,free cash flow after,over million in capex,free cash flow after investing over million in capex
274,2021-02-25 16:30:00,NASDAQ,2020-Q4,ICUI,sensing,sense,sense,4349,4345,4354,you give us a,of the backlog of,you give us a sense of the backlog of
274,2021-02-25 16:30:00,NASDAQ,2020-Q4,ICUI,sensing,sense,sense,4374,4370,4379,makes a lot of,but for this margin,makes a lot of sense but for this margin
275,2019-08-01 11:00:00,NASDAQ,2019-Q2,AAWW,sensing,sense,sense,2388,2384,2393,hard to get a,of the magnitude you,hard to get a sense of the magnitude you
275,2019-08-01 11:00:00,NASDAQ,2019-Q2,AAWW,sensing,sense,sense,5459,5455,5464,it john that makes,gentlemen thank you so,it john that makes sense gentlemen thank you so
275,2019-08-01 11:00:00,NASDAQ,2019-Q2,AAWW,seizing,investing,investing,6081,6077,6086,the strong balance sheet,in the right assets,the strong balance sheet investing in the right assets
275,2019-08-01 11:00:00,NASDAQ,2019-Q2,AAWW,seizing,invest,invest,6122,6118,6127,sheet we want to,in assets although we,sheet we want to invest in assets although we
275,2019-08-01 11:00:00,NASDAQ,2019-Q2,AAWW,seizing,invest,invest,6134,6130,6139,commitments this year but,in assets the customers,commitments this year but invest in assets the customers
275,2019-08-01 11:00:00,NASDAQ,2019-Q2,AAWW,transforming,transformed,transformed,7448,7444,7453,believe the model s,we have the right,believe the model s transformed we have the right
275,2019-08-01 11:00:00,NASDAQ,2019-Q2,AAWW,sensing,sense,sense,9084,9080,9089,stifel analyst that makes,on the labor side,stifel analyst that makes sense on the labor side
276,2021-04-20 08:30:00,NYSE,2021-Q1,MAN,sensing,shape,shape,4970,4966,4975,trends start to take,and we see this,trends start to take shape and we see this
276,2021-04-20 08:30:00,NYSE,2021-Q1,MAN,sensing,sense,sense,5427,5423,5432,you provide some granular,for how that s,you provide some granular sense for how that s
276,2021-04-20 08:30:00,NYSE,2021-Q1,MAN,sensing,sense,sense,6327,6323,6332,what s your general,jonas prising chairman and,what s your general sense jonas prising chairman and
276,2021-04-20 08:30:00,NYSE,2021-Q1,MAN,sensing,shaped,shaped,6832,6828,6837,how the bill rates,up in the quarter,how the bill rates shaped up in the quarter
276,2021-04-20 08:30:00,NYSE,2021-Q1,MAN,seizing,investing,investing,7229,7225,7234,ftes and we re,in the business in,ftes and we re investing in the business in
276,2021-04-20 08:30:00,NYSE,2021-Q1,MAN,seizing,investing,investing,7248,7244,7253,we ve been steadily,in perm consultants in,we ve been steadily investing in perm consultants in
276,2021-04-20 08:30:00,NYSE,2021-Q1,MAN,sensing,shape,shape,7800,7796,7805,to kind of further,the business jack mcginnis,to kind of further shape the business jack mcginnis
276,2021-04-20 08:30:00,NYSE,2021-Q1,MAN,sensing,sense,sense,8803,8799,8808,analyst got it makes,and i guess as,analyst got it makes sense and i guess as
278,2022-03-22 16:30:00,NASDAQ,2021-Q4,XGN,sensing,sense,sense,3692,3688,3697,those when they make,from a standpoint of,those when they make sense from a standpoint of
278,2022-03-22 16:30:00,NASDAQ,2021-Q4,XGN,sensing,sense,sense,4268,4264,4273,interferon alpha does make,for us as these,interferon alpha does make sense for us as these
278,2022-03-22 16:30:00,NASDAQ,2021-Q4,XGN,sensing,sense,sense,4295,4291,4300,lupus test it makes,for us to meet,lupus test it makes sense for us to meet
278,2022-03-22 16:30:00,NASDAQ,2021-Q4,XGN,sensing,sense,sense,5303,5299,5308,ok yeah that makes,and then last one,ok yeah that makes sense and then last one
278,2022-03-22 16:30:00,NASDAQ,2021-Q4,XGN,sensing,shape,shape,5555,5551,5560,you take this to,out in calendar given,you take this to shape out in calendar given
279,2021-03-24 17:00:00,NASDAQ,2020-Q4,APTX,sensing,sense,sense,2984,2980,2989,just give us a,about the cash burns,just give us a sense about the cash burns
279,2021-03-24 17:00:00,NASDAQ,2020-Q4,APTX,sensing,sense,sense,3053,3049,3058,we think it makes,to expand to basically,we think it makes sense to expand to basically
279,2021-03-24 17:00:00,NASDAQ,2020-Q4,APTX,sensing,sense,sense,4674,4670,4679,it just makes perfect,for us to say,it just makes perfect sense for us to say
279,2021-03-24 17:00:00,NASDAQ,2020-Q4,APTX,sensing,shape,shape,6997,6993,7002,of how we actually,indication expansion and choose,of how we actually shape indication expansion and choose
279,2021-03-24 17:00:00,NASDAQ,2020-Q4,APTX,sensing,shaped,shaped,7082,7078,7087,that are obviously you,a response curve here,that are obviously you shaped a response curve here
279,2021-03-24 17:00:00,NASDAQ,2020-Q4,APTX,sensing,sense,sense,9519,9515,9524,think it would make,perhaps post data in,think it would make sense perhaps post data in
280,2021-07-20 08:30:00,NYSE,2021-Q2,OMC,seizing,invest,invest,2042,2038,2047,are constantly looking to,in our people and,are constantly looking to invest in our people and
280,2021-07-20 08:30:00,NYSE,2021-Q2,OMC,seizing,invested,invested,5433,5429,5438,months our return on,capital ratio was while,months our return on invested capital ratio was while
280,2021-07-20 08:30:00,NYSE,2021-Q2,OMC,sensing,sense,sense,6325,6321,6330,are you getting the,you ve got such,are you getting the sense you ve got such
280,2021-07-20 08:30:00,NYSE,2021-Q2,OMC,sensing,sense,sense,6341,6337,6346,are you getting the,that there is some,are you getting the sense that there is some
281,2020-04-29 17:00:00,NYSE,2020-Q1,NOW,transforming,transform,transform,2536,2532,2541,help our customers digitally,before i move to,help our customers digitally transform before i move to
281,2020-04-29 17:00:00,NYSE,2020-Q1,NOW,seizing,invest,invest,3390,3386,3395,we will continue to,in strategic areas such,we will continue to invest in strategic areas such
281,2020-04-29 17:00:00,NYSE,2020-Q1,NOW,transforming,transform,transform,3509,3505,3514,we will help companies,the way work gets,we will help companies transform the way work gets
281,2020-04-29 17:00:00,NYSE,2020-Q1,NOW,seizing,invest,invest,3579,3575,3584,we will continue to,for long term growth,we will continue to invest for long term growth
281,2020-04-29 17:00:00,NYSE,2020-Q1,NOW,sensing,sense,sense,5692,5688,5697,in the cloud economics,but even more it,in the cloud economics sense but even more it
281,2020-04-29 17:00:00,NYSE,2020-Q1,NOW,sensing,sense,sense,5701,5697,5706,s everything in the,of the servicenow culture,s everything in the sense of the servicenow culture
281,2020-04-29 17:00:00,NYSE,2020-Q1,NOW,transforming,transformed,transformed,7018,7014,7023,companies that are digitally,and attracting others who,companies that are digitally transformed and attracting others who
281,2020-04-29 17:00:00,NYSE,2020-Q1,NOW,transforming,transformed,transformed,7027,7023,7032,want to be digitally,might actually get some,want to be digitally transformed might actually get some
281,2020-04-29 17:00:00,NYSE,2020-Q1,NOW,sensing,sense,sense,7291,7287,7296,you just getting the,that you re consolidating,you just getting the sense that you re consolidating
281,2020-04-29 17:00:00,NYSE,2020-Q1,NOW,sensing,sense,sense,8046,8042,8051,trying to get a,on sort of how,trying to get a sense on sort of how
281,2020-04-29 17:00:00,NYSE,2020-Q1,NOW,sensing,shape,shape,9009,9005,9014,market leading solutions and,them in a way,market leading solutions and shape them in a way
281,2020-04-29 17:00:00,NYSE,2020-Q1,NOW,transforming,transformed,transformed,9704,9700,9709,they re not digitally,and their competitors are,they re not digitally transformed and their competitors are
281,2020-04-29 17:00:00,NYSE,2020-Q1,NOW,seizing,invest,invest,10551,10547,10556,and we continue to,aggressively in our long,and we continue to invest aggressively in our long
281,2020-04-29 17:00:00,NYSE,2020-Q1,NOW,seizing,invest,invest,10610,10606,10615,we will continue to,here and continue to,we will continue to invest here and continue to
282,2020-05-07 11:00:00,NYSE,2020-Q1,CF,sensing,shape,shape,3544,3540,3549,in terms of the,of the cost curve,in terms of the shape of the cost curve
282,2020-05-07 11:00:00,NYSE,2020-Q1,CF,sensing,sense,sense,6570,6566,6575,do you have a,for what that number,do you have a sense for what that number
282,2020-05-07 11:00:00,NYSE,2020-Q1,CF,sensing,sense,sense,7920,7916,7925,time and that makes,as we stay around,time and that makes sense as we stay around
283,2021-01-28 10:00:00,NYSE,2020-Q4,VLO,seizing,investing,investing,977,973,982,pursuing excellence in operations,for earnings growth with,pursuing excellence in operations investing for earnings growth with
283,2021-01-28 10:00:00,NYSE,2020-Q4,VLO,seizing,invested,invested,1050,1046,1055,a higher return on,capital so with that,a higher return on invested capital so with that
283,2021-01-28 10:00:00,NYSE,2020-Q4,VLO,seizing,investing,investing,1677,1673,1682,year with regard to,activities we made million,year with regard to investing activities we made million
283,2021-01-28 10:00:00,NYSE,2020-Q4,VLO,sensing,shape,shape,2240,2236,2245,inventories are starting to,up a little bit,inventories are starting to shape up a little bit
283,2021-01-28 10:00:00,NYSE,2020-Q4,VLO,sensing,shape,shape,2452,2448,2457,be in much better,perhaps quicker than we,be in much better shape perhaps quicker than we
283,2021-01-28 10:00:00,NYSE,2020-Q4,VLO,sensing,sense,sense,4816,4812,4821,citi analyst yup make,thank you appreciate the,citi analyst yup make sense thank you appreciate the
283,2021-01-28 10:00:00,NYSE,2020-Q4,VLO,sensing,sense,sense,9441,9437,9446,wanted to get a,in terms of where,wanted to get a sense in terms of where
284,2021-02-10 08:30:00,NYSE,2020-Q4,KO,seizing,investing,investing,1327,1323,1332,value and growth including,in new consumer analytics,value and growth including investing in new consumer analytics
284,2021-02-10 08:30:00,NYSE,2020-Q4,KO,sensing,shaped,shaped,1584,1580,1589,pipeline for has been,and coordinated for scale,pipeline for has been shaped and coordinated for scale
284,2021-02-10 08:30:00,NYSE,2020-Q4,KO,sensing,shape,shape,2154,2150,2159,global recovery will take,and given our confidence,global recovery will take shape and given our confidence
284,2021-02-10 08:30:00,NYSE,2020-Q4,KO,seizing,investing,investing,2547,2543,2552,will continue to prioritize,in the business to,will continue to prioritize investing in the business to
284,2021-02-10 08:30:00,NYSE,2020-Q4,KO,seizing,invest,invest,2793,2789,2798,identifying compelling opportunities to,across countries categories and,identifying compelling opportunities to invest across countries categories and
284,2021-02-10 08:30:00,NYSE,2020-Q4,KO,seizing,investing,investing,3846,3842,3851,we ll be back,at the sort of,we ll be back investing at the sort of
284,2021-02-10 08:30:00,NYSE,2020-Q4,KO,seizing,investing,investing,5617,5613,5622,efficient being effective and,appropriately as as markets,efficient being effective and investing appropriately as as markets
284,2021-02-10 08:30:00,NYSE,2020-Q4,KO,sensing,shaped,shaped,6550,6546,6555,of analysis that then,our view as to,of analysis that then shaped our view as to
284,2021-02-10 08:30:00,NYSE,2020-Q4,KO,sensing,sense,sense,6701,6697,6706,does give us some,as we continue into,does give us some sense as we continue into
284,2021-02-10 08:30:00,NYSE,2020-Q4,KO,seizing,invest,invest,6998,6994,7003,not good reasons to,in marketing or in,not good reasons to invest in marketing or in
284,2021-02-10 08:30:00,NYSE,2020-Q4,KO,sensing,shape,shape,7576,7572,7581,competing in any way,or form as a,competing in any way shape or form as a
285,2022-11-09 17:00:00,NYSE,2022-Q3,OLO,seizing,investing,investing,1156,1152,1161,through many instances that,in an enterprise grade,through many instances that investing in an enterprise grade
285,2022-11-09 17:00:00,NYSE,2022-Q3,OLO,transforming,transform,transform,1666,1662,1671,ai technology partners to,the drive thru leading,ai technology partners to transform the drive thru leading
285,2022-11-09 17:00:00,NYSE,2022-Q3,OLO,transforming,transform,transform,1979,1975,1984,for borderless functionality to,the sign on and,for borderless functionality to transform the sign on and
285,2022-11-09 17:00:00,NYSE,2022-Q3,OLO,seizing,invest,invest,3079,3075,3084,plan to continue to,in our go to,plan to continue to invest in our go to
285,2022-11-09 17:00:00,NYSE,2022-Q3,OLO,sensing,sense,sense,7002,6998,7007,piper sandler analyst makes,and i think i,piper sandler analyst makes sense and i think i
286,2021-02-22 08:00:00,NASDAQ,2020-Q4,DISC.A,seizing,investing,investing,1863,1859,1868,will continue to grow,in high quality premium,will continue to grow investing in high quality premium
286,2021-02-22 08:00:00,NASDAQ,2020-Q4,DISC.A,sensing,sense,sense,1960,1956,1965,ip company in every,of the word one,ip company in every sense of the word one
286,2021-02-22 08:00:00,NASDAQ,2020-Q4,DISC.A,seizing,invested,invested,2517,2513,2522,a increased as we,in marketing and branding,a increased as we invested in marketing and branding
286,2021-02-22 08:00:00,NASDAQ,2020-Q4,DISC.A,sensing,sense,sense,7313,7309,7318,just give us a,of your mindset sitting,just give us a sense of your mindset sitting
286,2021-02-22 08:00:00,NASDAQ,2020-Q4,DISC.A,sensing,shape,shape,7340,7336,7345,could talk about the,of the year obviously,could talk about the shape of the year obviously
286,2021-02-22 08:00:00,NASDAQ,2020-Q4,DISC.A,seizing,invest,invest,7424,7420,7429,we re continuing to,in our traditional channels,we re continuing to invest in our traditional channels
286,2021-02-22 08:00:00,NASDAQ,2020-Q4,DISC.A,sensing,sense,sense,8493,8489,8498,you give us a,of the magnitude of,you give us a sense of the magnitude of
286,2021-02-22 08:00:00,NASDAQ,2020-Q4,DISC.A,seizing,invest,invest,9174,9170,9179,the share buyback to,in discovery i guess,the share buyback to invest in discovery i guess
286,2021-02-22 08:00:00,NASDAQ,2020-Q4,DISC.A,seizing,invest,invest,9214,9210,9219,balance sheet and actually,even more in programming,balance sheet and actually invest even more in programming
287,2021-02-26 20:30:00,NASDAQ,2020-Q4,CGEN,seizing,invest,invest,2620,2616,2625,in we continued to,in our early stage,in we continued to invest in our early stage
287,2021-02-26 20:30:00,NASDAQ,2020-Q4,CGEN,sensing,sense,sense,7136,7132,7141,just trying to get,as to whether or,just trying to get sense as to whether or
287,2021-02-26 20:30:00,NASDAQ,2020-Q4,CGEN,sensing,sense,sense,7965,7961,7970,trying to get a,for if you have,trying to get a sense for if you have
287,2021-02-26 20:30:00,NASDAQ,2020-Q4,CGEN,sensing,sense,sense,8856,8852,8861,trying to get a,as to how you,trying to get a sense as to how you
287,2021-02-26 20:30:00,NASDAQ,2020-Q4,CGEN,sensing,sense,sense,9955,9951,9960,some sort of a,to that and perhaps,some sort of a sense to that and perhaps
288,2021-04-26 16:30:00,NASDAQ,2021-Q1,MASI,seizing,invest,invest,1154,1150,1159,as we continue to,in delivering innovative technologies,as we continue to invest in delivering innovative technologies
288,2021-04-26 16:30:00,NASDAQ,2021-Q1,MASI,seizing,invested,invested,1239,1235,1244,realized term on our,cash due to the,realized term on our invested cash due to the
288,2021-04-26 16:30:00,NASDAQ,2021-Q1,MASI,sensing,sense,sense,5323,5319,5328,analyst ok that makes,and thanks for all,analyst ok that makes sense and thanks for all
288,2021-04-26 16:30:00,NASDAQ,2021-Q1,MASI,sensing,sense,sense,7368,7364,7373,not sure it makes,to break the revenues,not sure it makes sense to break the revenues
288,2021-04-26 16:30:00,NASDAQ,2021-Q1,MASI,sensing,sense,sense,8227,8223,8232,maybe give us some,of the portion of,maybe give us some sense of the portion of
289,2021-05-07 10:00:00,NYSE,2021-Q1,EOG,sensing,shape,shape,422,418,427,sheet is in superior,with a peer leading,sheet is in superior shape with a peer leading
289,2021-05-07 10:00:00,NYSE,2021-Q1,EOG,seizing,investing,investing,1166,1162,1171,priorities to remain consistent,in high returns generating,priorities to remain consistent investing in high returns generating
289,2021-05-07 10:00:00,NYSE,2021-Q1,EOG,sensing,sense,sense,2801,2797,2806,trying to get a,of whether the special,trying to get a sense of whether the special
289,2021-05-07 10:00:00,NYSE,2021-Q1,EOG,sensing,sense,sense,4729,4725,4734,do you have a,on you know how,do you have a sense on you know how
289,2021-05-07 10:00:00,NYSE,2021-Q1,EOG,sensing,sense,sense,8612,8608,8617,plays where it makes,and we do them,plays where it makes sense and we do them
289,2021-05-07 10:00:00,NYSE,2021-Q1,EOG,sensing,sense,sense,8687,8683,8692,that it always makes,to go through two,that it always makes sense to go through two
290,2021-05-11 08:00:00,NYSE,2021-Q1,PLTR,transforming,transform,transform,523,519,528,the next evolution to,ai into alpha enabling,the next evolution to transform ai into alpha enabling
290,2021-05-11 08:00:00,NYSE,2021-Q1,PLTR,seizing,investing,investing,1083,1079,1088,data systems we are,in innovation in the,data systems we are investing in innovation in the
290,2021-05-11 08:00:00,NYSE,2021-Q1,PLTR,seizing,invest,invest,1544,1540,1549,continue to pursue and,in our channel partners,continue to pursue and invest in our channel partners
290,2021-05-11 08:00:00,NYSE,2021-Q1,PLTR,seizing,invest,invest,2333,2329,2338,we are continuing to,in these regions to,we are continuing to invest in these regions to
290,2021-05-11 08:00:00,NYSE,2021-Q1,PLTR,seizing,invest,invest,2636,2632,2641,as we continue to,in our sales team,as we continue to invest in our sales team
290,2021-05-11 08:00:00,NYSE,2021-Q1,PLTR,seizing,invest,invest,3192,3188,3197,exciting product vision to,in there s just,exciting product vision to invest in there s just
290,2021-05-11 08:00:00,NYSE,2021-Q1,PLTR,seizing,invest,invest,3212,3208,3217,to do is to,aggressively to go after,to do is to invest aggressively to go after
290,2021-05-11 08:00:00,NYSE,2021-Q1,PLTR,seizing,invest,invest,3294,3290,3299,is palantir choosing to,in companies such as,is palantir choosing to invest in companies such as
290,2021-05-11 08:00:00,NYSE,2021-Q1,PLTR,seizing,invest,invest,3364,3360,3369,with ambitious companies to,in both compelling management,with ambitious companies to invest in both compelling management
290,2021-05-11 08:00:00,NYSE,2021-Q1,PLTR,seizing,invested,invested,4695,4691,4700,about roivant they ve,a lot in computational,about roivant they ve invested a lot in computational
290,2021-05-11 08:00:00,NYSE,2021-Q1,PLTR,seizing,investing,investing,6557,6553,6562,that we ll continue,in overall we re,that we ll continue investing in overall we re
290,2021-05-11 08:00:00,NYSE,2021-Q1,PLTR,seizing,investing,investing,7220,7216,7225,really going to be,into the business investing,really going to be investing into the business investing
290,2021-05-11 08:00:00,NYSE,2021-Q1,PLTR,seizing,investing,investing,7224,7220,7229,investing into the business,in sales hires investments,investing into the business investing in sales hires investments
291,2021-01-15 11:30:00,NYSE,2020-Q4,C,seizing,invested,invested,1411,1407,1416,with guidance as we,in our transformation results,with guidance as we invested in our transformation results
291,2021-01-15 11:30:00,NYSE,2020-Q4,C,sensing,shape,shape,1554,1550,1559,as the pace and,of the recovery is,as the pace and shape of the recovery is
291,2021-01-15 11:30:00,NYSE,2020-Q4,C,seizing,invest,invest,2625,2621,2630,as we continue to,in our products and,as we continue to invest in our products and
291,2021-01-15 11:30:00,NYSE,2020-Q4,C,seizing,invest,invest,3910,3906,3915,commitment that we will,your capital wisely and,commitment that we will invest your capital wisely and
291,2021-01-15 11:30:00,NYSE,2020-Q4,C,seizing,invest,invest,4690,4686,4695,franchises we want to,behind what are the,franchises we want to invest behind what are the
291,2021-01-15 11:30:00,NYSE,2020-Q4,C,seizing,invest,invest,5535,5531,5540,we would look to,in in the context,we would look to invest in in the context
291,2021-01-15 11:30:00,NYSE,2020-Q4,C,sensing,sense,sense,5602,5598,5607,gives you a good,john john mcdonald autonomous,gives you a good sense john john mcdonald autonomous
291,2021-01-15 11:30:00,NYSE,2020-Q4,C,seizing,investing,investing,8107,8103,8112,growth you ve been,can you talk to,growth you ve been investing can you talk to
291,2021-01-15 11:30:00,NYSE,2020-Q4,C,seizing,invest,invest,8537,8533,8542,going to continue to,in this platform and,going to continue to invest in this platform and
291,2021-01-15 11:30:00,NYSE,2020-Q4,C,seizing,invest,invest,8771,8767,8776,and continue to to,to get that executed,and continue to to invest to get that executed
291,2021-01-15 11:30:00,NYSE,2020-Q4,C,seizing,invest,invest,8954,8950,8959,going to continue to,in the business and,going to continue to invest in the business and
291,2021-01-15 11:30:00,NYSE,2020-Q4,C,sensing,sense,sense,9319,9315,9324,a way that makes,but that s honestly,a way that makes sense but that s honestly
291,2021-01-15 11:30:00,NYSE,2020-Q4,C,seizing,investing,investing,9700,9696,9705,the year and also,we ve we ve,the year and also investing we ve we ve
291,2021-01-15 11:30:00,NYSE,2020-Q4,C,seizing,invested,invested,9715,9711,9720,i think we ve,as much as another,i think we ve invested as much as another
291,2021-01-15 11:30:00,NYSE,2020-Q4,C,sensing,sense,sense,9796,9792,9801,makes a lot of,betsy graseck morgan stanley,makes a lot of sense betsy graseck morgan stanley
291,2021-01-15 11:30:00,NYSE,2020-Q4,C,sensing,sense,sense,9929,9925,9934,maybe give us a,as to how you,maybe give us a sense as to how you
291,2021-01-15 11:30:00,NYSE,2020-Q4,C,seizing,investing,investing,11127,11123,11132,think about you know,you know out on,think about you know investing you know out on
291,2021-01-15 11:30:00,NYSE,2020-Q4,C,sensing,shape,shape,11506,11502,11511,be in any way,or form that i,be in any way shape or form that i
292,2019-05-02 16:30:00,NASDAQ,2019-Q1,PARA,seizing,invest,invest,289,285,294,results while continuing to,in our future as,results while continuing to invest in our future as
292,2019-05-02 16:30:00,NASDAQ,2019-Q1,PARA,seizing,invest,invest,959,955,964,are on track to,more than billion in,are on track to invest more than billion in
292,2019-05-02 16:30:00,NASDAQ,2019-Q1,PARA,sensing,sense,sense,3544,3540,3549,it in the traditional,and the data suggests,it in the traditional sense and the data suggests
292,2019-05-02 16:30:00,NASDAQ,2019-Q1,PARA,sensing,sense,sense,10161,10157,10166,kind of just made,chris chris spade chief,kind of just made sense chris chris spade chief
292,2019-05-02 16:30:00,NASDAQ,2019-Q1,PARA,seizing,invest,invest,11136,11132,11141,but we really mean,because as chris pointed,but we really mean invest because as chris pointed
292,2019-05-02 16:30:00,NASDAQ,2019-Q1,PARA,seizing,invested,invested,11148,11144,11153,our best return on,capital is to make,our best return on invested capital is to make
293,2021-03-02 17:00:00,NYSE,2021-Q4,BOX,transforming,transform,transform,912,908,917,power its mission to,the way the drugs,power its mission to transform the way the drugs
293,2021-03-02 17:00:00,NYSE,2021-Q4,BOX,transforming,transform,transform,1210,1206,1215,our leadership position and,how enterprises work in,our leadership position and transform how enterprises work in
293,2021-03-02 17:00:00,NYSE,2021-Q4,BOX,seizing,invest,invest,1918,1914,1923,we will continue to,in as we scale,we will continue to invest in as we scale
293,2021-03-02 17:00:00,NYSE,2021-Q4,BOX,seizing,investing,investing,3043,3039,3048,we will also continue,in our customer success,we will also continue investing in our customer success
293,2021-03-02 17:00:00,NYSE,2021-Q4,BOX,sensing,sense,sense,6807,6803,6812,wanted to get a,of how you re,wanted to get a sense of how you re
293,2021-03-02 17:00:00,NYSE,2021-Q4,BOX,transforming,revamping,revamping,7687,7683,7692,starting to think about,all operations around clinical,starting to think about revamping all operations around clinical
293,2021-03-02 17:00:00,NYSE,2021-Q4,BOX,sensing,sense,sense,9760,9756,9765,either to get a,of scale there will,either to get a sense of scale there will
294,2021-05-06 08:30:00,NASDAQ,2021-Q1,BCRX,seizing,investing,investing,1210,1206,1215,in the u s,in experienced commercial teams,in the u s investing in experienced commercial teams
294,2021-05-06 08:30:00,NASDAQ,2021-Q1,BCRX,transforming,transforming,transforming,3108,3104,3113,clear that biocryst is,into a company with,clear that biocryst is transforming into a company with
294,2021-05-06 08:30:00,NASDAQ,2021-Q1,BCRX,sensing,sense,sense,3877,3873,3882,you give us a,of when we might,you give us a sense of when we might
294,2021-05-06 08:30:00,NASDAQ,2021-Q1,BCRX,sensing,shape,shape,7621,7617,7626,to really build and,it so i think,to really build and shape it so i think
294,2021-05-06 08:30:00,NASDAQ,2021-Q1,BCRX,sensing,sense,sense,8720,8716,8725,if you have any,on the percentage of,if you have any sense on the percentage of
295,2022-03-31 17:00:00,NYSE,2021-Q4,BLND,seizing,invest,invest,3544,3540,3549,that have continued to,in new technology and,that have continued to invest in new technology and
295,2022-03-31 17:00:00,NYSE,2021-Q4,BLND,sensing,sense,sense,4705,4701,4710,pricing model that makes,just given it s,pricing model that makes sense just given it s
295,2022-03-31 17:00:00,NYSE,2021-Q4,BLND,sensing,sense,sense,4747,4743,4752,way it might make,for us to take,way it might make sense for us to take
295,2022-03-31 17:00:00,NYSE,2021-Q4,BLND,transforming,transforming,transforming,5142,5138,5147,an industry that s,a lot over a,an industry that s transforming a lot over a
295,2022-03-31 17:00:00,NYSE,2021-Q4,BLND,sensing,sense,sense,6437,6433,6442,as in the traditional,as a price hike,as in the traditional sense as a price hike
295,2022-03-31 17:00:00,NYSE,2021-Q4,BLND,sensing,sense,sense,6575,6571,6580,platform if that makes,but to your maybe,platform if that makes sense but to your maybe
295,2022-03-31 17:00:00,NYSE,2021-Q4,BLND,sensing,sense,sense,7199,7195,7204,not in an absolute,but in the sense,not in an absolute sense but in the sense
295,2022-03-31 17:00:00,NYSE,2021-Q4,BLND,sensing,sense,sense,7203,7199,7208,sense but in the,of customers and us,sense but in the sense of customers and us
295,2022-03-31 17:00:00,NYSE,2021-Q4,BLND,seizing,invest,invest,7699,7695,7704,we ll continue to,in in the long,we ll continue to invest in in the long
295,2022-03-31 17:00:00,NYSE,2021-Q4,BLND,sensing,sense,sense,7842,7838,7847,work with in the,that but there s,work with in the sense that but there s
295,2022-03-31 17:00:00,NYSE,2021-Q4,BLND,seizing,investing,investing,8632,8628,8637,part of that is,in the future and,part of that is investing in the future and
295,2022-03-31 17:00:00,NYSE,2021-Q4,BLND,seizing,invested,invested,8696,8692,8701,fact that we ve,in that to build,fact that we ve invested in that to build
296,2021-07-15 09:00:00,NYSE,2021-Q2,USB,seizing,invest,invest,2114,2110,2119,taking the opportunity to,in growth so we,taking the opportunity to invest in growth so we
296,2021-07-15 09:00:00,NYSE,2021-Q2,USB,sensing,sense,sense,3753,3749,3758,market when it makes,to be buying back,market when it makes sense to be buying back
296,2021-07-15 09:00:00,NYSE,2021-Q2,USB,sensing,sense,sense,3887,3883,3892,that so it makes,but would just be,that so it makes sense but would just be
296,2021-07-15 09:00:00,NYSE,2021-Q2,USB,seizing,investing,investing,4647,4643,4652,the reasons we re,in all these digital,the reasons we re investing in all these digital
296,2021-07-15 09:00:00,NYSE,2021-Q2,USB,seizing,investing,investing,5178,5174,5183,we were opportunistic in,when the year was,we were opportunistic in investing when the year was
296,2021-07-15 09:00:00,NYSE,2021-Q2,USB,seizing,investing,investing,6543,6539,6548,always constantly sort of,in that business it,always constantly sort of investing in that business it
296,2021-07-15 09:00:00,NYSE,2021-Q2,USB,seizing,investing,investing,6563,6559,6568,how much we re,at any particular point,how much we re investing at any particular point
296,2021-07-15 09:00:00,NYSE,2021-Q2,USB,seizing,investing,investing,7240,7236,7245,you clearly have been,a lot in combining,you clearly have been investing a lot in combining
296,2021-07-15 09:00:00,NYSE,2021-Q2,USB,sensing,sense,sense,7604,7600,7609,make strategic and financial,and consistent with our,make strategic and financial sense and consistent with our
296,2021-07-15 09:00:00,NYSE,2021-Q2,USB,seizing,investing,investing,8580,8576,8585,the regulatory to the,to the pandemic and,the regulatory to the investing to the pandemic and
297,2019-06-03 17:00:00,NASDAQ,2019-Q1,COUP,sensing,sense,sense,569,565,574,will give you a,of our geographic functional,will give you a sense of our geographic functional
297,2019-06-03 17:00:00,NASDAQ,2019-Q1,COUP,sensing,shaping,shaping,2414,2410,2419,our st quarter of,and cultivating the bsm,our st quarter of shaping and cultivating the bsm
297,2019-06-03 17:00:00,NASDAQ,2019-Q1,COUP,sensing,sense,sense,3710,3706,3715,it from that broad,and then zoom into,it from that broad sense and then zoom into
297,2019-06-03 17:00:00,NASDAQ,2019-Q1,COUP,seizing,invest,invest,3871,3867,3876,continuing to do is,heavily in our go,continuing to do is invest heavily in our go
297,2019-06-03 17:00:00,NASDAQ,2019-Q1,COUP,sensing,sense,sense,5064,5060,5069,a real a good,of things to come,a real a good sense of things to come
297,2019-06-03 17:00:00,NASDAQ,2019-Q1,COUP,sensing,sense,sense,7793,7789,7798,wanted to get a,of sort of anything,wanted to get a sense of sort of anything
299,2021-03-01 17:00:00,NASDAQ,2020-Q4,CCXI,sensing,sense,sense,10148,10144,10153,guess any kind of,as to it will,guess any kind of sense as to it will
300,2020-04-30 17:00:00,NASDAQ,2020-Q2,AAPL,seizing,investing,investing,1923,1919,1928,by doubling down and,in the next generation,by doubling down and investing in the next generation
300,2020-04-30 17:00:00,NASDAQ,2020-Q2,AAPL,seizing,invest,invest,3921,3917,3926,unchanged we continue to,confidently in our future,unchanged we continue to invest confidently in our future
300,2020-04-30 17:00:00,NASDAQ,2020-Q2,AAPL,seizing,invest,invest,4096,4092,4101,we have continued to,in the business and,we have continued to invest in the business and
300,2020-04-30 17:00:00,NASDAQ,2020-Q2,AAPL,seizing,investing,investing,4116,4112,4121,what we do best,in our product and,what we do best investing in our product and
300,2020-04-30 17:00:00,NASDAQ,2020-Q2,AAPL,seizing,invest,invest,4816,4812,4821,we will continue to,in our pipeline we,we will continue to invest in our pipeline we
300,2020-04-30 17:00:00,NASDAQ,2020-Q2,AAPL,seizing,invest,invest,4836,4832,4841,we will continue to,there obviously we are,we will continue to invest there obviously we are
300,2020-04-30 17:00:00,NASDAQ,2020-Q2,AAPL,seizing,invest,invest,4911,4907,4916,need to continue to,during difficult circumstances and,need to continue to invest during difficult circumstances and
300,2020-04-30 17:00:00,NASDAQ,2020-Q2,AAPL,seizing,investing,investing,5027,5023,5032,apple pull back from,and you as a,apple pull back from investing and you as a
301,2021-08-06 10:00:00,NASDAQ,2021-Q2,GRPN,transforming,transform,transform,1360,1356,1365,will allow us to,our marketplace by growing,will allow us to transform our marketplace by growing
301,2021-08-06 10:00:00,NASDAQ,2021-Q2,GRPN,sensing,sense,sense,1636,1632,1641,and where it makes,let me provide some,and where it makes sense let me provide some
301,2021-08-06 10:00:00,NASDAQ,2021-Q2,GRPN,transforming,transform,transform,3490,3486,3495,everything were doing to,the groupon marketplace if,everything were doing to transform the groupon marketplace if
301,2021-08-06 10:00:00,NASDAQ,2021-Q2,GRPN,seizing,invest,invest,4945,4941,4950,spend levels as we,in our brands repositioning,spend levels as we invest in our brands repositioning
302,2021-10-07 11:00:00,NYSE,2022-Q2,PKE,seizing,invest,invest,2417,2413,2422,so we will not,our cash casually or,so we will not invest our cash casually or
302,2021-10-07 11:00:00,NYSE,2022-Q2,PKE,seizing,invest,invest,2501,2497,2506,do a deal or,our cash in an,do a deal or invest our cash in an
302,2021-10-07 11:00:00,NYSE,2022-Q2,PKE,seizing,investing,investing,5269,5265,5274,longer term airbus is,opportunities for rates as,longer term airbus is investing opportunities for rates as
302,2021-10-07 11:00:00,NYSE,2022-Q2,PKE,sensing,sense,sense,6010,6006,6015,doesn t make any,i think he said,doesn t make any sense i think he said
302,2021-10-07 11:00:00,NYSE,2022-Q2,PKE,sensing,sense,sense,6029,6025,6034,wouldn t make any,i think he said,wouldn t make any sense i think he said
302,2021-10-07 11:00:00,NYSE,2022-Q2,PKE,sensing,sense,sense,6048,6044,6053,wouldn t make any,he further stated we,wouldn t make any sense he further stated we
302,2021-10-07 11:00:00,NYSE,2022-Q2,PKE,seizing,investing,investing,6355,6351,6360,rates up they re,so let s go,rates up they re investing so let s go
302,2021-10-07 11:00:00,NYSE,2022-Q2,PKE,sensing,sense,sense,11749,11745,11754,it makes so much,for us to be,it makes so much sense for us to be
303,2020-04-29 18:30:00,NASDAQ,2020-Q1,TSLA,sensing,sense,sense,2234,2230,2239,it will still make,as to buy fsd,it will still make sense as to buy fsd
303,2020-04-29 18:30:00,NASDAQ,2020-Q1,TSLA,seizing,invest,invest,2882,2878,2887,expand rapidly continue to,in the future and,expand rapidly continue to invest in the future and
303,2020-04-29 18:30:00,NASDAQ,2020-Q1,TSLA,sensing,sense,sense,5136,5132,5141,storage does it make,for tesla to buy,storage does it make sense for tesla to buy
303,2020-04-29 18:30:00,NASDAQ,2020-Q1,TSLA,seizing,invested,invested,6095,6091,6100,s high time we,in infrastructure in this,s high time we invested in infrastructure in this
303,2020-04-29 18:30:00,NASDAQ,2020-Q1,TSLA,seizing,investing,investing,6228,6224,6233,you want to be,in steam engines or,you want to be investing in steam engines or
303,2020-04-29 18:30:00,NASDAQ,2020-Q1,TSLA,seizing,investing,investing,7129,7125,7134,tremendous amount of experience,at the highest levels,tremendous amount of experience investing at the highest levels
303,2020-04-29 18:30:00,NASDAQ,2020-Q1,TSLA,sensing,sense,sense,8486,8482,8491,that estimate would make,and then i will,that estimate would make sense and then i will
304,2021-05-12 08:30:00,NASDAQ,2021-Q1,WIX,seizing,invest,invest,4215,4211,4220,expect this year to,a lot about sales,expect this year to invest a lot about sales
304,2021-05-12 08:30:00,NASDAQ,2021-Q1,WIX,seizing,invested,invested,4224,4220,4229,and marketing we also,a lot about you,and marketing we also invested a lot about you
304,2021-05-12 08:30:00,NASDAQ,2021-Q1,WIX,seizing,investing,investing,4255,4251,4260,about it but also,a lot about the,about it but also investing a lot about the
304,2021-05-12 08:30:00,NASDAQ,2021-Q1,WIX,sensing,sense,sense,5224,5220,5229,believe that what makes,to us is the,believe that what makes sense to us is the
304,2021-05-12 08:30:00,NASDAQ,2021-Q1,WIX,seizing,invest,invest,5445,5441,5450,trois we ll only,when we know that,trois we ll only invest when we know that
304,2021-05-12 08:30:00,NASDAQ,2021-Q1,WIX,sensing,sense,sense,6454,6450,6459,analyst understood that makes,thank you operator your,analyst understood that makes sense thank you operator your
304,2021-05-12 08:30:00,NASDAQ,2021-Q1,WIX,sensing,sense,sense,6742,6738,6747,a good taste and,of humor and is,a good taste and sense of humor and is
304,2021-05-12 08:30:00,NASDAQ,2021-Q1,WIX,sensing,sense,sense,7100,7096,7105,that it also makes,for us you know,that it also makes sense for us you know
305,2023-02-06 16:30:00,NYSE,2022-Q4,PINS,seizing,investing,investing,1909,1905,1914,capital allocation strategy including,in the business maintaining,capital allocation strategy including investing in the business maintaining
305,2023-02-06 16:30:00,NYSE,2022-Q4,PINS,seizing,investing,investing,2075,2071,2080,we ve long been,in being a more,we ve long been investing in being a more
305,2023-02-06 16:30:00,NYSE,2022-Q4,PINS,seizing,invest,invest,3498,3494,3503,re not planning to,in a brand marketing,re not planning to invest in a brand marketing
305,2023-02-06 16:30:00,NYSE,2022-Q4,PINS,seizing,invest,invest,5872,5868,5877,hope to continue to,in further optimizations through,hope to continue to invest in further optimizations through
305,2023-02-06 16:30:00,NYSE,2022-Q4,PINS,sensing,sense,sense,5959,5955,5964,unfold you probably can,from my guide that,unfold you probably can sense from my guide that
305,2023-02-06 16:30:00,NYSE,2022-Q4,PINS,seizing,invested,invested,8097,8093,8102,our user base we,a lot in personalization,our user base we invested a lot in personalization
305,2023-02-06 16:30:00,NYSE,2022-Q4,PINS,seizing,investing,investing,8174,8170,8179,working because we were,heavily in personalization and,working because we were investing heavily in personalization and
305,2023-02-06 16:30:00,NYSE,2022-Q4,PINS,seizing,invest,invest,10145,10141,10150,going to continue to,in that if even,going to continue to invest in that if even
306,2021-05-04 08:30:00,NYSE,2021-Q1,XPO,transforming,redesign,redesign,1054,1050,1059,customers to help them,their supply chains and,customers to help them redesign their supply chains and
306,2021-05-04 08:30:00,NYSE,2021-Q1,XPO,sensing,shape,shape,1629,1625,1634,spin are in good,and running to schedule,spin are in good shape and running to schedule
306,2021-05-04 08:30:00,NYSE,2021-Q1,XPO,seizing,invest,invest,3403,3399,3408,made the decision to,in headcount at a,made the decision to invest in headcount at a
306,2021-05-04 08:30:00,NYSE,2021-Q1,XPO,sensing,sense,sense,3933,3929,3938,malcolm gave you a,of just how exciting,malcolm gave you a sense of just how exciting
306,2021-05-04 08:30:00,NYSE,2021-Q1,XPO,seizing,invested,invested,4227,4223,4232,spain we ve also,in improving the sustainability,spain we ve also invested in improving the sustainability
306,2021-05-04 08:30:00,NYSE,2021-Q1,XPO,sensing,sense,sense,5130,5126,5135,just give us a,of the reoccurring revenue,just give us a sense of the reoccurring revenue
306,2021-05-04 08:30:00,NYSE,2021-Q1,XPO,seizing,investing,investing,5423,5419,5428,at all times is,in capex those are,at all times is investing in capex those are
307,2021-04-15 09:00:00,NYSE,2021-Q1,BAC,sensing,sense,sense,1332,1328,1337,we serve our employees,of pride in our,we serve our employees sense of pride in our
307,2021-04-15 09:00:00,NYSE,2021-Q1,BAC,seizing,invest,invest,1484,1480,1489,inventory increase hiring and,and do what they,inventory increase hiring and invest and do what they
307,2021-04-15 09:00:00,NYSE,2021-Q1,BAC,seizing,invest,invest,3448,3444,3453,liquidity is available to,at higher rates a,liquidity is available to invest at higher rates a
307,2021-04-15 09:00:00,NYSE,2021-Q1,BAC,seizing,investing,investing,7515,7511,7520,how much you re,but how is your,how much you re investing but how is your
307,2021-04-15 09:00:00,NYSE,2021-Q1,BAC,seizing,investing,investing,7520,7516,7525,but how is your,spend i mean did,but how is your investing spend i mean did
307,2021-04-15 09:00:00,NYSE,2021-Q1,BAC,seizing,invested,invested,7778,7774,7783,the reality is we,at the same rate,the reality is we invested at the same rate
307,2021-04-15 09:00:00,NYSE,2021-Q1,BAC,sensing,shape,shape,8029,8025,8034,we can start to,those teammates out that,we can start to shape those teammates out that
307,2021-04-15 09:00:00,NYSE,2021-Q1,BAC,seizing,investing,investing,8833,8829,8838,on in terms of,we d like to,on in terms of investing we d like to
307,2021-04-15 09:00:00,NYSE,2021-Q1,BAC,seizing,invest,invest,8851,8847,8856,securities but we will,it over time we,securities but we will invest it over time we
307,2021-04-15 09:00:00,NYSE,2021-Q1,BAC,seizing,invest,invest,9236,9232,9241,fund loan growth or,for turn or other,fund loan growth or invest for turn or other
307,2021-04-15 09:00:00,NYSE,2021-Q1,BAC,seizing,invest,invest,12915,12911,12920,back is really to,around that platform so,back is really to invest around that platform so
307,2021-04-15 09:00:00,NYSE,2021-Q1,BAC,sensing,sense,sense,13416,13412,13421,you guys get the,of of how much,you guys get the sense of of how much
308,2020-07-31 11:00:00,NASDAQ,2020-Q3,JOUT,transforming,transformed,transformed,839,835,844,legacy of innovation that,minn kota and hummingbird,legacy of innovation that transformed minn kota and hummingbird
308,2020-07-31 11:00:00,NASDAQ,2020-Q3,JOUT,sensing,sense,sense,1761,1757,1766,give us a better,as to the magnitude,give us a better sense as to the magnitude
308,2020-07-31 11:00:00,NASDAQ,2020-Q3,JOUT,sensing,shape,shape,2527,2523,2532,re in pretty good,really with our retailers,re in pretty good shape really with our retailers
308,2020-07-31 11:00:00,NASDAQ,2020-Q3,JOUT,sensing,sense,sense,2872,2868,2877,you give us a,of what kind of,you give us a sense of what kind of
309,2021-03-18 10:30:00,NASDAQ,2020-Q4,SNDL,seizing,invested,invested,883,879,888,results to date sundial,million late in the,results to date sundial invested million late in the
309,2021-03-18 10:30:00,NASDAQ,2020-Q4,SNDL,transforming,transform,transform,1321,1317,1326,has seen the company,from a precarious financial,has seen the company transform from a precarious financial
309,2021-03-18 10:30:00,NASDAQ,2020-Q4,SNDL,seizing,invested,invested,1687,1683,1692,previous quarter as we,in our brand portfolio,previous quarter as we invested in our brand portfolio
309,2021-03-18 10:30:00,NASDAQ,2020-Q4,SNDL,sensing,sense,sense,4160,4156,4165,do you have a,for when we might,do you have a sense for when we might
309,2021-03-18 10:30:00,NASDAQ,2020-Q4,SNDL,seizing,invested,invested,4439,4435,4444,we ve also significantly,in our in house,we ve also significantly invested in our in house
309,2021-03-18 10:30:00,NASDAQ,2020-Q4,SNDL,seizing,invested,invested,6020,6016,6025,you think about the,capital between the two,you think about the invested capital between the two
309,2021-03-18 10:30:00,NASDAQ,2020-Q4,SNDL,transforming,revamped,revamped,6488,6484,6493,fact that we just,all of our cultivation,fact that we just revamped all of our cultivation
309,2021-03-18 10:30:00,NASDAQ,2020-Q4,SNDL,sensing,shaping,shaping,6649,6645,6654,see that market share,up in the short,see that market share shaping up in the short
309,2021-03-18 10:30:00,NASDAQ,2020-Q4,SNDL,seizing,investing,investing,7047,7043,7052,now that we re,in our sales and,now that we re investing in our sales and
310,2019-05-02 11:00:00,NYSE,2019-Q1,BALL,seizing,investing,investing,1972,1968,1977,roughly flat to by,in our businesses pursuing,roughly flat to by investing in our businesses pursuing
310,2019-05-02 11:00:00,NYSE,2019-Q1,BALL,seizing,invested,invested,3218,3214,3223,minutes ago we ve,meaningfully in our business,minutes ago we ve invested meaningfully in our business
310,2019-05-02 11:00:00,NYSE,2019-Q1,BALL,seizing,investing,investing,3293,3289,3298,only going to be,that capital if we,only going to be investing that capital if we
310,2019-05-02 11:00:00,NYSE,2019-Q1,BALL,seizing,invest,invest,3619,3615,3624,capital where we could,if we get the,capital where we could invest if we get the
310,2019-05-02 11:00:00,NYSE,2019-Q1,BALL,seizing,invested,invested,4948,4944,4953,t forget that we,in new line in,t forget that we invested in new line in
310,2019-05-02 11:00:00,NYSE,2019-Q1,BALL,seizing,invest,invest,5521,5517,5526,ve been able to,in our business through,ve been able to invest in our business through
310,2019-05-02 11:00:00,NYSE,2019-Q1,BALL,seizing,invest,invest,5937,5933,5942,about their willingness to,in more can sheet,about their willingness to invest in more can sheet
310,2019-05-02 11:00:00,NYSE,2019-Q1,BALL,seizing,invest,invest,7426,7422,7431,as you continue to,capital in some of,as you continue to invest capital in some of
310,2019-05-02 11:00:00,NYSE,2019-Q1,BALL,seizing,investing,investing,7760,7756,7765,an announcement about you,co investing with one,an announcement about you investing co investing with one
310,2019-05-02 11:00:00,NYSE,2019-Q1,BALL,seizing,investing,investing,7762,7758,7767,about you investing co,with one of your,about you investing co investing with one of your
310,2019-05-02 11:00:00,NYSE,2019-Q1,BALL,seizing,investing,investing,7781,7777,7786,more and more co,on filling capacity so,more and more co investing on filling capacity so
310,2019-05-02 11:00:00,NYSE,2019-Q1,BALL,sensing,shape,shape,8187,8183,8192,are probably in better,now absent the softness,are probably in better shape now absent the softness
310,2019-05-02 11:00:00,NYSE,2019-Q1,BALL,seizing,invest,invest,9061,9057,9066,we will continue to,in this we ve,we will continue to invest in this we ve
310,2019-05-02 11:00:00,NYSE,2019-Q1,BALL,seizing,investing,investing,9371,9367,9376,the customer that s,and they are allowing,the customer that s investing and they are allowing
310,2019-05-02 11:00:00,NYSE,2019-Q1,BALL,sensing,sense,sense,10661,10657,10666,also just give a,of what type of,also just give a sense of what type of
311,2021-05-04 08:30:00,NASDAQ,2021-Q1,IDXX,seizing,invest,invest,1882,1878,1887,year opex levels and,to support our strong,year opex levels and invest to support our strong
311,2021-05-04 08:30:00,NASDAQ,2021-Q1,IDXX,seizing,invest,invest,4204,4200,4209,is to continue to,in the infrastructure necessary,is to continue to invest in the infrastructure necessary
311,2021-05-04 08:30:00,NASDAQ,2021-Q1,IDXX,seizing,invest,invest,4434,4430,4439,that you want to,into the growth in,that you want to invest into the growth in
311,2021-05-04 08:30:00,NASDAQ,2021-Q1,IDXX,sensing,sense,sense,4831,4827,4836,expansions where it makes,we know that there,expansions where it makes sense we know that there
312,2021-03-18 23:00:00,NASDAQ,2020-Q4,LX,sensing,sense,sense,2830,2826,2835,product so in that,there s no loan,product so in that sense there s no loan
312,2021-03-18 23:00:00,NASDAQ,2020-Q4,LX,sensing,sense,sense,2863,2859,2868,financial product in the,that you re used,financial product in the sense that you re used
312,2021-03-18 23:00:00,NASDAQ,2020-Q4,LX,sensing,sense,sense,3160,3156,3165,some degree in the,that it may not,some degree in the sense that it may not
313,2022-02-22 17:00:00,NYSE,2021-Q4,BWXT,sensing,shaping,shaping,1653,1649,1658,the feedback and are,our package to drive,the feedback and are shaping our package to drive
313,2022-02-22 17:00:00,NYSE,2021-Q4,BWXT,sensing,shaping,shaping,3064,3060,3069,how we see earnings,up this year there,how we see earnings shaping up this year there
313,2022-02-22 17:00:00,NYSE,2021-Q4,BWXT,sensing,shape,shape,3079,3075,3084,that are influencing the,of the year but,that are influencing the shape of the year but
313,2022-02-22 17:00:00,NYSE,2021-Q4,BWXT,sensing,sense,sense,4170,4166,4175,got it that makes,and then just shifting,got it that makes sense and then just shifting
313,2022-02-22 17:00:00,NYSE,2021-Q4,BWXT,sensing,sense,sense,5175,5171,5180,generic offering in the,that whatever customer could,generic offering in the sense that whatever customer could
314,2021-01-29 10:00:00,NYSE,2020-Q4,CHD,seizing,invest,invest,257,253,262,us the opportunity to,in our future which,us the opportunity to invest in our future which
314,2021-01-29 10:00:00,NYSE,2020-Q4,CHD,seizing,investing,investing,4741,4737,4746,market where we re,significant time and resources,market where we re investing significant time and resources
314,2021-01-29 10:00:00,NYSE,2020-Q4,CHD,seizing,investing,investing,4954,4950,4959,customers finally we are,for the first time,customers finally we are investing for the first time
314,2021-01-29 10:00:00,NYSE,2020-Q4,CHD,seizing,invested,invested,6566,6562,6571,the quarter as we,behind our brands to,the quarter as we invested behind our brands to
314,2021-01-29 10:00:00,NYSE,2020-Q4,CHD,seizing,investing,investing,10955,10951,10960,where you see in,for larger and faster,where you see in investing for larger and faster
314,2021-01-29 10:00:00,NYSE,2020-Q4,CHD,seizing,invest,invest,12100,12096,12105,we re continuing to,there we do have,we re continuing to invest there we do have
314,2021-01-29 10:00:00,NYSE,2020-Q4,CHD,sensing,sense,sense,12825,12821,12830,office openings makes good,but i m wondering,office openings makes good sense but i m wondering
314,2021-01-29 10:00:00,NYSE,2020-Q4,CHD,sensing,sense,sense,14555,14551,14560,specialty products still makes,as part of church,specialty products still makes sense as part of church
315,2021-07-27 16:30:00,NASDAQ,2021-Q2,GOOGL,seizing,invest,invest,1565,1561,1570,we ll continue to,in our sites in,we ll continue to invest in our sites in
315,2021-07-27 16:30:00,NASDAQ,2021-Q2,GOOGL,seizing,invest,invest,2217,2213,2222,we ll continue to,in new ways to,we ll continue to invest in new ways to
315,2021-07-27 16:30:00,NASDAQ,2021-Q2,GOOGL,seizing,invest,invest,3352,3348,3357,july we continue to,across google services to,july we continue to invest across google services to
315,2021-07-27 16:30:00,NASDAQ,2021-Q2,GOOGL,seizing,invest,invest,3443,3439,3448,we will continue to,aggressively given the opportunity,we will continue to invest aggressively given the opportunity
315,2021-07-27 16:30:00,NASDAQ,2021-Q2,GOOGL,seizing,invest,invest,3829,3825,3834,most important ways we,beyond that i would,most important ways we invest beyond that i would
315,2021-07-27 16:30:00,NASDAQ,2021-Q2,GOOGL,seizing,invest,invest,4500,4496,4505,shift to digital and,more in data analytics,shift to digital and invest more in data analytics
315,2021-07-27 16:30:00,NASDAQ,2021-Q2,GOOGL,seizing,invest,invest,4847,4843,4852,line with continuing to,in headcount growth i,line with continuing to invest in headcount growth i
315,2021-07-27 16:30:00,NASDAQ,2021-Q2,GOOGL,seizing,invested,invested,5164,5160,5169,etc which we have,and built over time,etc which we have invested and built over time
315,2021-07-27 16:30:00,NASDAQ,2021-Q2,GOOGL,seizing,invest,invest,5262,5258,5267,intend to continue to,meaningfully we are very,intend to continue to invest meaningfully we are very
315,2021-07-27 16:30:00,NASDAQ,2021-Q2,GOOGL,seizing,invest,invest,5289,5285,5294,global footprint continuing to,in our compute capacity,global footprint continuing to invest in our compute capacity
315,2021-07-27 16:30:00,NASDAQ,2021-Q2,GOOGL,seizing,invest,invest,5320,5316,5325,and so continuing to,across the board given,and so continuing to invest across the board given
315,2021-07-27 16:30:00,NASDAQ,2021-Q2,GOOGL,seizing,invest,invest,5363,5359,5368,intend to continue to,aggressively including expanding our,intend to continue to invest aggressively including expanding our
315,2021-07-27 16:30:00,NASDAQ,2021-Q2,GOOGL,seizing,invest,invest,5790,5786,5795,continue to see us,here philipp schindler chief,continue to see us invest here philipp schindler chief
315,2021-07-27 16:30:00,NASDAQ,2021-Q2,GOOGL,seizing,invested,invested,6323,6319,6328,so we ve definitely,both in terms of,so we ve definitely invested both in terms of
315,2021-07-27 16:30:00,NASDAQ,2021-Q2,GOOGL,seizing,investing,investing,6351,6347,6356,and now we are,in our consumer experiences,and now we are investing in our consumer experiences
315,2021-07-27 16:30:00,NASDAQ,2021-Q2,GOOGL,seizing,investing,investing,7067,7063,7072,newer capabilities as well,in next generation of,newer capabilities as well investing in next generation of
315,2021-07-27 16:30:00,NASDAQ,2021-Q2,GOOGL,seizing,invest,invest,7107,7103,7112,see us continue to,here with a focus,see us continue to invest here with a focus
315,2021-07-27 16:30:00,NASDAQ,2021-Q2,GOOGL,seizing,investing,investing,8015,8011,8020,toward focusing on both,in deep technology and,toward focusing on both investing in deep technology and
316,2021-05-07 10:00:00,NYSE,2021-Q1,MAIN,seizing,invest,invest,1552,1548,1557,for the companies we,in positions us as,for the companies we invest in positions us as
316,2021-05-07 10:00:00,NYSE,2021-Q1,MAIN,seizing,investing,investing,1896,1892,1901,with our focus of,in both debt and,with our focus of investing in both debt and
316,2021-05-07 10:00:00,NYSE,2021-Q1,MAIN,seizing,invest,invest,2031,2027,2036,of the companies we,in allows the long,of the companies we invest in allows the long
316,2021-05-07 10:00:00,NYSE,2021-Q1,MAIN,seizing,invested,invested,2569,2565,2574,investments and return of,equity capital resulted in,investments and return of invested equity capital resulted in
317,2021-08-06 22:00:00,NYSE,2021-Q2,RC,transforming,redeployment,redeployment,813,809,818,these acquisitions accelerate the,of the anworth capital,these acquisitions accelerate the redeployment of the anworth capital
317,2021-08-06 22:00:00,NYSE,2021-Q2,RC,transforming,redeployment,redeployment,1927,1923,1932,from post covid capital,in our sbc cre,from post covid capital redeployment in our sbc cre
317,2021-08-06 22:00:00,NYSE,2021-Q2,RC,transforming,redeployment,redeployment,2120,2116,2125,ppp earnings and the,of capital from the,ppp earnings and the redeployment of capital from the
318,2021-07-27 12:00:00,NASDAQ,2021-Q2,PCH,sensing,sense,sense,2484,2480,2489,you give us some,of what is the,you give us some sense of what is the
318,2021-07-27 12:00:00,NASDAQ,2021-Q2,PCH,sensing,sense,sense,3425,3421,3430,want to get a,for how demand is,want to get a sense for how demand is
318,2021-07-27 12:00:00,NASDAQ,2021-Q2,PCH,sensing,sense,sense,4006,4002,4011,trying to get a,for that because that,trying to get a sense for that because that
318,2021-07-27 12:00:00,NASDAQ,2021-Q2,PCH,sensing,sense,sense,4156,4152,4161,to get a quick,on northern sawlog pricing,to get a quick sense on northern sawlog pricing
318,2021-07-27 12:00:00,NASDAQ,2021-Q2,PCH,sensing,sense,sense,6001,5997,6006,makes a lot of,and i guess just,makes a lot of sense and i guess just
318,2021-07-27 12:00:00,NASDAQ,2021-Q2,PCH,sensing,sense,sense,6229,6225,6234,timberland segment that makes,okay and then i,timberland segment that makes sense okay and then i
318,2021-07-27 12:00:00,NASDAQ,2021-Q2,PCH,sensing,sense,sense,6683,6679,6688,trying to get a,i know that you,trying to get a sense i know that you
318,2021-07-27 12:00:00,NASDAQ,2021-Q2,PCH,sensing,sense,sense,7319,7315,7324,would make it makes,to be pushing that,would make it makes sense to be pushing that
318,2021-07-27 12:00:00,NASDAQ,2021-Q2,PCH,sensing,sense,sense,7475,7471,7480,get to breakeven our,is that cash flows,get to breakeven our sense is that cash flows
318,2021-07-27 12:00:00,NASDAQ,2021-Q2,PCH,sensing,sense,sense,7540,7536,7545,makes a lot of,the i guess on,makes a lot of sense the i guess on
319,2021-05-05 07:00:00,NYSE,2021-Q1,NVO,seizing,invest,invest,319,315,324,two partnerships where we,in healthier urban populations,two partnerships where we invest in healthier urban populations
319,2021-05-05 07:00:00,NYSE,2021-Q1,NVO,sensing,sense,sense,3945,3941,3950,wanted to get a,of what is your,wanted to get a sense of what is your
320,2021-11-04 16:30:00,NASDAQ,2021-Q3,MELI,seizing,investing,investing,558,554,563,which were geared toward,in working capital for,which were geared toward investing in working capital for
320,2021-11-04 16:30:00,NASDAQ,2021-Q3,MELI,transforming,transforming,transforming,1357,1353,1362,on the network are,the commerce experience throughout,on the network are transforming the commerce experience throughout
320,2021-11-04 16:30:00,NASDAQ,2021-Q3,MELI,sensing,sense,sense,6080,6076,6085,costs and in that,the financial institution license,costs and in that sense the financial institution license
320,2021-11-04 16:30:00,NASDAQ,2021-Q3,MELI,sensing,sense,sense,6630,6626,6635,get to an overall,of actual total payers,get to an overall sense of actual total payers
320,2021-11-04 16:30:00,NASDAQ,2021-Q3,MELI,sensing,sense,sense,7769,7765,7774,makes a lot of,thank you operator thank,makes a lot of sense thank you operator thank
320,2021-11-04 16:30:00,NASDAQ,2021-Q3,MELI,seizing,investing,investing,8393,8389,8398,on continued conviction behind,in more warehouses as,on continued conviction behind investing in more warehouses as
321,2021-01-28 11:00:00,NYSE,2020-Q4,MSCI,seizing,investing,investing,1180,1176,1185,remain deeply committed to,responsibly in triple crown,remain deeply committed to investing responsibly in triple crown
321,2021-01-28 11:00:00,NYSE,2020-Q4,MSCI,seizing,invest,invest,2173,2169,2178,of growth msci will,in several key areas,of growth msci will invest in several key areas
321,2021-01-28 11:00:00,NYSE,2020-Q4,MSCI,seizing,invest,invest,2228,2224,2233,and third we will,in our broader technology,and third we will invest in our broader technology
321,2021-01-28 11:00:00,NYSE,2020-Q4,MSCI,seizing,investing,investing,3231,3227,3236,noted throughout this call,in our business remains,noted throughout this call investing in our business remains
321,2021-01-28 11:00:00,NYSE,2020-Q4,MSCI,seizing,invest,invest,3512,3508,3517,question is why not,more in the business,question is why not invest more in the business
321,2021-01-28 11:00:00,NYSE,2020-Q4,MSCI,seizing,investing,investing,3630,3626,3635,the same time heavily,in the critical growth,the same time heavily investing in the critical growth
321,2021-01-28 11:00:00,NYSE,2020-Q4,MSCI,seizing,investing,investing,3695,3691,3700,or cyclical to growth,and of course the,or cyclical to growth investing and of course the
321,2021-01-28 11:00:00,NYSE,2020-Q4,MSCI,seizing,invest,invest,4225,4221,4230,focused on continuing to,in key initiatives and,focused on continuing to invest in key initiatives and
321,2021-01-28 11:00:00,NYSE,2020-Q4,MSCI,seizing,investing,investing,4517,4513,4522,of expenses are really,you have seen the,of expenses are really investing you have seen the
321,2021-01-28 11:00:00,NYSE,2020-Q4,MSCI,sensing,sense,sense,5390,5386,5395,got it that makes,i appreciate that and,got it that makes sense i appreciate that and
321,2021-01-28 11:00:00,NYSE,2020-Q4,MSCI,seizing,invest,invest,6328,6324,6333,of global investors to,in all regions of,of global investors to invest in all regions of
321,2021-01-28 11:00:00,NYSE,2020-Q4,MSCI,seizing,investing,investing,6412,6408,6417,opening up dramatically bond,given the high yields,opening up dramatically bond investing given the high yields
321,2021-01-28 11:00:00,NYSE,2020-Q4,MSCI,seizing,invest,invest,6473,6469,6478,of helping chinese institutions,outside of china and,of helping chinese institutions invest outside of china and
321,2021-01-28 11:00:00,NYSE,2020-Q4,MSCI,seizing,investing,investing,6530,6526,6535,who are focused on,in china through our,who are focused on investing in china through our
321,2021-01-28 11:00:00,NYSE,2020-Q4,MSCI,seizing,investing,investing,6884,6880,6889,you still in the,mode to introduce more,you still in the investing mode to introduce more
321,2021-01-28 11:00:00,NYSE,2020-Q4,MSCI,sensing,sense,sense,9443,9439,9448,opened up in the,of initially more of,opened up in the sense of initially more of
321,2021-01-28 11:00:00,NYSE,2020-Q4,MSCI,sensing,sense,sense,9731,9727,9736,could give us a,of how to think,could give us a sense of how to think
321,2021-01-28 11:00:00,NYSE,2020-Q4,MSCI,seizing,investing,investing,10528,10524,10533,big part of passive,is momentum investing obviously,big part of passive investing is momentum investing obviously
321,2021-01-28 11:00:00,NYSE,2020-Q4,MSCI,seizing,investing,investing,10531,10527,10536,passive investing is momentum,obviously i mean the,passive investing is momentum investing obviously i mean the
321,2021-01-28 11:00:00,NYSE,2020-Q4,MSCI,seizing,investing,investing,10563,10559,10568,of different ways of,right that s not,of different ways of investing right that s not
321,2021-01-28 11:00:00,NYSE,2020-Q4,MSCI,sensing,sense,sense,10686,10682,10691,analyst yes that makes,all right thanks so,analyst yes that makes sense all right thanks so
322,2021-03-11 16:30:00,NASDAQ,2020-Q4,GERN,seizing,invest,invest,3399,3395,3404,in addition we ll,in building the appropriate,in addition we ll invest in building the appropriate
322,2021-03-11 16:30:00,NASDAQ,2020-Q4,GERN,sensing,sense,sense,3675,3671,3680,makes a lot of,what s going on,makes a lot of sense what s going on
322,2021-03-11 16:30:00,NASDAQ,2020-Q4,GERN,sensing,sense,sense,4034,4030,4039,makes a lot of,and then this next,makes a lot of sense and then this next
322,2021-03-11 16:30:00,NASDAQ,2020-Q4,GERN,sensing,sense,sense,6818,6814,6823,makes a lot of,or am i misreading,makes a lot of sense or am i misreading
323,2021-05-05 16:30:00,NASDAQ,2021-Q1,TNDM,seizing,investing,investing,2976,2972,2981,this leverage while heavily,in r d to,this leverage while heavily investing in r d to
323,2021-05-05 16:30:00,NASDAQ,2021-Q1,TNDM,sensing,sense,sense,5595,5591,5600,t sport is your,that the fda believes,t sport is your sense that the fda believes
323,2021-05-05 16:30:00,NASDAQ,2021-Q1,TNDM,seizing,invested,invested,6633,6629,6638,data and we have,greatly in our data,data and we have invested greatly in our data
324,2020-03-04 10:00:00,NYSE,2019-Q4,ATTO,sensing,sense,sense,5450,5446,5455,affecting customers in any,of creating any disruption,affecting customers in any sense of creating any disruption
324,2020-03-04 10:00:00,NYSE,2019-Q4,ATTO,seizing,invest,invest,6447,6443,6452,that we want to,on in the short,that we want to invest on in the short
325,2020-08-27 09:00:00,NYSE,2020-Q2,FRO,sensing,shape,shape,2908,2904,2913,in a very good,but so i don,in a very good shape but so i don
325,2020-08-27 09:00:00,NYSE,2020-Q2,FRO,sensing,sense,sense,3464,3460,3469,i see ok makes,and and last question,i see ok makes sense and and last question
325,2020-08-27 09:00:00,NYSE,2020-Q2,FRO,sensing,sense,sense,3818,3814,3823,huh all right makes,thanks guys that s,huh all right makes sense thanks guys that s
325,2020-08-27 09:00:00,NYSE,2020-Q2,FRO,sensing,sense,sense,4107,4103,4112,s edge ok makes,yeah i was tracking,s edge ok makes sense yeah i was tracking
325,2020-08-27 09:00:00,NYSE,2020-Q2,FRO,sensing,sense,sense,4342,4338,4347,up and what makes,but with the size,up and what makes sense but with the size
326,2021-07-28 10:00:00,NYSE,2021-Q2,CHE,sensing,shape,shape,3488,3484,3493,we re in great,in terms of demand,we re in great shape in terms of demand
326,2021-07-28 10:00:00,NYSE,2021-Q2,CHE,transforming,redesigned,redesigned,5225,5221,5230,can effectively be potentially,by each insurance plan,can effectively be potentially redesigned by each insurance plan
327,2020-04-23 11:00:00,NYSE,2020-Q1,GWW,sensing,sense,sense,1332,1328,1337,to give you a,of the magnitude of,to give you a sense of the magnitude of
327,2020-04-23 11:00:00,NYSE,2020-Q1,GWW,sensing,sense,sense,1875,1871,1880,it doesn t make,to forecast in this,it doesn t make sense to forecast in this
327,2020-04-23 11:00:00,NYSE,2020-Q1,GWW,seizing,invest,invest,2255,2251,2260,we will continue to,where it matters most,we will continue to invest where it matters most
327,2020-04-23 11:00:00,NYSE,2020-Q1,GWW,seizing,invest,invest,3397,3393,3402,which we used to,in the business and,which we used to invest in the business and
327,2020-04-23 11:00:00,NYSE,2020-Q1,GWW,seizing,invest,invest,3434,3430,3439,times we continue to,prudently in our business,times we continue to invest prudently in our business
327,2020-04-23 11:00:00,NYSE,2020-Q1,GWW,seizing,invested,invested,3460,3456,3465,earnings and return on,capital was over overall,earnings and return on invested capital was over overall
327,2020-04-23 11:00:00,NYSE,2020-Q1,GWW,seizing,investing,investing,5793,5789,5798,said that we re,related to advertising technology,said that we re investing related to advertising technology
327,2020-04-23 11:00:00,NYSE,2020-Q1,GWW,sensing,sense,sense,7814,7810,7819,have you any broad,of how much your,have you any broad sense of how much your
327,2020-04-23 11:00:00,NYSE,2020-Q1,GWW,sensing,sense,sense,8701,8697,8706,t make as much,and so we re,t make as much sense and so we re
327,2020-04-23 11:00:00,NYSE,2020-Q1,GWW,seizing,investing,investing,8899,8895,8904,not we should be,or not in businesses,not we should be investing or not in businesses
328,2021-01-29 11:00:00,NASDAQ,2020-Q4,OCFC,sensing,sense,sense,5823,5819,5828,what makes the most,what is most attractive,what makes the most sense what is most attractive
328,2021-01-29 11:00:00,NASDAQ,2020-Q4,OCFC,sensing,sense,sense,7049,7045,7054,had a pretty good,as to the strength,had a pretty good sense as to the strength
328,2021-01-29 11:00:00,NASDAQ,2020-Q4,OCFC,sensing,sense,sense,7331,7327,7336,okay got it makes,thanks operator the next,okay got it makes sense thanks operator the next
329,2021-04-29 08:30:00,NYSE,2021-Q1,KEX,sensing,shaped,shaped,9266,9262,9271,steepest sort of v,recovery i m curious,steepest sort of v shaped recovery i m curious
329,2021-04-29 08:30:00,NYSE,2021-Q1,KEX,sensing,sense,sense,10147,10143,10152,trying to get a,as to where your,trying to get a sense as to where your
330,2019-04-25 17:00:00,NASDAQ,2019-Q1,MAT,transforming,transform,transform,596,592,601,our organization as we,mattel into an ip,our organization as we transform mattel into an ip
330,2019-04-25 17:00:00,NASDAQ,2019-Q1,MAT,sensing,shape,shape,7996,7992,8001,product that is taking,we ve introduced this,product that is taking shape we ve introduced this
331,2021-03-24 08:00:00,OTC,2020-Q4,TCEHY,seizing,invest,invest,985,981,990,enhance our platforms we,in incremental innovation to,enhance our platforms we invest in incremental innovation to
331,2021-03-24 08:00:00,OTC,2020-Q4,TCEHY,seizing,invest,invest,997,993,1002,experiences and we also,in transformative innovation to,experiences and we also invest in transformative innovation to
331,2021-03-24 08:00:00,OTC,2020-Q4,TCEHY,seizing,invest,invest,2355,2351,2360,investment principles are to,in high quality management,investment principles are to invest in high quality management
331,2021-03-24 08:00:00,OTC,2020-Q4,TCEHY,seizing,investing,investing,3196,3192,3201,attention and we re,in pc and console,attention and we re investing in pc and console
331,2021-03-24 08:00:00,OTC,2020-Q4,TCEHY,seizing,investing,investing,6280,6276,6285,decade we ve been,aggressively and swimming upstream,decade we ve been investing aggressively and swimming upstream
331,2021-03-24 08:00:00,OTC,2020-Q4,TCEHY,seizing,invested,invested,7354,7350,7359,reason why we have,in a lot of,reason why we have invested in a lot of
331,2021-03-24 08:00:00,OTC,2020-Q4,TCEHY,seizing,investing,investing,10358,10354,10363,have been very active,in studios that are,have been very active investing in studios that are
331,2021-03-24 08:00:00,OTC,2020-Q4,TCEHY,seizing,investing,investing,10375,10371,10380,also been very active,in studios that focus,also been very active investing in studios that focus
331,2021-03-24 08:00:00,OTC,2020-Q4,TCEHY,seizing,invest,invest,10394,10390,10399,that we want to,in a certain number,that we want to invest in a certain number
331,2021-03-24 08:00:00,OTC,2020-Q4,TCEHY,seizing,invest,invest,10418,10414,10423,and we want to,in the best or,and we want to invest in the best or
331,2021-03-24 08:00:00,OTC,2020-Q4,TCEHY,seizing,investing,investing,10953,10949,10958,the pace of your,to change as new,the pace of your investing to change as new
331,2021-03-24 08:00:00,OTC,2020-Q4,TCEHY,seizing,investing,investing,10988,10984,10993,the pace of our,activity has been relatively,the pace of our investing activity has been relatively
331,2021-03-24 08:00:00,OTC,2020-Q4,TCEHY,seizing,investing,investing,11112,11108,11117,the desirability of us,in and supporting start,the desirability of us investing in and supporting start
332,2021-08-12 16:30:00,NASDAQ,2021-Q2,LHDX,sensing,sense,sense,2440,2436,2445,you give us a,of the size of,you give us a sense of the size of
332,2021-08-12 16:30:00,NASDAQ,2021-Q2,LHDX,sensing,sense,sense,2620,2616,2625,just give us a,of your current capacity,just give us a sense of your current capacity
332,2021-08-12 16:30:00,NASDAQ,2021-Q2,LHDX,sensing,sense,sense,2781,2777,2786,could quantify that any,of based on inbound,could quantify that any sense of based on inbound
332,2021-08-12 16:30:00,NASDAQ,2021-Q2,LHDX,sensing,sense,sense,2792,2788,2797,the sales funnel any,of just how much,the sales funnel any sense of just how much
333,2021-07-21 08:00:00,NASDAQ,2021-Q2,NDAQ,seizing,invest,invest,522,518,527,aligned offerings as we,in and grow new,aligned offerings as we invest in and grow new
333,2021-07-21 08:00:00,NASDAQ,2021-Q2,NDAQ,seizing,invest,invest,9164,9160,9169,when they bring in,early stage investors they,when they bring in invest early stage investors they
333,2021-07-21 08:00:00,NASDAQ,2021-Q2,NDAQ,seizing,invest,invest,9883,9879,9888,and so if we,in the platform we,and so if we invest in the platform we
333,2021-07-21 08:00:00,NASDAQ,2021-Q2,NDAQ,seizing,investing,investing,9890,9886,9895,platform we are actively,and we will continue,platform we are actively investing and we will continue
333,2021-07-21 08:00:00,NASDAQ,2021-Q2,NDAQ,seizing,invest,invest,9897,9893,9902,will continue actively to,in the platform to,will continue actively to invest in the platform to
335,2021-01-27 08:00:00,NASDAQ,2020-Q4,NAVI,transforming,redeployment,redeployment,3382,3378,3387,seeing or just a,of excess liquidity and,seeing or just a redeployment of excess liquidity and
335,2021-01-27 08:00:00,NASDAQ,2020-Q4,NAVI,sensing,sense,sense,7653,7649,7658,point it might make,for us to partner,point it might make sense for us to partner
336,2022-03-03 08:30:00,NASDAQ,2021-Q4,ARGX,sensing,sense,sense,589,585,594,has been demonstrating its,of urgency during a,has been demonstrating its sense of urgency during a
336,2022-03-03 08:30:00,NASDAQ,2021-Q4,ARGX,sensing,sense,sense,665,661,670,an individualized approach makes,to physicians we believe,an individualized approach makes sense to physicians we believe
336,2022-03-03 08:30:00,NASDAQ,2021-Q4,ARGX,transforming,transformed,transformed,2808,2804,2813,luc truyen wim has,our development organization over,luc truyen wim has transformed our development organization over
336,2022-03-03 08:30:00,NASDAQ,2021-Q4,ARGX,sensing,shape,shape,3083,3079,3088,kidney franchise is taking,overall we are planning,kidney franchise is taking shape overall we are planning
336,2022-03-03 08:30:00,NASDAQ,2021-Q4,ARGX,seizing,invest,invest,3122,3118,3127,did not continue to,in our science slide,did not continue to invest in our science slide
336,2022-03-03 08:30:00,NASDAQ,2021-Q4,ARGX,sensing,sense,sense,6736,6732,6741,we can get some,of how you re,we can get some sense of how you re
336,2022-03-03 08:30:00,NASDAQ,2021-Q4,ARGX,sensing,sense,sense,6770,6766,6775,you give us some,of whether or not,you give us some sense of whether or not
336,2022-03-03 08:30:00,NASDAQ,2021-Q4,ARGX,sensing,sense,sense,7485,7481,7490,you gotten an early,about how physicians are,you gotten an early sense about how physicians are
336,2022-03-03 08:30:00,NASDAQ,2021-Q4,ARGX,sensing,sense,sense,8598,8594,8603,them what would make,in regard to a,them what would make sense in regard to a
337,2021-11-18 07:00:00,NYSE,2021-Q3,ATHM,transforming,transform,transform,3038,3034,3043,traditional business actually would,from quantitative based to,traditional business actually would transform from quantitative based to
337,2021-11-18 07:00:00,NYSE,2021-Q3,ATHM,transforming,transform,transform,3053,3049,3058,would be quantity then,into quality the oems,would be quantity then transform into quality the oems
337,2021-11-18 07:00:00,NYSE,2021-Q3,ATHM,transforming,transform,transform,3111,3107,3116,believe the advertisement would,from the exposure type,believe the advertisement would transform from the exposure type
337,2021-11-18 07:00:00,NYSE,2021-Q3,ATHM,transforming,transform,transform,3401,3397,3406,if they don t,their business and model,if they don t transform their business and model
338,2021-03-31 08:30:00,NASDAQ,2021-Q2,WBA,seizing,invest,invest,1052,1048,1057,strong financial position to,in future growth and,strong financial position to invest in future growth and
338,2021-03-31 08:30:00,NASDAQ,2021-Q2,WBA,seizing,invested,invested,1492,1488,1497,flu categories additionally we,heavily in sg a,flu categories additionally we invested heavily in sg a
338,2021-03-31 08:30:00,NASDAQ,2021-Q2,WBA,seizing,investing,investing,3491,3487,3496,on cost efficiencies and,in our future continues,on cost efficiencies and investing in our future continues
338,2021-03-31 08:30:00,NASDAQ,2021-Q2,WBA,transforming,transforming,transforming,3835,3831,3840,modernizing our pharmacy business,our retail operations and,modernizing our pharmacy business transforming our retail operations and
338,2021-03-31 08:30:00,NASDAQ,2021-Q2,WBA,transforming,redesigning,redesigning,9094,9090,9099,we re doing is,what they actually do,we re doing is redesigning what they actually do
339,2021-02-16 17:00:00,NASDAQ,2020-Q4,NMIH,sensing,sense,sense,3875,3871,3880,fast and that makes,given where the coupons,fast and that makes sense given where the coupons
339,2021-02-16 17:00:00,NASDAQ,2020-Q4,NMIH,sensing,sense,sense,4951,4947,4956,analyst okay that makes,thank you that was,analyst okay that makes sense thank you that was
339,2021-02-16 17:00:00,NASDAQ,2020-Q4,NMIH,sensing,sense,sense,6415,6411,6420,trying to get a,of was when we,trying to get a sense of was when we
339,2021-02-16 17:00:00,NASDAQ,2020-Q4,NMIH,sensing,sense,sense,6787,6783,6792,to give you a,of our average loan,to give you a sense of our average loan
339,2021-02-16 17:00:00,NASDAQ,2020-Q4,NMIH,sensing,sense,sense,6875,6871,6880,that makes lot of,i really appreciate it,that makes lot of sense i really appreciate it
339,2021-02-16 17:00:00,NASDAQ,2020-Q4,NMIH,sensing,sense,sense,7599,7595,7604,ll give you a,so i don t,ll give you a sense so i don t
340,2021-04-07 08:30:00,NYSE,2021-Q2,MSM,transforming,redesigned,redesigned,755,751,760,changes were made we,our value proposition and,changes were made we redesigned our value proposition and
340,2021-04-07 08:30:00,NYSE,2021-Q2,MSM,seizing,investing,investing,904,900,909,growth and we re,into them in order,growth and we re investing into them in order
340,2021-04-07 08:30:00,NYSE,2021-Q2,MSM,seizing,invested,invested,1016,1012,1021,and returning return on,capital into the high,and returning return on invested capital into the high
340,2021-04-07 08:30:00,NYSE,2021-Q2,MSM,seizing,invested,invested,3207,3203,3212,of gross savings and,roughly million to million,of gross savings and invested roughly million to million
340,2021-04-07 08:30:00,NYSE,2021-Q2,MSM,seizing,invested,invested,3249,3245,3254,this year we also,roughly million in q,this year we also invested roughly million in q
340,2021-04-07 08:30:00,NYSE,2021-Q2,MSM,sensing,sense,sense,3833,3829,3838,just give us a,of a you know,just give us a sense of a you know
340,2021-04-07 08:30:00,NYSE,2021-Q2,MSM,sensing,sense,sense,4341,4337,4346,do you have a,of what what is,do you have a sense of what what is
340,2021-04-07 08:30:00,NYSE,2021-Q2,MSM,sensing,sense,sense,4385,4381,4390,but any any rough,of that and then,but any any rough sense of that and then
340,2021-04-07 08:30:00,NYSE,2021-Q2,MSM,seizing,invested,invested,6174,6170,6179,capital and returns on,capital so you ve,capital and returns on invested capital so you ve
340,2021-04-07 08:30:00,NYSE,2021-Q2,MSM,seizing,invested,invested,6205,6201,6210,assume a roughly similar,capital base if you,assume a roughly similar invested capital base if you
340,2021-04-07 08:30:00,NYSE,2021-Q2,MSM,seizing,invested,invested,6236,6232,6241,high teens returns on,capital is that the,high teens returns on invested capital is that the
340,2021-04-07 08:30:00,NYSE,2021-Q2,MSM,seizing,invested,invested,6276,6272,6281,assume similar levels of,capital we i think,assume similar levels of invested capital we i think
340,2021-04-07 08:30:00,NYSE,2021-Q2,MSM,sensing,sense,sense,9283,9279,9288,it it makes makes,thanks i really appreciate,it it makes makes sense thanks i really appreciate
341,2021-05-06 09:30:00,NYSE,2021-Q1,K,sensing,shaped,shaped,494,490,499,portfolio that we ve,toward growth has benefited,portfolio that we ve shaped toward growth has benefited
341,2021-05-06 09:30:00,NYSE,2021-Q1,K,sensing,shape,shape,4176,4172,4181,business remains in good,we re very pleased,business remains in good shape we re very pleased
341,2021-05-06 09:30:00,NYSE,2021-Q1,K,sensing,shape,shape,4378,4374,4383,is in really good,with more capacity coming,is in really good shape with more capacity coming
341,2021-05-06 09:30:00,NYSE,2021-Q1,K,seizing,invested,invested,5426,5422,5431,disciplined on overhead and,behind our brands and,disciplined on overhead and invested behind our brands and
341,2021-05-06 09:30:00,NYSE,2021-Q1,K,seizing,investing,investing,6190,6186,6195,in the marketplace through,in our brands through,in the marketplace through investing in our brands through
341,2021-05-06 09:30:00,NYSE,2021-Q1,K,sensing,sense,sense,7381,7377,7386,can you give a,of how your conversations,can you give a sense of how your conversations
341,2021-05-06 09:30:00,NYSE,2021-Q1,K,seizing,invest,invest,7535,7531,7540,we ve got to,in our brands we,we ve got to invest in our brands we
341,2021-05-06 09:30:00,NYSE,2021-Q1,K,sensing,shaped,shaped,7843,7839,7848,the way it s,up we like the,the way it s shaped up we like the
341,2021-05-06 09:30:00,NYSE,2021-Q1,K,sensing,sense,sense,7947,7943,7952,just to get a,of the first quarter,just to get a sense of the first quarter
341,2021-05-06 09:30:00,NYSE,2021-Q1,K,sensing,shape,shape,8243,8239,8248,points just on the,of the year so,points just on the shape of the year so
341,2021-05-06 09:30:00,NYSE,2021-Q1,K,sensing,sense,sense,8336,8332,8341,just give you a,of the lap ahead,just give you a sense of the lap ahead
341,2021-05-06 09:30:00,NYSE,2021-Q1,K,sensing,shape,shape,8346,8342,8351,us and just the,of the year i,us and just the shape of the year i
341,2021-05-06 09:30:00,NYSE,2021-Q1,K,sensing,shaping,shaping,8736,8732,8741,think about things like,a growth portfolio that,think about things like shaping a growth portfolio that
341,2021-05-06 09:30:00,NYSE,2021-Q1,K,sensing,shape,shape,9772,9768,9777,re in pretty good,and so it s,re in pretty good shape and so it s
342,2019-10-29 10:30:00,NYSE,2019-Q3,EME,seizing,investing,investing,3187,3183,3192,has more than covered,and financing activities during,has more than covered investing and financing activities during
342,2019-10-29 10:30:00,NYSE,2019-Q3,EME,seizing,invest,invest,4312,4308,4317,those who cover and,in us as we,those who cover and invest in us as we
342,2019-10-29 10:30:00,NYSE,2019-Q3,EME,sensing,sense,sense,10332,10328,10337,to give us a,are we missing something,to give us a sense are we missing something
342,2019-10-29 10:30:00,NYSE,2019-Q3,EME,sensing,sense,sense,10819,10815,10824,yes i mean a,of i don t,yes i mean a sense of i don t
343,2021-11-09 08:00:00,NYSE,2021-Q3,IGT,seizing,invest,invest,427,423,432,segment and willingness to,in this fast emerging,segment and willingness to invest in this fast emerging
343,2021-11-09 08:00:00,NYSE,2021-Q3,IGT,sensing,sense,sense,4159,4155,4164,want to get a,on your thoughts around,want to get a sense on your thoughts around
343,2021-11-09 08:00:00,NYSE,2021-Q3,IGT,sensing,sense,sense,5104,5100,5109,base because and my,is it s been,base because and my sense is it s been
343,2021-11-09 08:00:00,NYSE,2021-Q3,IGT,seizing,invested,invested,5202,5198,5207,you know we have,seriously we have presented,you know we have invested seriously we have presented
344,2022-06-02 16:30:00,NASDAQ,2022-Q1,LULU,seizing,invest,invest,952,948,957,we will continue to,in the region and,we will continue to invest in the region and
344,2022-06-02 16:30:00,NASDAQ,2022-Q1,LULU,transforming,revamped,revamped,1948,1944,1953,guests favorite styles including,versions of our astro,guests favorite styles including revamped versions of our astro
344,2022-06-02 16:30:00,NASDAQ,2022-Q1,LULU,sensing,shaped,shaped,1954,1950,1959,of our astro pant,jacket and inspire crop,of our astro pant shaped jacket and inspire crop
344,2022-06-02 16:30:00,NASDAQ,2022-Q1,LULU,seizing,invest,invest,2704,2700,2709,also continuing to strategically,in our long term,also continuing to strategically invest in our long term
344,2022-06-02 16:30:00,NASDAQ,2022-Q1,LULU,seizing,investing,investing,8758,8754,8763,markets through pay protection,in the culture and,markets through pay protection investing in the culture and
344,2022-06-02 16:30:00,NASDAQ,2022-Q1,LULU,seizing,investing,investing,8798,8794,8803,in shanghai we re,in people and talent,in shanghai we re investing in people and talent
344,2022-06-02 16:30:00,NASDAQ,2022-Q1,LULU,seizing,investing,investing,8805,8801,8810,and talent we re,in relationships with the,and talent we re investing in relationships with the
345,2020-05-07 17:00:00,NYSE,2020-Q1,NET,sensing,sense,sense,682,678,687,you more of a,of what we re,you more of a sense of what we re
345,2020-05-07 17:00:00,NYSE,2020-Q1,NET,sensing,sense,sense,2913,2909,2918,to track and make,of covid symptoms and,to track and make sense of covid symptoms and
345,2020-05-07 17:00:00,NYSE,2020-Q1,NET,seizing,invest,invest,2998,2994,3003,two things focus and,so we are focusing,two things focus and invest so we are focusing
345,2020-05-07 17:00:00,NYSE,2020-Q1,NET,seizing,investing,investing,3017,3013,3022,returns and we are,in building trust hiring,returns and we are investing in building trust hiring
345,2020-05-07 17:00:00,NYSE,2020-Q1,NET,transforming,transform,transform,3149,3145,3154,plays in helping customers,and digitize their business,plays in helping customers transform and digitize their business
345,2020-05-07 17:00:00,NYSE,2020-Q1,NET,sensing,sense,sense,4953,4949,4958,can give us some,of what that can,can give us some sense of what that can
345,2020-05-07 17:00:00,NYSE,2020-Q1,NET,sensing,sense,sense,5289,5285,5294,makes a lot of,and then thomas one,makes a lot of sense and then thomas one
345,2020-05-07 17:00:00,NYSE,2020-Q1,NET,seizing,invest,invest,5591,5587,5596,need in order to,behind the demand sterling,need in order to invest behind the demand sterling
345,2020-05-07 17:00:00,NYSE,2020-Q1,NET,seizing,invest,invest,7220,7216,7225,expect to continue to,and also benefit from,expect to continue to invest and also benefit from
345,2020-05-07 17:00:00,NYSE,2020-Q1,NET,seizing,invest,invest,8132,8128,8137,you ve got to,in things like network,you ve got to invest in things like network
345,2020-05-07 17:00:00,NYSE,2020-Q1,NET,sensing,sense,sense,9583,9579,9588,makes a lot of,and thomas for you,makes a lot of sense and thomas for you
346,2020-11-13 12:00:00,NYSE,2020-Q3,FSM,sensing,sense,sense,2972,2968,2977,to give us a,of recovery though from,to give us a sense of recovery though from
346,2020-11-13 12:00:00,NYSE,2020-Q3,FSM,sensing,sense,sense,3473,3469,3478,the vat recovery any,of kind of how,the vat recovery any sense of kind of how
347,2022-08-11 08:30:00,NYSE,2022-Q2,SGHC,seizing,investing,investing,1075,1071,1080,considering various opportunities including,in brand and other,considering various opportunities including investing in brand and other
347,2022-08-11 08:30:00,NYSE,2022-Q2,SGHC,seizing,investing,investing,2410,2406,2415,because our focus on,remains for the long,because our focus on investing remains for the long
348,2021-02-25 11:00:00,NASDAQ,2020-Q4,PRFT,sensing,sense,sense,3756,3752,3761,a relationship that makes,brian kinstlinger alliance global,a relationship that makes sense brian kinstlinger alliance global
348,2021-02-25 11:00:00,NASDAQ,2020-Q4,PRFT,sensing,sense,sense,5460,5456,5465,re seeing in the,that are clients at,re seeing in the sense that are clients at
349,,NASDAQ,2018-Q4,ALTR,seizing,investing,investing,2421,2417,2426,margins higher while simultaneously,prudently into those areas,margins higher while simultaneously investing prudently into those areas
349,,NASDAQ,2018-Q4,ALTR,sensing,sense,sense,4491,4487,4496,just give us a,any change it sounds,just give us a sense any change it sounds
349,,NASDAQ,2018-Q4,ALTR,sensing,sense,sense,4506,4502,4511,very good so my,is no changes if,very good so my sense is no changes if
349,,NASDAQ,2018-Q4,ALTR,sensing,sense,sense,4524,4520,4529,could give us a,on that and sort,could give us a sense on that and sort
350,2021-03-11 17:00:00,NASDAQ,2021-Q4,DOMO,seizing,invest,invest,1728,1724,1733,think about how to,for growth and let,think about how to invest for growth and let
350,2021-03-11 17:00:00,NASDAQ,2021-Q4,DOMO,seizing,investing,investing,1880,1876,1885,that we are also,in the sales enablement,that we are also investing in the sales enablement
350,2021-03-11 17:00:00,NASDAQ,2021-Q4,DOMO,transforming,transforming,transforming,1998,1994,2003,to our mission of,the way business is,to our mission of transforming the way business is
350,2021-03-11 17:00:00,NASDAQ,2021-Q4,DOMO,seizing,invest,invest,2558,2554,2563,and we continue to,in retention as our,and we continue to invest in retention as our
350,2021-03-11 17:00:00,NASDAQ,2021-Q4,DOMO,seizing,invest,invest,3125,3121,3130,levels primarily as we,in sales capacity host,levels primarily as we invest in sales capacity host
350,2021-03-11 17:00:00,NASDAQ,2021-Q4,DOMO,seizing,invest,invest,3163,3159,3168,and marketing as we,in our growth initiatives,and marketing as we invest in our growth initiatives
350,2021-03-11 17:00:00,NASDAQ,2021-Q4,DOMO,sensing,sense,sense,4280,4276,4285,out how to make,of the partners that,out how to make sense of the partners that
350,2021-03-11 17:00:00,NASDAQ,2021-Q4,DOMO,sensing,sense,sense,6818,6814,6823,it doesn t make,to us so we,it doesn t make sense to us so we
351,2021-06-29 11:00:00,NYSE,2021-Q3,EPAC,seizing,seizing,seizing,3124,3120,3129,ll continue our efforts,opportunities to drive sustainable,ll continue our efforts seizing opportunities to drive sustainable
351,2021-06-29 11:00:00,NYSE,2021-Q3,EPAC,sensing,shape,shape,4940,4936,4945,s still in good,and quite honestly our,s still in good shape and quite honestly our
351,2021-06-29 11:00:00,NYSE,2021-Q3,EPAC,sensing,sense,sense,5060,5056,5065,gives me a good,of your inventories at,gives me a good sense of your inventories at
351,2021-06-29 11:00:00,NYSE,2021-Q3,EPAC,sensing,shape,shape,8101,8097,8106,in a pretty good,so we tried to,in a pretty good shape so we tried to
352,2021-02-04 13:30:00,NYSE,2021-Q2,CLX,seizing,investing,investing,1474,1470,1479,our momentum and continue,behind our global portfolio,our momentum and continue investing behind our global portfolio
352,2021-02-04 13:30:00,NYSE,2021-Q2,CLX,seizing,investing,investing,2204,2200,2209,enables us to continue,in our brands capabilities,enables us to continue investing in our brands capabilities
352,2021-02-04 13:30:00,NYSE,2021-Q2,CLX,seizing,investing,investing,2750,2746,2755,as a reminder includes,more across our portfolio,as a reminder includes investing more across our portfolio
352,2021-02-04 13:30:00,NYSE,2021-Q2,CLX,seizing,invest,invest,3174,3170,3179,we will continue to,strongly in our global,we will continue to invest strongly in our global
352,2021-02-04 13:30:00,NYSE,2021-Q2,CLX,sensing,sense,sense,5231,5227,5236,wanted to get a,of how you re,wanted to get a sense of how you re
352,2021-02-04 13:30:00,NYSE,2021-Q2,CLX,sensing,shape,shape,5950,5946,5955,business is in better,than you might see,business is in better shape than you might see
352,2021-02-04 13:30:00,NYSE,2021-Q2,CLX,seizing,invest,invest,6537,6533,6542,ve already started to,and establish the supply,ve already started to invest and establish the supply
352,2021-02-04 13:30:00,NYSE,2021-Q2,CLX,seizing,invest,invest,7318,7314,7323,are not hesitant to,when we see strong,are not hesitant to invest when we see strong
352,2021-02-04 13:30:00,NYSE,2021-Q2,CLX,sensing,sense,sense,8152,8148,8157,portfolio where it makes,and i think it,portfolio where it makes sense and i think it
352,2021-02-04 13:30:00,NYSE,2021-Q2,CLX,seizing,investing,investing,8487,8483,8492,m sure you re,doubling down tripling down,m sure you re investing doubling down tripling down
352,2021-02-04 13:30:00,NYSE,2021-Q2,CLX,seizing,investing,investing,8534,8530,8539,be leading in and,further versus maybe pulling,be leading in and investing further versus maybe pulling
352,2021-02-04 13:30:00,NYSE,2021-Q2,CLX,sensing,sense,sense,9169,9165,9174,analyst yes that makes,and i m going,analyst yes that makes sense and i m going
352,2021-02-04 13:30:00,NYSE,2021-Q2,CLX,seizing,investing,investing,9371,9367,9376,our products we re,behind that we have,our products we re investing behind that we have
352,2021-02-04 13:30:00,NYSE,2021-Q2,CLX,seizing,investing,investing,9412,9408,9417,that we re clearly,in this year that,that we re clearly investing in this year that
352,2021-02-04 13:30:00,NYSE,2021-Q2,CLX,seizing,investing,investing,9512,9508,9517,company and we re,behind that jason english,company and we re investing behind that jason english
352,2021-02-04 13:30:00,NYSE,2021-Q2,CLX,sensing,sense,sense,9703,9699,9708,you give us a,of retailers receptivity to,you give us a sense of retailers receptivity to
352,2021-02-04 13:30:00,NYSE,2021-Q2,CLX,seizing,investing,investing,10268,10264,10273,that we have been,the fact that we,that we have been investing the fact that we
352,2021-02-04 13:30:00,NYSE,2021-Q2,CLX,seizing,investing,investing,10349,10345,10354,are really focused on,in those brands getting,are really focused on investing in those brands getting
352,2021-02-04 13:30:00,NYSE,2021-Q2,CLX,seizing,investing,investing,10546,10542,10551,ll continue to prioritize,in our base business,ll continue to prioritize investing in our base business
352,2021-02-04 13:30:00,NYSE,2021-Q2,CLX,seizing,invest,invest,10780,10776,10785,the best opportunity to,that cash and as,the best opportunity to invest that cash and as
353,2021-02-25 11:00:00,NYSE,2020-Q3,GVA,sensing,shape,shape,732,728,737,who we believe can,our future and drive,who we believe can shape our future and drive
353,2021-02-25 11:00:00,NYSE,2020-Q3,GVA,transforming,transforming,transforming,1606,1602,1611,quarters of moving on,the risk profile of,quarters of moving on transforming the risk profile of
353,2021-02-25 11:00:00,NYSE,2020-Q3,GVA,seizing,invest,invest,3920,3916,3925,is well positioned to,in our business and,is well positioned to invest in our business and
353,2021-02-25 11:00:00,NYSE,2020-Q3,GVA,sensing,sense,sense,4504,4500,4509,division but maybe a,of like in the,division but maybe a sense of like in the
353,2021-02-25 11:00:00,NYSE,2020-Q3,GVA,sensing,sense,sense,5056,5052,5061,do you get the,from them that with,do you get the sense from them that with
353,2021-02-25 11:00:00,NYSE,2020-Q3,GVA,sensing,sense,sense,5993,5989,5998,maybe kind of a,of order of magnitude,maybe kind of a sense of order of magnitude
353,2021-02-25 11:00:00,NYSE,2020-Q3,GVA,transforming,transforming,transforming,6664,6660,6669,job of moving and,that business into the,job of moving and transforming that business into the
353,2021-02-25 11:00:00,NYSE,2020-Q3,GVA,transforming,transforming,transforming,6725,6721,6730,now that we re,that business and it,now that we re transforming that business and it
353,2021-02-25 11:00:00,NYSE,2020-Q3,GVA,sensing,sense,sense,6790,6786,6795,so hopefully that makes,adam adam beavis goldman,so hopefully that makes sense adam adam beavis goldman
353,2021-02-25 11:00:00,NYSE,2020-Q3,GVA,sensing,sense,sense,6800,6796,6805,analyst no that makes,and that s very,analyst no that makes sense and that s very
353,2021-02-25 11:00:00,NYSE,2020-Q3,GVA,sensing,sense,sense,7457,7453,7462,i mean in the,of more competition than,i mean in the sense of more competition than
354,2021-05-07 08:30:00,NYSE,2021-Q1,KWR,sensing,shape,shape,1028,1024,1033,strong first quarter the,of our year s,strong first quarter the shape of our year s
354,2021-05-07 08:30:00,NYSE,2021-Q1,KWR,seizing,invest,invest,2265,2261,2270,to pay dividends and,in acquisitions that provide,to pay dividends and invest in acquisitions that provide
354,2021-05-07 08:30:00,NYSE,2021-Q1,KWR,sensing,sense,sense,2275,2271,2280,opportunities which make strategic,all while remaining committed,opportunities which make strategic sense all while remaining committed
354,2021-05-07 08:30:00,NYSE,2021-Q1,KWR,sensing,shape,shape,3343,3339,3348,s definitely changed the,of how our ebitda,s definitely changed the shape of how our ebitda
355,2019-12-12 17:00:00,NASDAQ,2020-Q1,COST,sensing,sense,sense,4140,4136,4145,just to get a,for what sort of,just to get a sense for what sort of
355,2019-12-12 17:00:00,NASDAQ,2020-Q1,COST,sensing,sense,sense,4282,4278,4287,just to get a,for how much that,just to get a sense for how much that
355,2019-12-12 17:00:00,NASDAQ,2020-Q1,COST,sensing,sense,sense,4454,4450,4459,research advisors analyst makes,thanks a lot operator,research advisors analyst makes sense thanks a lot operator
355,2019-12-12 17:00:00,NASDAQ,2020-Q1,COST,sensing,sense,sense,5698,5694,5703,found items that makes,in other parts of,found items that makes sense in other parts of
355,2019-12-12 17:00:00,NASDAQ,2020-Q1,COST,sensing,sense,sense,8612,8608,8617,for evaluating what makes,for you in terms,for evaluating what makes sense for you in terms
358,2019-11-06 08:30:00,NASDAQ,2019-Q3,CSTE,transforming,transform,transform,563,559,568,it strategy that will,our company into a,it strategy that will transform our company into a
358,2019-11-06 08:30:00,NASDAQ,2019-Q3,CSTE,seizing,invest,invest,1785,1781,1790,platform we continue to,behind our sales team,platform we continue to invest behind our sales team
359,2020-08-12 08:30:00,NASDAQ,2020-Q2,ANGI,sensing,sense,sense,402,398,407,done historically in the,of it s a,done historically in the sense of it s a
359,2020-08-12 08:30:00,NASDAQ,2020-Q2,ANGI,seizing,seize,seize,434,430,439,is be opportunistic and,opportunities when we see,is be opportunistic and seize opportunities when we see
359,2020-08-12 08:30:00,NASDAQ,2020-Q2,ANGI,seizing,invested,invested,1631,1627,1636,we built from scratch,in and went nowhere,we built from scratch invested in and went nowhere
359,2020-08-12 08:30:00,NASDAQ,2020-Q2,ANGI,sensing,sense,sense,6271,6267,6276,same way in the,of it s a,same way in the sense of it s a
359,2020-08-12 08:30:00,NASDAQ,2020-Q2,ANGI,seizing,invested,invested,6332,6328,6337,than actually we ve,in any of the,than actually we ve invested in any of the
359,2020-08-12 08:30:00,NASDAQ,2020-Q2,ANGI,sensing,shaping,shaping,6597,6593,6602,buying entire businesses and,those businesses that s,buying entire businesses and shaping those businesses that s
359,2020-08-12 08:30:00,NASDAQ,2020-Q2,ANGI,seizing,investing,investing,6940,6936,6945,vimeo we can be,more every quarter and,vimeo we can be investing more every quarter and
359,2020-08-12 08:30:00,NASDAQ,2020-Q2,ANGI,seizing,invest,invest,6976,6972,6981,s more dollars to,there even before choosing,s more dollars to invest there even before choosing
359,2020-08-12 08:30:00,NASDAQ,2020-Q2,ANGI,seizing,investing,investing,6991,6987,6996,dollars we can be,there and so we,dollars we can be investing there and so we
359,2020-08-12 08:30:00,NASDAQ,2020-Q2,ANGI,seizing,invest,invest,7015,7011,7020,release more products and,some of this incremental,release more products and invest some of this incremental
359,2020-08-12 08:30:00,NASDAQ,2020-Q2,ANGI,seizing,invest,invest,7796,7792,7801,going to continue to,to take share throughout,going to continue to invest to take share throughout
359,2020-08-12 08:30:00,NASDAQ,2020-Q2,ANGI,sensing,sense,sense,8367,8363,8372,for it in the,of we haven t,for it in the sense of we haven t
359,2020-08-12 08:30:00,NASDAQ,2020-Q2,ANGI,sensing,sense,sense,10053,10049,10058,for us in the,that getting a company,for us in the sense that getting a company
360,2022-05-05 17:00:00,NASDAQ,2022-Q1,ONCT,sensing,sense,sense,2434,2430,2439,analyst great that makes,jim thank you all,analyst great that makes sense jim thank you all
361,2021-04-27 17:00:00,NASDAQ,2021-Q1,CSGP,seizing,invest,invest,8196,8192,8201,and you do usually,in the marketing you,and you do usually invest in the marketing you
361,2021-04-27 17:00:00,NASDAQ,2021-Q1,CSGP,seizing,invest,invest,8202,8198,8207,the marketing you do,in the marketing ahead,the marketing you do invest in the marketing ahead
361,2021-04-27 17:00:00,NASDAQ,2021-Q1,CSGP,seizing,investing,investing,9848,9844,9853,our training we re,a little bit more,our training we re investing a little bit more
362,2020-07-30 09:30:00,NYSE,2020-Q2,RDS.A,transforming,redesign,redesign,1552,1548,1557,program in shell to,and restructure toward a,program in shell to redesign and restructure toward a
362,2020-07-30 09:30:00,NYSE,2020-Q2,RDS.A,transforming,redesigning,redesigning,1609,1605,1614,that besides reshaping and,we will also resize,that besides reshaping and redesigning we will also resize
362,2020-07-30 09:30:00,NYSE,2020-Q2,RDS.A,seizing,invest,invest,1918,1914,1923,and we continue to,in power for example,and we continue to invest in power for example
362,2020-07-30 09:30:00,NYSE,2020-Q2,RDS.A,seizing,investing,investing,2127,2123,2132,are paying dividends and,at the revised cash,are paying dividends and investing at the revised cash
362,2020-07-30 09:30:00,NYSE,2020-Q2,RDS.A,seizing,investing,investing,3276,3272,3281,in cash flow from,activities so there is,in cash flow from investing activities so there is
362,2020-07-30 09:30:00,NYSE,2020-Q2,RDS.A,sensing,sense,sense,11745,11741,11750,not make intuitive business,that being said there,not make intuitive business sense that being said there
362,2020-07-30 09:30:00,NYSE,2020-Q2,RDS.A,seizing,invest,invest,13542,13538,13547,so your ability to,more and see the,so your ability to invest more and see the
362,2020-07-30 09:30:00,NYSE,2020-Q2,RDS.A,seizing,invest,invest,13575,13571,13580,we re going to,in those but we,we re going to invest in those but we
362,2020-07-30 09:30:00,NYSE,2020-Q2,RDS.A,seizing,investing,investing,14909,14905,14914,everything hangs off of,in the company and,everything hangs off of investing in the company and
362,2020-07-30 09:30:00,NYSE,2020-Q2,RDS.A,seizing,investing,investing,14943,14939,14948,in the company and,in future cash flow,in the company and investing in future cash flow
362,2020-07-30 09:30:00,NYSE,2020-Q2,RDS.A,seizing,invest,invest,15120,15116,15125,ll be looking to,in the future of,ll be looking to invest in the future of
362,2020-07-30 09:30:00,NYSE,2020-Q2,RDS.A,sensing,sense,sense,16907,16903,16912,just to get a,of where we are,just to get a sense of where we are
363,2022-02-09 08:00:00,NASDAQ,2021-Q4,REYN,seizing,invest,invest,2395,2391,2400,priorities are unchanged we,to strengthen and extend,priorities are unchanged we invest to strengthen and extend
363,2022-02-09 08:00:00,NASDAQ,2021-Q4,REYN,seizing,investing,investing,3149,3145,3154,outlook we are clearly,further in our advertising,outlook we are clearly investing further in our advertising
363,2022-02-09 08:00:00,NASDAQ,2021-Q4,REYN,seizing,invest,invest,5391,5387,5396,that we decided to,more heavily in capital,that we decided to invest more heavily in capital
363,2022-02-09 08:00:00,NASDAQ,2021-Q4,REYN,sensing,sense,sense,5475,5471,5480,debt if that makes,for us and that,debt if that makes sense for us and that
364,2021-05-04 08:30:00,NYSE,2021-Q1,UAA,seizing,investing,investing,1616,1612,1621,tightly manage inventory while,in brand awareness and,tightly manage inventory while investing in brand awareness and
364,2021-05-04 08:30:00,NYSE,2021-Q1,UAA,transforming,transformed,transformed,2178,2174,2183,strong evidence that our,operating model can efficiently,strong evidence that our transformed operating model can efficiently
364,2021-05-04 08:30:00,NYSE,2021-Q1,UAA,seizing,invest,invest,3335,3331,3340,with the optionality to,in critical areas like,with the optionality to invest in critical areas like
364,2021-05-04 08:30:00,NYSE,2021-Q1,UAA,sensing,shape,shape,5415,5411,5420,base how will that,up is there any,base how will that shape up is there any
364,2021-05-04 08:30:00,NYSE,2021-Q1,UAA,seizing,invest,invest,6903,6899,6908,as we want to,more in the brand,as we want to invest more in the brand
364,2021-05-04 08:30:00,NYSE,2021-Q1,UAA,seizing,invest,invest,8934,8930,8939,make the decision to,back into the brand,make the decision to invest back into the brand
364,2021-05-04 08:30:00,NYSE,2021-Q1,UAA,seizing,investing,investing,9604,9600,9609,companies when they start,more into their direct,companies when they start investing more into their direct
364,2021-05-04 08:30:00,NYSE,2021-Q1,UAA,seizing,investing,investing,9798,9794,9803,how we re now,for the future really,how we re now investing for the future really
364,2021-05-04 08:30:00,NYSE,2021-Q1,UAA,sensing,sense,sense,10582,10578,10587,give us a nice,of how the balance,give us a nice sense of how the balance
365,2021-01-26 12:00:00,NYSE,2020-Q4,PLD,sensing,sense,sense,4546,4542,4551,makes a lot of,obviously we understand the,makes a lot of sense obviously we understand the
365,2021-01-26 12:00:00,NYSE,2020-Q4,PLD,sensing,sense,sense,5122,5118,5127,the question in a,that we re only,the question in a sense that we re only
365,2021-01-26 12:00:00,NYSE,2020-Q4,PLD,sensing,sense,sense,5281,5277,5286,execute when it makes,for us but i,execute when it makes sense for us but i
365,2021-01-26 12:00:00,NYSE,2020-Q4,PLD,sensing,sense,sense,7799,7795,7804,very opportunistic in that,operator your next question,very opportunistic in that sense operator your next question
365,2021-01-26 12:00:00,NYSE,2020-Q4,PLD,sensing,sense,sense,8503,8499,8508,it s just no,of we could sell,it s just no sense of we could sell
366,2022-04-27 09:30:00,NASDAQ,2022-Q1,TRMK,seizing,invest,invest,2096,2092,2101,we will continue to,in technology to meet,we will continue to invest in technology to meet
366,2022-04-27 09:30:00,NASDAQ,2022-Q1,TRMK,sensing,sense,sense,2920,2916,2925,trying to get a,of kind of how,trying to get a sense of kind of how
367,2020-04-23 08:30:00,NYSE,2020-Q1,BFH,seizing,investing,investing,345,341,350,with an eye toward,in our future on,with an eye toward investing in our future on
367,2020-04-23 08:30:00,NYSE,2020-Q1,BFH,seizing,investing,investing,1477,1473,1482,term expense reduction and,in our business strategically,term expense reduction and investing in our business strategically
367,2020-04-23 08:30:00,NYSE,2020-Q1,BFH,seizing,investing,investing,3116,3112,3121,time we are thoughtfully,in the future we,time we are thoughtfully investing in the future we
367,2020-04-23 08:30:00,NYSE,2020-Q1,BFH,seizing,investing,investing,3210,3206,3215,operating model and thoughtfully,in the future with,operating model and thoughtfully investing in the future with
367,2020-04-23 08:30:00,NYSE,2020-Q1,BFH,seizing,invest,invest,3937,3933,3942,but as importantly really,where we think where,but as importantly really invest where we think where
367,2020-04-23 08:30:00,NYSE,2020-Q1,BFH,seizing,invest,invest,3977,3973,3982,we ll continue to,there and you know,we ll continue to invest there and you know
367,2020-04-23 08:30:00,NYSE,2020-Q1,BFH,sensing,sense,sense,4068,4064,4073,like yourselves in the,that i think you,like yourselves in the sense that i think you
367,2020-04-23 08:30:00,NYSE,2020-Q1,BFH,sensing,sense,sense,4155,4151,4160,that give us a,of what part of,that give us a sense of what part of
368,2020-07-20 17:00:00,NYSE,2020-Q2,IBM,seizing,seize,seize,462,458,467,opportunities that ibm will,as our clients accelerate,opportunities that ibm will seize as our clients accelerate
368,2020-07-20 17:00:00,NYSE,2020-Q2,IBM,sensing,shape,shape,597,593,602,that take time to,and therefore to close,that take time to shape and therefore to close
368,2020-07-20 17:00:00,NYSE,2020-Q2,IBM,transforming,transforming,transforming,2770,2766,2775,and security we re,key business support functions,and security we re transforming key business support functions
368,2020-07-20 17:00:00,NYSE,2020-Q2,IBM,transforming,transform,transform,3742,3738,3747,red hat technologies to,their businesses looking at,red hat technologies to transform their businesses looking at
368,2020-07-20 17:00:00,NYSE,2020-Q2,IBM,seizing,invest,invest,3805,3801,3810,we re continuing to,building skills and practices,we re continuing to invest building skills and practices
368,2020-07-20 17:00:00,NYSE,2020-Q2,IBM,seizing,invest,invest,4717,4713,4722,flow and liquidity to,in our business and,flow and liquidity to invest in our business and
368,2020-07-20 17:00:00,NYSE,2020-Q2,IBM,seizing,investing,investing,4774,4770,4779,focus will be on,and maintaining flexibility to,focus will be on investing and maintaining flexibility to
368,2020-07-20 17:00:00,NYSE,2020-Q2,IBM,transforming,transforming,transforming,7621,7617,7626,first in terms of,their applications and that,first in terms of transforming their applications and that
368,2020-07-20 17:00:00,NYSE,2020-Q2,IBM,seizing,invest,invest,7815,7811,7820,going to continue to,in this business capital,going to continue to invest in this business capital
368,2020-07-20 17:00:00,NYSE,2020-Q2,IBM,seizing,invest,invest,8539,8535,8544,going to continue to,in our business and,going to continue to invest in our business and
368,2020-07-20 17:00:00,NYSE,2020-Q2,IBM,sensing,sense,sense,9411,9407,9416,can get a better,of how the transformation,can get a better sense of how the transformation
368,2020-07-20 17:00:00,NYSE,2020-Q2,IBM,sensing,sense,sense,9515,9511,9520,to get a better,of how to think,to get a better sense of how to think
368,2020-07-20 17:00:00,NYSE,2020-Q2,IBM,seizing,invest,invest,10100,10096,10105,and then also two,in new transformational services,and then also two invest in new transformational services
369,2021-02-24 08:30:00,NYSE,2020-Q4,GTY,seizing,invested,invested,1555,1551,1560,the fourth quarter we,million in highly high,the fourth quarter we invested million in highly high
369,2021-02-24 08:30:00,NYSE,2020-Q4,GTY,seizing,invested,invested,1843,1839,1848,for the year we,approximately million in both,for the year we invested approximately million in both
369,2021-02-24 08:30:00,NYSE,2020-Q4,GTY,seizing,invested,invested,1906,1902,1911,in this project we,million and we expect,in this project we invested million and we expect
369,2021-02-24 08:30:00,NYSE,2020-Q4,GTY,seizing,invested,invested,1990,1986,1995,spending side we have,approximately million in the,spending side we have invested approximately million in the
369,2021-02-24 08:30:00,NYSE,2020-Q4,GTY,seizing,invest,invest,2030,2026,2035,of where we could,these funds in the,of where we could invest these funds in the
369,2021-02-24 08:30:00,NYSE,2020-Q4,GTY,seizing,invest,invest,5767,5763,5772,funding our tenants also,in our properties right,funding our tenants also invest in our properties right
371,2021-02-08 09:00:00,NYSE,2020-Q4,CNA,seizing,invested,invested,2679,2675,2684,remained low fixed income,assets that support our,remained low fixed income invested assets that support our
371,2021-02-08 09:00:00,NYSE,2020-Q4,CNA,sensing,sense,sense,4842,4838,4847,long duration that makes,that was a zero,long duration that makes sense that was a zero
371,2021-02-08 09:00:00,NYSE,2020-Q4,CNA,sensing,sense,sense,4944,4940,4949,perfect that totally makes,and just finally if,perfect that totally makes sense and just finally if
372,2021-02-02 04:00:00,NYSE,2020-Q4,BP,transforming,transforming,transforming,887,883,892,focus on performing while,i d like to,focus on performing while transforming i d like to
372,2021-02-02 04:00:00,NYSE,2020-Q4,BP,seizing,invest,invest,2102,2098,2107,our reinvent bp program,in a disciplined manner,our reinvent bp program invest in a disciplined manner
372,2021-02-02 04:00:00,NYSE,2020-Q4,BP,seizing,invest,invest,2215,2211,2220,deteriorate we plan to,around billion in low,deteriorate we plan to invest around billion in low
372,2021-02-02 04:00:00,NYSE,2020-Q4,BP,transforming,transform,transform,3181,3177,3186,the group needs to,so i want to,the group needs to transform so i want to
372,2021-02-02 04:00:00,NYSE,2020-Q4,BP,transforming,transforming,transforming,5125,5121,5130,focusing on performing while,through extraordinary circumstances we,focusing on performing while transforming through extraordinary circumstances we
372,2021-02-02 04:00:00,NYSE,2020-Q4,BP,seizing,investing,investing,6004,6000,6009,down to billion then,into the transition investing,down to billion then investing into the transition investing
372,2021-02-02 04:00:00,NYSE,2020-Q4,BP,seizing,investing,investing,6008,6004,6013,investing into the transition,into the hydrocarbons and,investing into the transition investing into the hydrocarbons and
372,2021-02-02 04:00:00,NYSE,2020-Q4,BP,sensing,sense,sense,8925,8921,8930,hopefully gives you a,of how we think,hopefully gives you a sense of how we think
372,2021-02-02 04:00:00,NYSE,2020-Q4,BP,sensing,sense,sense,9725,9721,9730,it in a volume,we are trying to,it in a volume sense we are trying to
372,2021-02-02 04:00:00,NYSE,2020-Q4,BP,sensing,sense,sense,9737,9733,9742,a free cash flow,and that s what,a free cash flow sense and that s what
372,2021-02-02 04:00:00,NYSE,2020-Q4,BP,seizing,invest,invest,9859,9855,9864,through time if we,on a continuous basis,through time if we invest on a continuous basis
372,2021-02-02 04:00:00,NYSE,2020-Q4,BP,seizing,invest,invest,11981,11977,11986,debt down to billion,into the transition invest,debt down to billion invest into the transition invest
372,2021-02-02 04:00:00,NYSE,2020-Q4,BP,seizing,invest,invest,11985,11981,11990,invest into the transition,in the resilient and,invest into the transition invest in the resilient and
372,2021-02-02 04:00:00,NYSE,2020-Q4,BP,seizing,invest,invest,12413,12409,12418,when you don t,in it obviously given,when you don t invest in it obviously given
372,2021-02-02 04:00:00,NYSE,2020-Q4,BP,sensing,shape,shape,13075,13071,13080,the debate you can,some of these things,the debate you can shape some of these things
372,2021-02-02 04:00:00,NYSE,2020-Q4,BP,sensing,sense,sense,13099,13095,13104,of these dialogs my,is i walk away,of these dialogs my sense is i walk away
372,2021-02-02 04:00:00,NYSE,2020-Q4,BP,transforming,transform,transform,13364,13360,13369,us the permission to,the company which is,us the permission to transform the company which is
372,2021-02-02 04:00:00,NYSE,2020-Q4,BP,transforming,transform,transform,13374,13370,13379,we say perform or,and murray and i,we say perform or transform and murray and i
372,2021-02-02 04:00:00,NYSE,2020-Q4,BP,seizing,invested,invested,16812,16808,16817,unfortunately the absolute capital,is almost becomes de,unfortunately the absolute capital invested is almost becomes de
372,2021-02-02 04:00:00,NYSE,2020-Q4,BP,seizing,invest,invest,16870,16866,16875,to be able to,or the capital you,to be able to invest or the capital you
372,2021-02-02 04:00:00,NYSE,2020-Q4,BP,seizing,investing,investing,17647,17643,17652,doing in terms of,into how those permian,doing in terms of investing into how those permian
372,2021-02-02 04:00:00,NYSE,2020-Q4,BP,sensing,sense,sense,18557,18553,18562,that gives you a,of what s valuable,that gives you a sense of what s valuable
373,2020-05-11 09:00:00,NYSE,2020-Q1,VRS,seizing,invest,invest,4367,4363,4372,going to continue to,in that project adam,going to continue to invest in that project adam
374,2020-05-09 21:00:00,NASDAQ,2020-Q2,GEOS,sensing,sensing,sensing,1170,1166,1175,of optoseis fiber optic,technology in combination with,of optoseis fiber optic sensing technology in combination with
374,2020-05-09 21:00:00,NASDAQ,2020-Q2,GEOS,sensing,sense,sense,5100,5096,5105,do we have any,for what the market,do we have any sense for what the market
375,2020-04-30 10:00:00,NASDAQ,2020-Q1,SPOK,seizing,invest,invest,4451,4447,4456,we also continue to,in our company to,we also continue to invest in our company to
375,2020-04-30 10:00:00,NASDAQ,2020-Q1,SPOK,seizing,investing,investing,4725,4721,4730,the future while still,in our platform we,the future while still investing in our platform we
375,2020-04-30 10:00:00,NASDAQ,2020-Q1,SPOK,seizing,invested,invested,6180,6176,6185,the money you ve,and the amount of,the money you ve invested and the amount of
375,2020-04-30 10:00:00,NASDAQ,2020-Q1,SPOK,seizing,investing,investing,6711,6707,6716,being pressed we are,a lot of money,being pressed we are investing a lot of money
375,2020-04-30 10:00:00,NASDAQ,2020-Q1,SPOK,seizing,investing,investing,6769,6765,6774,we won t be,million a year in,we won t be investing million a year in
376,2021-04-29 17:00:00,NYSE,2021-Q2,BZH,seizing,invested,invested,356,352,361,the same time we,for the future grew,the same time we invested for the future grew
376,2021-04-29 17:00:00,NYSE,2021-Q2,BZH,sensing,sense,sense,2172,2168,2177,like it makes more,to wait until the,like it makes more sense to wait until the
376,2021-04-29 17:00:00,NYSE,2021-Q2,BZH,sensing,sense,sense,2513,2509,2518,makes a lot of,and it s helpful,makes a lot of sense and it s helpful
376,2021-04-29 17:00:00,NYSE,2021-Q2,BZH,sensing,senses,senses,3485,3481,3490,these gathering places these,of place within your,these gathering places these senses of place within your
376,2021-04-29 17:00:00,NYSE,2021-Q2,BZH,seizing,invest,invest,4394,4390,4399,and we want to,with our team and,and we want to invest with our team and
376,2021-04-29 17:00:00,NYSE,2021-Q2,BZH,seizing,investing,investing,4944,4940,4949,larger dollar amount is,in the business the,larger dollar amount is investing in the business the
376,2021-04-29 17:00:00,NYSE,2021-Q2,BZH,seizing,investing,investing,5034,5030,5039,returns we can make,in the business so,returns we can make investing in the business so
377,2021-05-07 09:00:00,NYSE,2021-Q1,ENB,sensing,shaping,shaping,389,385,394,we see the year,up and as you,we see the year shaping up and as you
377,2021-05-07 09:00:00,NYSE,2021-Q1,ENB,sensing,sense,sense,1531,1527,1536,and you get a,of that with the,and you get a sense of that with the
377,2021-05-07 09:00:00,NYSE,2021-Q1,ENB,sensing,sense,sense,1597,1593,1602,it doesn t make,especially from an environmental,it doesn t make sense especially from an environmental
377,2021-05-07 09:00:00,NYSE,2021-Q1,ENB,seizing,invested,invested,1863,1859,1868,us to billion of,investable capacity annually so,us to billion of invested investable capacity annually so
377,2021-05-07 09:00:00,NYSE,2021-Q1,ENB,sensing,shaping,shaping,4138,4134,4143,see the full year,up because of a,see the full year shaping up because of a
377,2021-05-07 09:00:00,NYSE,2021-Q1,ENB,seizing,invest,invest,7114,7110,7119,term how you might,in connectivity and other,term how you might invest in connectivity and other
377,2021-05-07 09:00:00,NYSE,2021-Q1,ENB,sensing,shape,shape,7794,7790,7799,we re in good,so far linda ezergailis,we re in good shape so far linda ezergailis
377,2021-05-07 09:00:00,NYSE,2021-Q1,ENB,sensing,sense,sense,8549,8545,8554,trying to get a,of how much other,trying to get a sense of how much other
377,2021-05-07 09:00:00,NYSE,2021-Q1,ENB,seizing,invest,invest,9097,9093,9102,where one needs to,but at the same,where one needs to invest but at the same
377,2021-05-07 09:00:00,NYSE,2021-Q1,ENB,seizing,investing,investing,9173,9169,9178,to be something like,even further with next,to be something like investing even further with next
377,2021-05-07 09:00:00,NYSE,2021-Q1,ENB,sensing,sense,sense,9606,9602,9611,does it makes perfect,just trying to think,does it makes perfect sense just trying to think
377,2021-05-07 09:00:00,NYSE,2021-Q1,ENB,sensing,sense,sense,9945,9941,9950,you think it makes,to seek financial assistance,you think it makes sense to seek financial assistance
378,2021-05-11 08:00:00,NYSE,2021-Q1,IGT,seizing,investing,investing,1377,1373,1382,new jurisdictions we are,to support this growth,new jurisdictions we are investing to support this growth
378,2021-05-11 08:00:00,NYSE,2021-Q1,IGT,seizing,investing,investing,1501,1497,1506,into our commitment to,in three main objectives,into our commitment to investing in three main objectives
378,2021-05-11 08:00:00,NYSE,2021-Q1,IGT,sensing,sense,sense,3826,3822,3831,point it may make,for us to consider,point it may make sense for us to consider
379,2020-08-07 10:00:00,NYSE,2020-Q2,UFS,seizing,invested,invested,2460,2456,2465,flow and return on,capital and enables our,flow and return on invested capital and enables our
379,2020-08-07 10:00:00,NYSE,2020-Q2,UFS,sensing,sense,sense,3901,3897,3906,might make the most,for a next stage,might make the most sense for a next stage
379,2020-08-07 10:00:00,NYSE,2020-Q2,UFS,sensing,sense,sense,4721,4717,4726,wanted to get a,of how intertwined the,wanted to get a sense of how intertwined the
379,2020-08-07 10:00:00,NYSE,2020-Q2,UFS,sensing,sense,sense,4787,4783,4792,your portfolio that makes,to be lumped into,your portfolio that makes sense to be lumped into
379,2020-08-07 10:00:00,NYSE,2020-Q2,UFS,seizing,invest,invest,5645,5641,5650,approach has been to,in the business to,approach has been to invest in the business to
379,2020-08-07 10:00:00,NYSE,2020-Q2,UFS,sensing,sense,sense,7688,7684,7693,that out getting a,of how much of,that out getting a sense of how much of
379,2020-08-07 10:00:00,NYSE,2020-Q2,UFS,sensing,sense,sense,8038,8034,8043,perfect world that makes,we don t live,perfect world that makes sense we don t live
379,2020-08-07 10:00:00,NYSE,2020-Q2,UFS,sensing,shape,shape,8738,8734,8743,be in very good,and let s not,be in very good shape and let s not
379,2020-08-07 10:00:00,NYSE,2020-Q2,UFS,sensing,shape,shape,8762,8758,8767,we re in good,there steve chercover d,we re in good shape there steve chercover d
379,2020-08-07 10:00:00,NYSE,2020-Q2,UFS,sensing,sense,sense,8813,8809,8818,the end here any,what the cash costs,the end here any sense what the cash costs
379,2020-08-07 10:00:00,NYSE,2020-Q2,UFS,sensing,sense,sense,8992,8988,8997,okay and then any,what your operating rate,okay and then any sense what your operating rate
379,2020-08-07 10:00:00,NYSE,2020-Q2,UFS,sensing,sense,sense,9408,9404,9413,you give us some,of what that might,you give us some sense of what that might
380,2021-01-21 16:30:00,NASDAQ,2020-Q4,ISRG,seizing,invest,invest,507,503,512,hospital customers continue to,in building their intuitive,hospital customers continue to invest in building their intuitive
380,2021-01-21 16:30:00,NASDAQ,2020-Q4,ISRG,seizing,investing,investing,1573,1569,1578,instruments we ve been,capital in our manufacturing,instruments we ve been investing capital in our manufacturing
380,2021-01-21 16:30:00,NASDAQ,2020-Q4,ISRG,seizing,invest,invest,1631,1627,1636,us greater ability to,in higher volume processes,us greater ability to invest in higher volume processes
380,2021-01-21 16:30:00,NASDAQ,2020-Q4,ISRG,seizing,invest,invest,1640,1636,1645,we ll continue to,in this cycle going,we ll continue to invest in this cycle going
380,2021-01-21 16:30:00,NASDAQ,2020-Q4,ISRG,seizing,invest,invest,1682,1678,1687,result we continue to,in our innovation engines,result we continue to invest in our innovation engines
380,2021-01-21 16:30:00,NASDAQ,2020-Q4,ISRG,seizing,invest,invest,3303,3299,3308,we ll continue to,in the business for,we ll continue to invest in the business for
380,2021-01-21 16:30:00,NASDAQ,2020-Q4,ISRG,seizing,invest,invest,3319,3315,3324,covid we continue to,in product development activities,covid we continue to invest in product development activities
380,2021-01-21 16:30:00,NASDAQ,2020-Q4,ISRG,seizing,invest,invest,4636,4632,4641,absorbed some folks will,ahead getting ready and,absorbed some folks will invest ahead getting ready and
380,2021-01-21 16:30:00,NASDAQ,2020-Q4,ISRG,seizing,invest,invest,5503,5499,5508,want to continue to,in the r d,want to continue to invest in the r d
380,2021-01-21 16:30:00,NASDAQ,2020-Q4,ISRG,sensing,sense,sense,8844,8840,8849,it is bundling makes,if the underlying products,it is bundling makes sense if the underlying products
381,2021-02-18 17:00:00,NASDAQ,2020-Q4,TTD,seizing,investing,investing,682,678,687,all while we are,in our future as,all while we are investing in our future as
381,2021-02-18 17:00:00,NASDAQ,2020-Q4,TTD,sensing,shape,shape,722,718,727,campaigns in some way,or form they continued,campaigns in some way shape or form they continued
381,2021-02-18 17:00:00,NASDAQ,2020-Q4,TTD,seizing,invest,invest,731,727,736,to shift spend and,in ad opportunities that,to shift spend and invest in ad opportunities that
381,2021-02-18 17:00:00,NASDAQ,2020-Q4,TTD,sensing,sense,sense,982,978,987,to return to some,of normal more broadly,to return to some sense of normal more broadly
381,2021-02-18 17:00:00,NASDAQ,2020-Q4,TTD,sensing,sense,sense,1014,1010,1019,to give you a,of these trends and,to give you a sense of these trends and
381,2021-02-18 17:00:00,NASDAQ,2020-Q4,TTD,seizing,invest,invest,4235,4231,4240,why we continue to,in our platform with,why we continue to invest in our platform with
381,2021-02-18 17:00:00,NASDAQ,2020-Q4,TTD,seizing,investing,investing,4309,4305,4314,sign that we are,in the right way,sign that we are investing in the right way
381,2021-02-18 17:00:00,NASDAQ,2020-Q4,TTD,seizing,invest,invest,5491,5487,5496,as we continue to,in the long term,as we continue to invest in the long term
381,2021-02-18 17:00:00,NASDAQ,2020-Q4,TTD,seizing,invest,invest,5592,5588,5597,our platform while we,in and scale our,our platform while we invest in and scale our
381,2021-02-18 17:00:00,NASDAQ,2020-Q4,TTD,seizing,invest,invest,6772,6768,6777,lots of areas to,in i mentioned a,lots of areas to invest in i mentioned a
381,2021-02-18 17:00:00,NASDAQ,2020-Q4,TTD,seizing,invest,invest,6857,6853,6862,target we want to,in areas that drive,target we want to invest in areas that drive
381,2021-02-18 17:00:00,NASDAQ,2020-Q4,TTD,sensing,sense,sense,8242,8238,8247,walmart it makes absolute,for other companies like,walmart it makes absolute sense for other companies like
381,2021-02-18 17:00:00,NASDAQ,2020-Q4,TTD,sensing,sense,sense,10379,10375,10384,and scale in the,that we are pointed,and scale in the sense that we are pointed
382,,NASDAQ,2018-Q2,DISC.A,transforming,transforming,transforming,2551,2547,2556,realize the benefits of,the new discovery with,realize the benefits of transforming the new discovery with
382,,NASDAQ,2018-Q2,DISC.A,sensing,sense,sense,9038,9034,9043,disadvantage which makes no,and so by putting,disadvantage which makes no sense and so by putting
382,,NASDAQ,2018-Q2,DISC.A,sensing,sense,sense,10734,10730,10739,you give us a,of the consolidated u,you give us a sense of the consolidated u
383,2021-03-10 08:30:00,NYSE,2021-Q1,ABM,seizing,investing,investing,1476,1472,1481,are going to be,in our clients team,are going to be investing in our clients team
383,2021-03-10 08:30:00,NYSE,2021-Q1,ABM,seizing,invest,invest,2026,2022,2031,with great opportunity to,in our future growth,with great opportunity to invest in our future growth
383,2021-03-10 08:30:00,NYSE,2021-Q1,ABM,seizing,investing,investing,5939,5935,5944,to be thinking about,into our business over,to be thinking about investing into our business over
383,2021-03-10 08:30:00,NYSE,2021-Q1,ABM,sensing,sense,sense,6350,6346,6355,month enhancedclean contracts my,is a lot of,month enhancedclean contracts my sense is a lot of
383,2021-03-10 08:30:00,NYSE,2021-Q1,ABM,seizing,invest,invest,6969,6965,6974,re moving aggressively to,in and to exploit,re moving aggressively to invest in and to exploit
383,2021-03-10 08:30:00,NYSE,2021-Q1,ABM,seizing,investing,investing,7157,7153,7162,this work stream and,into the business organically,this work stream and investing into the business organically
383,2021-03-10 08:30:00,NYSE,2021-Q1,ABM,seizing,investing,investing,7193,7189,7198,re going to be,in our tech right,re going to be investing in our tech right
383,2021-03-10 08:30:00,NYSE,2021-Q1,ABM,seizing,invest,invest,7346,7342,7351,about our ability to,in our people and,about our ability to invest in our people and
383,2021-03-10 08:30:00,NYSE,2021-Q1,ABM,seizing,invest,invest,7352,7348,7357,our people and to,in technology and again,our people and to invest in technology and again
383,2021-03-10 08:30:00,NYSE,2021-Q1,ABM,seizing,investing,investing,8020,8016,8025,that we currently are,against our future it,that we currently are investing against our future it
383,2021-03-10 08:30:00,NYSE,2021-Q1,ABM,sensing,sense,sense,8380,8376,8385,sort of get a,of whether we begin,sort of get a sense of whether we begin
383,2021-03-10 08:30:00,NYSE,2021-Q1,ABM,sensing,sense,sense,8446,8442,8451,wanted to get a,of that survey work,wanted to get a sense of that survey work
383,2021-03-10 08:30:00,NYSE,2021-Q1,ABM,sensing,sense,sense,8467,8463,8472,do you get a,that maybe some of,do you get a sense that maybe some of
384,2021-05-05 08:30:00,NASDAQ,2021-Q1,RDWR,seizing,invest,invest,746,742,751,and they chose to,in radware s web,and they chose to invest in radware s web
384,2021-05-05 08:30:00,NASDAQ,2021-Q1,RDWR,seizing,invest,invest,1220,1216,1225,few we continue to,in these strategic relationships,few we continue to invest in these strategic relationships
384,2021-05-05 08:30:00,NASDAQ,2021-Q1,RDWR,seizing,invested,invested,1830,1826,1835,of our cash is,in highly liquid u,of our cash is invested in highly liquid u
385,2021-02-25 09:00:00,NYSE,2020-Q4,BUD,transforming,revamped,revamped,408,404,413,beers enhanced by a,innovation process we re,beers enhanced by a revamped innovation process we re
385,2021-02-25 09:00:00,NYSE,2020-Q4,BUD,seizing,invest,invest,486,482,491,disruption while continuing to,behind our strategy most,disruption while continuing to invest behind our strategy most
385,2021-02-25 09:00:00,NYSE,2020-Q4,BUD,transforming,transform,transform,2539,2535,2544,for bees to truly,our customer relationships and,for bees to truly transform our customer relationships and
385,2021-02-25 09:00:00,NYSE,2020-Q4,BUD,seizing,invest,invest,3795,3791,3800,of cash is to,behind our brands and,of cash is to invest behind our brands and
385,2021-02-25 09:00:00,NYSE,2020-Q4,BUD,seizing,invest,invest,3926,3922,3931,be working quickly to,as the environment began,be working quickly to invest as the environment began
385,2021-02-25 09:00:00,NYSE,2020-Q4,BUD,transforming,redesigned,redesigned,6884,6880,6889,s announcement of a,distribution partnership between heineken,s announcement of a redesigned distribution partnership between heineken
385,2021-02-25 09:00:00,NYSE,2020-Q4,BUD,sensing,sense,sense,8376,8372,8381,one follow up any,of timing you could,one follow up any sense of timing you could
385,2021-02-25 09:00:00,NYSE,2020-Q4,BUD,sensing,sense,sense,9896,9892,9901,give us maybe a,of your balance now,give us maybe a sense of your balance now
385,2021-02-25 09:00:00,NYSE,2020-Q4,BUD,seizing,investing,investing,10031,10027,10036,that we have been,for now five years,that we have been investing for now five years
385,2021-02-25 09:00:00,NYSE,2020-Q4,BUD,transforming,transform,transform,10170,10166,10175,this is going to,our business and our,this is going to transform our business and our
385,2021-02-25 09:00:00,NYSE,2020-Q4,BUD,seizing,investing,investing,10486,10482,10491,that we ve been,since ze was founded,that we ve been investing since ze was founded
385,2021-02-25 09:00:00,NYSE,2020-Q4,BUD,seizing,invested,invested,10591,10587,10596,the momentum and we,accordingly and the guidance,the momentum and we invested accordingly and the guidance
385,2021-02-25 09:00:00,NYSE,2020-Q4,BUD,seizing,investing,investing,10616,10612,10621,fuel the momentum and,behind the growth so,fuel the momentum and investing behind the growth so
385,2021-02-25 09:00:00,NYSE,2020-Q4,BUD,transforming,revamped,revamped,10723,10719,10728,in class brand portfolio,innovation process digital platforms,in class brand portfolio revamped innovation process digital platforms
387,2021-02-10 16:30:00,NYSE,2020-Q4,UBER,seizing,invest,invest,558,554,563,year while continuing to,in long term initiatives,year while continuing to invest in long term initiatives
387,2021-02-10 16:30:00,NYSE,2020-Q4,UBER,transforming,redesigned,redesigned,644,640,649,business for instance our,uber super app already,business for instance our redesigned uber super app already
387,2021-02-10 16:30:00,NYSE,2020-Q4,UBER,seizing,investing,investing,865,861,870,to reposition this means,in new mobility products,to reposition this means investing in new mobility products
387,2021-02-10 16:30:00,NYSE,2020-Q4,UBER,seizing,invest,invest,1218,1214,1223,in we expect to,million to million in,in we expect to invest million to million in
387,2021-02-10 16:30:00,NYSE,2020-Q4,UBER,seizing,investing,investing,1455,1451,1460,for our mobility business,for growth and delivery,for our mobility business investing for growth and delivery
387,2021-02-10 16:30:00,NYSE,2020-Q4,UBER,seizing,invest,invest,4111,4107,4116,that can afford to,in those areas and,that can afford to invest in those areas and
387,2021-02-10 16:30:00,NYSE,2020-Q4,UBER,seizing,invest,invest,4252,4248,4257,of that profitability and,back in so it,of that profitability and invest back in so it
387,2021-02-10 16:30:00,NYSE,2020-Q4,UBER,seizing,investing,investing,4430,4426,4435,side as opposed to,more heavily on the,side as opposed to investing more heavily on the
387,2021-02-10 16:30:00,NYSE,2020-Q4,UBER,seizing,investing,investing,4438,4434,4443,the supply side and,a deepening on the,the supply side and investing a deepening on the
387,2021-02-10 16:30:00,NYSE,2020-Q4,UBER,seizing,invest,invest,5291,5287,5296,continue to lean and,and grow you are,continue to lean and invest and grow you are
387,2021-02-10 16:30:00,NYSE,2020-Q4,UBER,seizing,invest,invest,5561,5557,5566,we will continue to,for growth dara khosrowshahi,we will continue to invest for growth dara khosrowshahi
387,2021-02-10 16:30:00,NYSE,2020-Q4,UBER,seizing,invest,invest,5817,5813,5822,the technology that we,in to make sure,the technology that we invest in to make sure
387,2021-02-10 16:30:00,NYSE,2020-Q4,UBER,seizing,invested,invested,6104,6100,6109,platform and we ve,in i think we,platform and we ve invested in i think we
387,2021-02-10 16:30:00,NYSE,2020-Q4,UBER,seizing,investing,investing,8301,8297,8306,economics scaling and really,and building in the,economics scaling and really investing and building in the
387,2021-02-10 16:30:00,NYSE,2020-Q4,UBER,sensing,shape,shape,8638,8634,8643,we are in great,and in some markets,we are in great shape and in some markets
387,2021-02-10 16:30:00,NYSE,2020-Q4,UBER,sensing,sense,sense,9662,9658,9667,didn t think made,from a long term,didn t think made sense from a long term
388,2020-01-23 10:00:00,NYSE,2020-Q1,HZO,sensing,sense,sense,2960,2956,2965,to the year my,is you may revisit,to the year my sense is you may revisit
388,2020-01-23 10:00:00,NYSE,2020-Q1,HZO,sensing,sense,sense,4174,4170,4179,you give us a,of maybe how much,you give us a sense of maybe how much
390,2021-05-05 10:00:00,NYSE,2021-Q1,STAG,seizing,invested,invested,632,628,637,run we have continually,in the platform broadened,run we have continually invested in the platform broadened
390,2021-05-05 10:00:00,NYSE,2021-Q1,STAG,sensing,sense,sense,2794,2790,2799,you give us a,where the in place,you give us a sense where the in place
390,2021-05-05 10:00:00,NYSE,2021-Q1,STAG,sensing,sense,sense,4852,4848,4857,year what s your,about fallout is there,year what s your sense about fallout is there
392,2021-05-04 10:00:00,NYSE,2021-Q1,CLDT,seizing,investing,investing,1387,1383,1392,every hotel gm and,of their time to,every hotel gm and investing of their time to
392,2021-05-04 10:00:00,NYSE,2021-Q1,CLDT,seizing,invested,invested,2792,2788,2797,about million and we,approximately million in our,about million and we invested approximately million in our
392,2021-05-04 10:00:00,NYSE,2021-Q1,CLDT,sensing,sense,sense,3539,3535,3544,we believe this made,and will allow us,we believe this made sense and will allow us
392,2021-05-04 10:00:00,NYSE,2021-Q1,CLDT,sensing,shape,shape,3661,3657,3666,is now in great,since we no longer,is now in great shape since we no longer
392,2021-05-04 10:00:00,NYSE,2021-Q1,CLDT,sensing,shape,shape,4858,4854,4863,in very very good,anyway so by having,in very very good shape anyway so by having
392,2021-05-04 10:00:00,NYSE,2021-Q1,CLDT,sensing,shape,shape,4882,4878,4887,the pandemic in good,we have allocated some,the pandemic in good shape we have allocated some
392,2021-05-04 10:00:00,NYSE,2021-Q1,CLDT,sensing,sense,sense,5551,5547,5556,trying to get a,of how much variance,trying to get a sense of how much variance
392,2021-05-04 10:00:00,NYSE,2021-Q1,CLDT,sensing,sense,sense,6522,6518,6527,not a lot of,so we ll be,not a lot of sense so we ll be
393,2019-10-29 17:00:00,NASDAQ,2019-Q3,MAT,transforming,transform,transform,437,433,442,on our strategy to,mattel into an ip,on our strategy to transform mattel into an ip
393,2019-10-29 17:00:00,NASDAQ,2019-Q3,MAT,transforming,transforming,transforming,2027,2023,2032,and consistent progress in,mattel into an ip,and consistent progress in transforming mattel into an ip
393,2019-10-29 17:00:00,NASDAQ,2019-Q3,MAT,sensing,sense,sense,8953,8949,8958,does it still make,now to not own,does it still make sense now to not own
393,2019-10-29 17:00:00,NASDAQ,2019-Q3,MAT,sensing,sense,sense,8994,8990,8999,cases it would make,to retain ownership of,cases it would make sense to retain ownership of
394,2021-02-18 04:30:00,NYSE,2020-Q4,BCS,seizing,invest,invest,916,912,921,response we continue to,in our technology platform,response we continue to invest in our technology platform
394,2021-02-18 04:30:00,NYSE,2020-Q4,BCS,seizing,investing,investing,1219,1215,1224,financing by and directly,gbp million in sustainability,financing by and directly investing gbp million in sustainability
394,2021-02-18 04:30:00,NYSE,2020-Q4,BCS,seizing,investing,investing,2112,2108,2117,drive cost efficiencies while,in the franchises where,drive cost efficiencies while investing in the franchises where
394,2021-02-18 04:30:00,NYSE,2020-Q4,BCS,sensing,shape,shape,3144,3140,3149,banking franchise in good,and are optimistic about,banking franchise in good shape and are optimistic about
394,2021-02-18 04:30:00,NYSE,2020-Q4,BCS,seizing,invest,invest,4110,4106,4115,costs and continue to,in the future of,costs and continue to invest in the future of
394,2021-02-18 04:30:00,NYSE,2020-Q4,BCS,sensing,sense,sense,4839,4835,4844,re right in the,that spending i think,re right in the sense that spending i think
394,2021-02-18 04:30:00,NYSE,2020-Q4,BCS,sensing,sense,sense,4857,4853,4862,u s in the,that we start benefiting,u s in the sense that we start benefiting
394,2021-02-18 04:30:00,NYSE,2020-Q4,BCS,sensing,sense,sense,5402,5398,5407,you give us a,of the trajectory of,you give us a sense of the trajectory of
394,2021-02-18 04:30:00,NYSE,2020-Q4,BCS,sensing,sense,sense,7399,7395,7404,it gives you a,of the sensitivity it,it gives you a sense of the sensitivity it
394,2021-02-18 04:30:00,NYSE,2020-Q4,BCS,sensing,sense,sense,7492,7488,7497,you ll get a,of the all in,you ll get a sense of the all in
394,2021-02-18 04:30:00,NYSE,2020-Q4,BCS,seizing,invest,invest,7772,7768,7777,of all continue to,in some of our,of all continue to invest in some of our
394,2021-02-18 04:30:00,NYSE,2020-Q4,BCS,seizing,invest,invest,7847,7843,7852,year to continue to,i haven t given,year to continue to invest i haven t given
394,2021-02-18 04:30:00,NYSE,2020-Q4,BCS,sensing,sense,sense,9543,9539,9548,just to get a,of tushar morzaria group,just to get a sense of tushar morzaria group
394,2021-02-18 04:30:00,NYSE,2020-Q4,BCS,seizing,invest,invest,10585,10581,10590,that we continue to,and cost income ratio,that we continue to invest and cost income ratio
394,2021-02-18 04:30:00,NYSE,2020-Q4,BCS,seizing,invest,invest,10775,10771,10780,us to continue to,and focus on the,us to continue to invest and focus on the
394,2021-02-18 04:30:00,NYSE,2020-Q4,BCS,sensing,sense,sense,10836,10832,10841,that doesn t make,but that s how,that doesn t make sense but that s how
394,2021-02-18 04:30:00,NYSE,2020-Q4,BCS,sensing,shape,shape,10855,10851,10860,the right sort of,of the company we,the right sort of shape of the company we
394,2021-02-18 04:30:00,NYSE,2020-Q4,BCS,sensing,shape,shape,13009,13005,13014,do you see the,of the group in,do you see the shape of the group in
394,2021-02-18 04:30:00,NYSE,2020-Q4,BCS,sensing,sense,sense,13923,13919,13928,us to get a,of the currency effect,us to get a sense of the currency effect
395,2021-01-26 09:00:00,NYSE,2020-Q4,ADM,seizing,investing,investing,5322,5318,5327,to grow we are,in that business and,to grow we are investing in that business and
395,2021-01-26 09:00:00,NYSE,2020-Q4,ADM,sensing,sense,sense,7394,7390,7399,by covid in the,that there are some,by covid in the sense that there are some
395,2021-01-26 09:00:00,NYSE,2020-Q4,ADM,seizing,investing,investing,7481,7477,7486,a business that is,in growth but it,a business that is investing in growth but it
395,2021-01-26 09:00:00,NYSE,2020-Q4,ADM,seizing,invest,invest,8020,8016,8025,so we continue to,in science in customer,so we continue to invest in science in customer
395,2021-01-26 09:00:00,NYSE,2020-Q4,ADM,sensing,sense,sense,9145,9141,9150,from brazil in that,benjamin theurer barclays capital,from brazil in that sense benjamin theurer barclays capital
396,2022-08-01 16:30:00,NYSE,2022-Q2,ANET,sensing,sense,sense,3389,3385,3394,kind of get a,for what you re,kind of get a sense for what you re
396,2022-08-01 16:30:00,NYSE,2022-Q2,ANET,sensing,sense,sense,3884,3880,3889,a time that makes,but the question i,a time that makes sense but the question i
396,2022-08-01 16:30:00,NYSE,2022-Q2,ANET,sensing,sense,sense,5754,5750,5759,to give us a,of kind of the,to give us a sense of kind of the
396,2022-08-01 16:30:00,NYSE,2022-Q2,ANET,sensing,sense,sense,8959,8955,8964,in that area any,for magnitude any sense,in that area any sense for magnitude any sense
396,2022-08-01 16:30:00,NYSE,2022-Q2,ANET,sensing,sense,sense,8963,8959,8968,sense for magnitude any,for timing in terms,sense for magnitude any sense for timing in terms
396,2022-08-01 16:30:00,NYSE,2022-Q2,ANET,sensing,sense,sense,9061,9057,9066,analyst got it any,of magnitude on the,analyst got it any sense of magnitude on the
399,2021-04-22 17:00:00,NASDAQ,2021-Q2,CLFD,seizing,invest,invest,592,588,597,future quarters as we,in additional resources within,future quarters as we invest in additional resources within
399,2021-04-22 17:00:00,NASDAQ,2021-Q2,CLFD,seizing,investing,investing,2048,2044,2053,the country we began,early last fall in,the country we began investing early last fall in
400,2021-04-29 13:00:00,NYSE,2021-Q1,SO,seizing,invest,invest,559,555,564,consider plan for and,in infrastructure needed to,consider plan for and invest in infrastructure needed to
400,2021-04-29 13:00:00,NYSE,2021-Q1,SO,sensing,sense,sense,7162,7158,7167,order to in a,start of hot functional,order to in a sense start of hot functional
400,2021-04-29 13:00:00,NYSE,2021-Q1,SO,sensing,sense,sense,8638,8634,8643,do you have any,of vaccination rates among,do you have any sense of vaccination rates among
400,2021-04-29 13:00:00,NYSE,2021-Q1,SO,transforming,transform,transform,12521,12517,12526,but the opportunity to,your key and obviously,but the opportunity to transform your key and obviously
400,2021-04-29 13:00:00,NYSE,2021-Q1,SO,transforming,reconfiguring,reconfiguring,12667,12663,12672,secret sauce here is,the portfolio absent coal,secret sauce here is reconfiguring the portfolio absent coal
401,2020-05-27 21:00:00,NYSE,2020-Q1,BEST,seizing,investing,investing,924,920,929,we plan to continue,in automation and applying,we plan to continue investing in automation and applying
401,2020-05-27 21:00:00,NYSE,2020-Q1,BEST,seizing,investing,investing,1838,1834,1843,on capital allocation and,we have fortified our,on capital allocation and investing we have fortified our
401,2020-05-27 21:00:00,NYSE,2020-Q1,BEST,seizing,invest,invest,2586,2582,2591,as we continue to,in technology please note,as we continue to invest in technology please note
401,2020-05-27 21:00:00,NYSE,2020-Q1,BEST,seizing,invest,invest,2608,2604,2613,sg a expense and,in r d to,sg a expense and invest in r d to
401,2020-05-27 21:00:00,NYSE,2020-Q1,BEST,seizing,investing,investing,3463,3459,3468,in terms of capex,in automation is still,in terms of capex investing in automation is still
401,2020-05-27 21:00:00,NYSE,2020-Q1,BEST,seizing,invest,invest,3483,3479,3488,our plan is to,rmb billion in capex,our plan is to invest rmb billion in capex
402,2021-07-29 08:00:00,NYSE,2021-Q2,TPX,seizing,invested,invested,2590,2586,2595,last year consumers have,a slightly larger portion,last year consumers have invested a slightly larger portion
402,2021-07-29 08:00:00,NYSE,2021-Q2,TPX,seizing,invest,invest,2675,2671,2680,are more willing to,in a high quality,are more willing to invest in a high quality
402,2021-07-29 08:00:00,NYSE,2021-Q2,TPX,sensing,shape,shape,3697,3693,3702,model is in fantastic,but could you guys,model is in fantastic shape but could you guys
402,2021-07-29 08:00:00,NYSE,2021-Q2,TPX,sensing,shape,shape,4057,4053,4062,springs are in great,in fact there is,springs are in great shape in fact there is
402,2021-07-29 08:00:00,NYSE,2021-Q2,TPX,seizing,invest,invest,5555,5551,5560,we have got to,somewhere whether that be,we have got to invest somewhere whether that be
402,2021-07-29 08:00:00,NYSE,2021-Q2,TPX,seizing,invested,invested,5583,5579,5588,certainly got to be,in somewhere because our,certainly got to be invested in somewhere because our
402,2021-07-29 08:00:00,NYSE,2021-Q2,TPX,sensing,shape,shape,6585,6581,6590,development are in great,it is tracking to,development are in great shape it is tracking to
402,2021-07-29 08:00:00,NYSE,2021-Q2,TPX,transforming,revamping,revamping,6872,6868,6877,seems like they are,their own marketing campaigns,seems like they are revamping their own marketing campaigns
402,2021-07-29 08:00:00,NYSE,2021-Q2,TPX,sensing,sense,sense,7187,7183,7192,just give us a,of where they are,just give us a sense of where they are
402,2021-07-29 08:00:00,NYSE,2021-Q2,TPX,sensing,sense,sense,7317,7313,7322,components if that makes,to you but as,components if that makes sense to you but as
403,2021-02-24 16:30:00,NASDAQ,2020-Q4,ADPT,sensing,sense,sense,627,623,632,future indications the immune,study for t detect,future indications the immune sense study for t detect
403,2021-02-24 16:30:00,NASDAQ,2020-Q4,ADPT,sensing,sense,sense,1694,1690,1699,remainder of the immune,lyme study during this,remainder of the immune sense lyme study during this
403,2021-02-24 16:30:00,NASDAQ,2020-Q4,ADPT,seizing,invested,invested,3773,3769,3778,year over year we,in additional lab personnel,year over year we invested in additional lab personnel
403,2021-02-24 16:30:00,NASDAQ,2020-Q4,ADPT,sensing,sense,sense,6984,6980,6989,trying to get a,of what that could,trying to get a sense of what that could
404,2020-05-09 21:00:00,NYSE,2020-Q1,ING,sensing,shape,shape,221,217,226,re all in good,healthy in light of,re all in good shape healthy in light of
404,2020-05-09 21:00:00,NYSE,2020-Q1,ING,seizing,invest,invest,3637,3633,3642,where we want to,so we will continue,where we want to invest so we will continue
404,2020-05-09 21:00:00,NYSE,2020-Q1,ING,seizing,invest,invest,5906,5902,5911,using those savings to,in bonds and we,using those savings to invest in bonds and we
404,2020-05-09 21:00:00,NYSE,2020-Q1,ING,seizing,investing,investing,6181,6177,6186,investment fund that is,in bonds it s,investment fund that is investing in bonds it s
404,2020-05-09 21:00:00,NYSE,2020-Q1,ING,sensing,sense,sense,6824,6820,6829,just give us a,on what initiatives you,just give us a sense on what initiatives you
404,2020-05-09 21:00:00,NYSE,2020-Q1,ING,sensing,sense,sense,7679,7675,7684,or partially in that,also please note that,or partially in that sense also please note that
404,2020-05-09 21:00:00,NYSE,2020-Q1,ING,seizing,investing,investing,9453,9449,9458,decreases because nobody is,so you would expect,decreases because nobody is investing so you would expect
404,2020-05-09 21:00:00,NYSE,2020-Q1,ING,sensing,sense,sense,11079,11075,11084,you give us a,of what you think,you give us a sense of what you think
404,2020-05-09 21:00:00,NYSE,2020-Q1,ING,seizing,invested,invested,11429,11425,11434,one that we have,in in many more,one that we have invested in in many more
404,2020-05-09 21:00:00,NYSE,2020-Q1,ING,sensing,sense,sense,13763,13759,13768,could we have a,of magnitude do you,could we have a sense of magnitude do you
404,2020-05-09 21:00:00,NYSE,2020-Q1,ING,sensing,sense,sense,16333,16329,16338,just give us a,of how you expect,just give us a sense of how you expect
404,2020-05-09 21:00:00,NYSE,2020-Q1,ING,sensing,sense,sense,16368,16364,16373,give a bit of,of where you re,give a bit of sense of where you re
405,2019-07-23 08:30:00,NYSE,2019-Q2,ATI,sensing,sense,sense,4366,4362,4371,trying to get a,of the speech overlap,trying to get a sense of the speech overlap
405,2019-07-23 08:30:00,NYSE,2019-Q2,ATI,sensing,sense,sense,5958,5954,5963,trying to get a,of profitability of the,trying to get a sense of profitability of the
406,2020-04-30 17:00:00,NASDAQ,2020-Q2,AAPL,seizing,investing,investing,1923,1919,1928,by doubling down and,in the next generation,by doubling down and investing in the next generation
406,2020-04-30 17:00:00,NASDAQ,2020-Q2,AAPL,seizing,invest,invest,3921,3917,3926,unchanged we continue to,confidently in our future,unchanged we continue to invest confidently in our future
406,2020-04-30 17:00:00,NASDAQ,2020-Q2,AAPL,seizing,invest,invest,4096,4092,4101,we have continued to,in the business and,we have continued to invest in the business and
406,2020-04-30 17:00:00,NASDAQ,2020-Q2,AAPL,seizing,investing,investing,4116,4112,4121,what we do best,in our product and,what we do best investing in our product and
406,2020-04-30 17:00:00,NASDAQ,2020-Q2,AAPL,seizing,invest,invest,4816,4812,4821,we will continue to,in our pipeline we,we will continue to invest in our pipeline we
406,2020-04-30 17:00:00,NASDAQ,2020-Q2,AAPL,seizing,invest,invest,4836,4832,4841,we will continue to,there obviously we are,we will continue to invest there obviously we are
406,2020-04-30 17:00:00,NASDAQ,2020-Q2,AAPL,seizing,invest,invest,4911,4907,4916,need to continue to,during difficult circumstances and,need to continue to invest during difficult circumstances and
406,2020-04-30 17:00:00,NASDAQ,2020-Q2,AAPL,seizing,investing,investing,5027,5023,5032,apple pull back from,and you as a,apple pull back from investing and you as a
407,2022-07-27 16:30:00,NYSE,2022-Q2,NCR,transforming,transform,transform,502,498,507,and continue to successfully,ncr into a software,and continue to successfully transform ncr into a software
407,2022-07-27 16:30:00,NYSE,2022-Q2,NCR,seizing,invest,invest,929,925,934,solution and continued to,in our direct distribution,solution and continued to invest in our direct distribution
407,2022-07-27 16:30:00,NYSE,2022-Q2,NCR,seizing,invested,invested,1868,1864,1873,working capital we have,roughly million in working,working capital we have invested roughly million in working
407,2022-07-27 16:30:00,NYSE,2022-Q2,NCR,seizing,invested,invested,2897,2893,2902,on the street and,in sales and marketing,on the street and invested in sales and marketing
407,2022-07-27 16:30:00,NYSE,2022-Q2,NCR,seizing,invested,invested,3059,3055,3064,inventory both increased we,in working capital to,inventory both increased we invested in working capital to
407,2022-07-27 16:30:00,NYSE,2022-Q2,NCR,transforming,transforming,transforming,3255,3251,3260,made significant strategic progress,ncr to a software,made significant strategic progress transforming ncr to a software
408,2021-05-26 20:00:00,NASDAQ,2021-Q1,VNET,transforming,transform,transform,625,621,630,market trends and to,headwinds into tailwinds in,market trends and to transform headwinds into tailwinds in
408,2021-05-26 20:00:00,NASDAQ,2021-Q1,VNET,transforming,transform,transform,2808,2804,2813,have great examples basically,and upgrade the retail,have great examples basically transform and upgrade the retail
408,2021-05-26 20:00:00,NASDAQ,2021-Q1,VNET,sensing,sense,sense,5846,5842,5851,see whether it makes,and make no sense,see whether it makes sense and make no sense
408,2021-05-26 20:00:00,NASDAQ,2021-Q1,VNET,sensing,sense,sense,5850,5846,5855,sense and make no,and so forth sometime,sense and make no sense and so forth sometime
409,2020-07-22 18:00:00,NASDAQ,2020-Q2,TSLA,sensing,sense,sense,631,627,636,program would also make,in california so i,program would also make sense in california so i
409,2020-07-22 18:00:00,NASDAQ,2020-Q2,TSLA,sensing,sense,sense,4509,4505,4514,projects where it makes,and there s a,projects where it makes sense and there s a
409,2020-07-22 18:00:00,NASDAQ,2020-Q2,TSLA,sensing,sense,sense,5224,5220,5229,it didn t make,up to now to,it didn t make sense up to now to
410,2021-05-05 17:30:00,NASDAQ,2021-Q1,MELI,seizing,invested,invested,2128,2124,2133,over new users with,funds in their wallet,over new users with invested funds in their wallet
410,2021-05-05 17:30:00,NASDAQ,2021-Q1,MELI,seizing,invest,invest,3184,3180,3189,operate we decided to,less aggressively on the,operate we decided to invest less aggressively on the
410,2021-05-05 17:30:00,NASDAQ,2021-Q1,MELI,seizing,investing,investing,4332,4328,4337,right place to be,long term and so,right place to be investing long term and so
410,2021-05-05 17:30:00,NASDAQ,2021-Q1,MELI,seizing,invest,invest,4366,4362,4371,we can continue to,aggressively in growing the,we can continue to invest aggressively in growing the
410,2021-05-05 17:30:00,NASDAQ,2021-Q1,MELI,seizing,invest,invest,5334,5330,5339,bit boosted because you,less in marketing and,bit boosted because you invest less in marketing and
410,2021-05-05 17:30:00,NASDAQ,2021-Q1,MELI,sensing,sense,sense,6894,6890,6899,check my sort of,was always get usability,check my sort of sense was always get usability
410,2021-05-05 17:30:00,NASDAQ,2021-Q1,MELI,seizing,investing,investing,7200,7196,7205,you are not also,and focusing in cross,you are not also investing and focusing in cross
410,2021-05-05 17:30:00,NASDAQ,2021-Q1,MELI,seizing,investing,investing,7649,7645,7654,say that we are,in this business now,say that we are investing in this business now
411,2021-05-07 08:30:00,NASDAQ,2021-Q1,OCGN,seizing,invest,invest,1924,1920,1929,for potential assets to,license or partner we,for potential assets to invest license or partner we
411,2021-05-07 08:30:00,NASDAQ,2021-Q1,OCGN,sensing,sense,sense,2133,2129,2138,do you have a,of when you might,do you have a sense of when you might
412,2021-02-25 08:30:00,NYSE,2021-Q1,GEF,sensing,sense,sense,2022,2018,2027,you give us a,for the maintenance downtime,you give us a sense for the maintenance downtime
412,2021-02-25 08:30:00,NYSE,2021-Q1,GEF,sensing,sense,sense,3083,3079,3088,helpful and that makes,and just as a,helpful and that makes sense and just as a
412,2021-02-25 08:30:00,NYSE,2021-Q1,GEF,sensing,sense,sense,3119,3115,3124,you give us a,as to how volumes,you give us a sense as to how volumes
412,2021-02-25 08:30:00,NYSE,2021-Q1,GEF,sensing,sense,sense,3926,3922,3931,can give us a,you gave us obviously,can give us a sense you gave us obviously
412,2021-02-25 08:30:00,NYSE,2021-Q1,GEF,sensing,sense,sense,4016,4012,4021,just give us a,from a risk mitigation,just give us a sense from a risk mitigation
413,2021-03-25 11:00:00,NYSE,2020-Q4,REX,seizing,investing,investing,649,645,654,are continuing to explore,in carbon and carbon,are continuing to explore investing in carbon and carbon
413,2021-03-25 11:00:00,NYSE,2020-Q4,REX,sensing,sense,sense,2238,2234,2243,makes a lot of,stuart maybe a question,makes a lot of sense stuart maybe a question
413,2021-03-25 11:00:00,NYSE,2020-Q4,REX,sensing,shaping,shaping,2510,2506,2515,and how they re,up this year now,and how they re shaping up this year now
413,2021-03-25 11:00:00,NYSE,2020-Q4,REX,sensing,shape,shape,2548,2544,2553,you re seeing that,out i know it,you re seeing that shape out i know it
413,2021-03-25 11:00:00,NYSE,2020-Q4,REX,sensing,sense,sense,2566,2562,2571,you can get a,of that yet but,you can get a sense of that yet but
414,2020-05-05 08:00:00,NYSE,2020-Q1,FCAU,transforming,reconfigured,reconfigured,1563,1559,1568,health experts we ve,common areas offices and,health experts we ve reconfigured common areas offices and
414,2020-05-05 08:00:00,NYSE,2020-Q1,FCAU,seizing,invest,invest,2771,2767,2776,our expectations as we,in a number of,our expectations as we invest in a number of
414,2020-05-05 08:00:00,NYSE,2020-Q1,FCAU,transforming,reconfigured,reconfigured,3725,3721,3730,other work areas and,certain workstations as required,other work areas and reconfigured certain workstations as required
414,2020-05-05 08:00:00,NYSE,2020-Q1,FCAU,transforming,revamping,revamping,8206,8202,8211,weeks as production is,can you just share,weeks as production is revamping can you just share
414,2020-05-05 08:00:00,NYSE,2020-Q1,FCAU,sensing,shape,shape,10267,10263,10272,talk about the v,the u shape the,talk about the v shape the u shape the
414,2020-05-05 08:00:00,NYSE,2020-Q1,FCAU,sensing,shape,shape,10270,10266,10275,v shape the u,the indecipherable shape i,v shape the u shape the indecipherable shape i
414,2020-05-05 08:00:00,NYSE,2020-Q1,FCAU,sensing,shape,shape,10273,10269,10278,u shape the indecipherable,i think at the,u shape the indecipherable shape i think at the
414,2020-05-05 08:00:00,NYSE,2020-Q1,FCAU,sensing,shape,shape,11405,11401,11410,we are learning will,our business into the,we are learning will shape our business into the
415,2021-10-14 09:00:00,NYSE,2021-Q3,BAC,seizing,invested,invested,549,545,554,of asset sensitivity we,in our core deposits,of asset sensitivity we invested in our core deposits
415,2021-10-14 09:00:00,NYSE,2021-Q3,BAC,sensing,sense,sense,1047,1043,1052,chart gives you a,of the daily progression,chart gives you a sense of the daily progression
415,2021-10-14 09:00:00,NYSE,2021-Q3,BAC,seizing,invested,invested,1180,1176,1185,might note we ve,in hundreds of relationship,might note we ve invested in hundreds of relationship
415,2021-10-14 09:00:00,NYSE,2021-Q3,BAC,seizing,investing,investing,2792,2788,2797,deposit growth and related,of liquidity as well,deposit growth and related investing of liquidity as well
415,2021-10-14 09:00:00,NYSE,2021-Q3,BAC,seizing,investing,investing,3610,3606,3615,is that years of,and operating under responsible,is that years of investing and operating under responsible
415,2021-10-14 09:00:00,NYSE,2021-Q3,BAC,seizing,investing,investing,3645,3641,3650,and we never stopped,and while this is,and we never stopped investing and while this is
415,2021-10-14 09:00:00,NYSE,2021-Q3,BAC,seizing,investing,investing,4511,4507,4516,know we have been,in our investment banking,know we have been investing in our investment banking
415,2021-10-14 09:00:00,NYSE,2021-Q3,BAC,seizing,invest,invest,4617,4613,4622,as we continue to,we continue our investments,as we continue to invest we continue our investments
415,2021-10-14 09:00:00,NYSE,2021-Q3,BAC,seizing,invest,invest,4663,4659,4668,have the capabilities to,in new technologies that,have the capabilities to invest in new technologies that
415,2021-10-14 09:00:00,NYSE,2021-Q3,BAC,seizing,invest,invest,5122,5118,5127,leverage as you still,so maybe you can,leverage as you still invest so maybe you can
415,2021-10-14 09:00:00,NYSE,2021-Q3,BAC,seizing,invest,invest,5146,5142,5151,coming years as you,yet eke out further,coming years as you invest yet eke out further
415,2021-10-14 09:00:00,NYSE,2021-Q3,BAC,seizing,invest,invest,8412,8408,8417,we re going to,in that and then,we re going to invest in that and then
415,2021-10-14 09:00:00,NYSE,2021-Q3,BAC,seizing,invest,invest,8451,8447,8456,and we continue to,at real time payments,and we continue to invest at real time payments
415,2021-10-14 09:00:00,NYSE,2021-Q3,BAC,sensing,sense,sense,8873,8869,8878,that gives you a,of maybe the opportunity,that gives you a sense of maybe the opportunity
415,2021-10-14 09:00:00,NYSE,2021-Q3,BAC,sensing,sense,sense,8950,8946,8955,trying to get a,of how you think,trying to get a sense of how you think
416,,NYSE,2021-Q3,XPO,seizing,invested,invested,548,544,553,has superlative return on,capital making it an,has superlative return on invested capital making it an
416,,NYSE,2021-Q3,XPO,seizing,invested,invested,1025,1021,1030,total company return on,capital was with the,total company return on invested capital was with the
416,,NYSE,2021-Q3,XPO,seizing,investing,investing,2695,2691,2700,starting in we re,to significantly increase our,starting in we re investing to significantly increase our
416,,NYSE,2021-Q3,XPO,seizing,invested,invested,3225,3221,3230,a high return on,capital and we re,a high return on invested capital and we re
416,,NYSE,2021-Q3,XPO,seizing,investing,investing,4093,4089,4098,school and we re,more into these driver,school and we re investing more into these driver
416,,NYSE,2021-Q3,XPO,seizing,investing,investing,4212,4208,4217,week and we re,more capex adding more,week and we re investing more capex adding more
416,,NYSE,2021-Q3,XPO,seizing,investing,investing,4277,4273,4282,metro markets and then,in the physical footprint,metro markets and then investing in the physical footprint
416,,NYSE,2021-Q3,XPO,seizing,investing,investing,5192,5188,5197,you ll see us,more in capex and,you ll see us investing more in capex and
416,,NYSE,2021-Q3,XPO,sensing,sense,sense,5401,5397,5406,wanted to get a,of what you think,wanted to get a sense of what you think
416,,NYSE,2021-Q3,XPO,sensing,sense,sense,5452,5448,5457,want to get a,of maybe where you,want to get a sense of maybe where you
416,,NYSE,2021-Q3,XPO,sensing,sense,sense,5917,5913,5922,you give us a,if you can see,you give us a sense if you can see
416,,NYSE,2021-Q3,XPO,sensing,sense,sense,5965,5961,5970,want to get a,of do you think,want to get a sense of do you think
416,,NYSE,2021-Q3,XPO,sensing,sense,sense,8392,8388,8397,makes a lot of,given the fundamentals of,makes a lot of sense given the fundamentals of
416,,NYSE,2021-Q3,XPO,seizing,invest,invest,8723,8719,8728,we ve got to,in it so that,we ve got to invest in it so that
416,,NYSE,2021-Q3,XPO,sensing,sense,sense,9291,9287,9296,wadewitz okay that makes,can you offer any,wadewitz okay that makes sense can you offer any
417,2021-02-03 08:30:00,NYSE,2020-Q4,APO,seizing,investing,investing,1454,1450,1459,for apollo style of,to really stand out,for apollo style of investing to really stand out
417,2021-02-03 08:30:00,NYSE,2020-Q4,APO,seizing,invested,invested,1992,1988,1997,platform resulted in billion,this year on behalf,platform resulted in billion invested this year on behalf
417,2021-02-03 08:30:00,NYSE,2020-Q4,APO,seizing,seizing,seizing,2327,2323,2332,and believe strongly that,esg opportunities makes us,and believe strongly that seizing esg opportunities makes us
417,2021-02-03 08:30:00,NYSE,2020-Q4,APO,seizing,investing,investing,2686,2682,2691,growth in fees for,the assets of our,growth in fees for investing the assets of our
417,2021-02-03 08:30:00,NYSE,2020-Q4,APO,seizing,invested,invested,3127,3123,3132,drive management fees when,on performance moving on,drive management fees when invested on performance moving on
417,2021-02-03 08:30:00,NYSE,2020-Q4,APO,seizing,invested,invested,3186,3182,3191,at a multiple of,capital of times and,at a multiple of invested capital of times and
417,2021-02-03 08:30:00,NYSE,2020-Q4,APO,sensing,sense,sense,3743,3739,3748,is large in a,that we talk about,is large in a sense that we talk about
417,2021-02-03 08:30:00,NYSE,2020-Q4,APO,sensing,sense,sense,5080,5076,5085,nothing but in some,it actually accomplished everything,nothing but in some sense it actually accomplished everything
417,2021-02-03 08:30:00,NYSE,2020-Q4,APO,seizing,invest,invest,5572,5568,5577,it even harder to,new investor dollars thanks,it even harder to invest new investor dollars thanks
417,2021-02-03 08:30:00,NYSE,2020-Q4,APO,sensing,shape,shape,6922,6918,6927,comes out in pristine,both of those entities,comes out in pristine shape both of those entities
417,2021-02-03 08:30:00,NYSE,2020-Q4,APO,seizing,invest,invest,7416,7412,7421,fund ix continues to,and as scott mentioned,fund ix continues to invest and as scott mentioned
417,2021-02-03 08:30:00,NYSE,2020-Q4,APO,seizing,invest,invest,7848,7844,7853,opportunities for us to,around for us to,opportunities for us to invest around for us to
418,2021-01-27 08:00:00,NYSE,2020-Q4,TXT,seizing,invest,invest,928,924,933,revenues while continuing to,in future vertical lift,revenues while continuing to invest in future vertical lift
418,2021-01-27 08:00:00,NYSE,2020-Q4,TXT,sensing,sense,sense,4970,4966,4975,scott what s your,on the support for,scott what s your sense on the support for
418,2021-01-27 08:00:00,NYSE,2020-Q4,TXT,sensing,sense,sense,7037,7033,7042,you give us a,for how much annual,you give us a sense for how much annual
418,2021-01-27 08:00:00,NYSE,2020-Q4,TXT,seizing,invest,invest,8296,8292,8301,spend and where we,and understand what the,spend and where we invest and understand what the
418,2021-01-27 08:00:00,NYSE,2020-Q4,TXT,seizing,invest,invest,8389,8385,8394,of how much you,and what the volume,of how much you invest and what the volume
418,2021-01-27 08:00:00,NYSE,2020-Q4,TXT,sensing,sense,sense,9111,9107,9116,made a lot of,but for the time,made a lot of sense but for the time
418,2021-01-27 08:00:00,NYSE,2020-Q4,TXT,seizing,invest,invest,9245,9241,9250,has been largely to,through primarily organic activity,has been largely to invest through primarily organic activity
419,2021-02-25 08:00:00,NASDAQ,2020-Q4,IDSY,sensing,sensing,sensing,1732,1728,1737,critical activity of weight,to maximize revenue ensure,critical activity of weight sensing to maximize revenue ensure
419,2021-02-25 08:00:00,NASDAQ,2020-Q4,IDSY,sensing,sensing,sensing,1753,1749,1758,ws standing for way,telemetry platform is a,ws standing for way sensing telemetry platform is a
419,2021-02-25 08:00:00,NASDAQ,2020-Q4,IDSY,sensing,sensing,sensing,1868,1864,1873,milestone in our way,initiative with american intermodal,milestone in our way sensing initiative with american intermodal
419,2021-02-25 08:00:00,NASDAQ,2020-Q4,IDSY,seizing,investing,investing,3739,3735,3744,going to slightly start,a little bit more,going to slightly start investing a little bit more
419,2021-02-25 08:00:00,NASDAQ,2020-Q4,IDSY,seizing,investing,investing,3772,3768,3777,are going to start,a bit but again,are going to start investing a bit but again
419,2021-02-25 08:00:00,NASDAQ,2020-Q4,IDSY,seizing,invested,invested,5308,5304,5313,logistics segment which we,heavily in the panhandle,logistics segment which we invested heavily in the panhandle
420,2021-02-18 09:30:00,NYSE,2020-Q4,GEL,sensing,sense,sense,4708,4704,4713,you give us a,of where you see,you give us a sense of where you see
420,2021-02-18 09:30:00,NYSE,2020-Q4,GEL,sensing,sense,sense,4771,4767,4776,rail movements to make,grant sims chief executive,rail movements to make sense grant sims chief executive
420,2021-02-18 09:30:00,NYSE,2020-Q4,GEL,sensing,sense,sense,6006,6002,6011,extent that that makes,and is accretive and,extent that that makes sense and is accretive and
421,2020-04-23 08:00:00,NYSE,2020-Q1,DFS,sensing,sense,sense,763,759,768,to give you a,for how our card,to give you a sense for how our card
421,2020-04-23 08:00:00,NYSE,2020-Q1,DFS,sensing,sense,sense,4868,4864,4873,we were doing made,so you could expect,we were doing made sense so you could expect
421,2020-04-23 08:00:00,NYSE,2020-Q1,DFS,sensing,shape,shape,6883,6879,6888,we re in great,for the future so,we re in great shape for the future so
421,2020-04-23 08:00:00,NYSE,2020-Q1,DFS,sensing,sense,sense,7392,7388,7397,just to get a,as to how you,just to get a sense as to how you
422,2021-02-09 08:00:00,NYSE,2020-Q4,IT,seizing,investing,investing,3774,3770,3779,avoidance initiatives while still,for future growth while,avoidance initiatives while still investing for future growth while
422,2021-02-09 08:00:00,NYSE,2020-Q4,IT,seizing,investing,investing,5503,5499,5508,to timeframe we were,significantly both from operating,to timeframe we were investing significantly both from operating
422,2021-02-09 08:00:00,NYSE,2020-Q4,IT,seizing,invested,invested,6276,6272,6281,it is we have,in growing both our,it is we have invested in growing both our
422,2021-02-09 08:00:00,NYSE,2020-Q4,IT,sensing,sense,sense,7631,7627,7636,companies and it makes,to buy rather than,companies and it makes sense to buy rather than
422,2021-02-09 08:00:00,NYSE,2020-Q4,IT,sensing,sense,sense,8304,8300,8309,can give us a,for what the sales,can give us a sense for what the sales
423,2020-04-29 18:30:00,NASDAQ,2020-Q1,TSLA,sensing,sense,sense,2234,2230,2239,it will still make,as to buy fsd,it will still make sense as to buy fsd
423,2020-04-29 18:30:00,NASDAQ,2020-Q1,TSLA,seizing,invest,invest,2882,2878,2887,expand rapidly continue to,in the future and,expand rapidly continue to invest in the future and
423,2020-04-29 18:30:00,NASDAQ,2020-Q1,TSLA,sensing,sense,sense,5136,5132,5141,storage does it make,for tesla to buy,storage does it make sense for tesla to buy
423,2020-04-29 18:30:00,NASDAQ,2020-Q1,TSLA,seizing,invested,invested,6095,6091,6100,s high time we,in infrastructure in this,s high time we invested in infrastructure in this
423,2020-04-29 18:30:00,NASDAQ,2020-Q1,TSLA,seizing,investing,investing,6228,6224,6233,you want to be,in steam engines or,you want to be investing in steam engines or
423,2020-04-29 18:30:00,NASDAQ,2020-Q1,TSLA,seizing,investing,investing,7129,7125,7134,tremendous amount of experience,at the highest levels,tremendous amount of experience investing at the highest levels
423,2020-04-29 18:30:00,NASDAQ,2020-Q1,TSLA,sensing,sense,sense,8486,8482,8491,that estimate would make,and then i will,that estimate would make sense and then i will
424,2021-02-02 16:30:00,NASDAQ,2020-Q4,TENB,seizing,invest,invest,1602,1598,1607,plan to continue to,particularly in r d,plan to continue to invest particularly in r d
424,2021-02-02 16:30:00,NASDAQ,2020-Q4,TENB,sensing,shaped,shaped,5418,5414,5423,not factoring any v,recovery or any changes,not factoring any v shaped recovery or any changes
424,2021-02-02 16:30:00,NASDAQ,2020-Q4,TENB,seizing,invest,invest,5711,5707,5716,is shifting back to,to hopefully stabilize or,is shifting back to invest to hopefully stabilize or
424,2021-02-02 16:30:00,NASDAQ,2020-Q4,TENB,seizing,invest,invest,6299,6295,6304,perfect but we do,in our security and,perfect but we do invest in our security and
424,2021-02-02 16:30:00,NASDAQ,2020-Q4,TENB,seizing,invest,invest,6929,6925,6934,gave us confidence to,in the regular trading,gave us confidence to invest in the regular trading
424,2021-02-02 16:30:00,NASDAQ,2020-Q4,TENB,seizing,invest,invest,6971,6967,6976,us the confidence to,more so certainly in,us the confidence to invest more so certainly in
424,2021-02-02 16:30:00,NASDAQ,2020-Q4,TENB,sensing,sense,sense,7219,7215,7224,packaging that makes more,or lowers the web,packaging that makes more sense or lowers the web
424,2021-02-02 16:30:00,NASDAQ,2020-Q4,TENB,sensing,sense,sense,7301,7297,7306,assessment that makes more,can give more detailed,assessment that makes more sense can give more detailed
424,2021-02-02 16:30:00,NASDAQ,2020-Q4,TENB,sensing,sense,sense,7456,7452,7461,trying to get a,of what you re,trying to get a sense of what you re
426,2022-08-10 02:00:00,NYSE,2023-Q1,HMC,sensing,sense,sense,2032,2028,2037,that we have to,and do risk management,that we have to sense and do risk management
427,2019-10-31 11:00:00,NYSE,2019-Q3,BALL,seizing,investing,investing,380,376,385,globe we are actively,in new aluminum packaging,globe we are actively investing in new aluminum packaging
427,2019-10-31 11:00:00,NYSE,2019-Q3,BALL,seizing,invest,invest,855,851,860,manage continuing to proactively,in our beverage can,manage continuing to proactively invest in our beverage can
427,2019-10-31 11:00:00,NYSE,2019-Q3,BALL,seizing,invest,invest,1650,1646,1655,our customers continue to,in their can filling,our customers continue to invest in their can filling
427,2019-10-31 11:00:00,NYSE,2019-Q3,BALL,seizing,invest,invest,2048,2044,2053,assess opportunities to prudently,if the economics justify,assess opportunities to prudently invest if the economics justify
427,2019-10-31 11:00:00,NYSE,2019-Q3,BALL,seizing,invest,invest,2347,2343,2352,we buy back stock,in our businesses and,we buy back stock invest in our businesses and
427,2019-10-31 11:00:00,NYSE,2019-Q3,BALL,seizing,invest,invest,2551,2547,2556,have great opportunities to,in cans cups and,have great opportunities to invest in cans cups and
427,2019-10-31 11:00:00,NYSE,2019-Q3,BALL,seizing,invest,invest,2572,2568,2577,like always we will,capital with an eye,like always we will invest capital with an eye
427,2019-10-31 11:00:00,NYSE,2019-Q3,BALL,seizing,invest,invest,2862,2858,2867,positioned to lead and,in sustainable growth in,positioned to lead and invest in sustainable growth in
427,2019-10-31 11:00:00,NYSE,2019-Q3,BALL,seizing,invest,invest,2941,2937,2946,will continue to responsibly,do what is best,will continue to responsibly invest do what is best
427,2019-10-31 11:00:00,NYSE,2019-Q3,BALL,sensing,sense,sense,4082,4078,4087,and get a better,of kind of how,and get a better sense of kind of how
427,2019-10-31 11:00:00,NYSE,2019-Q3,BALL,sensing,shaping,shaping,4091,4087,4096,you re thinking about,up at this point,you re thinking about shaping up at this point
427,2019-10-31 11:00:00,NYSE,2019-Q3,BALL,sensing,sense,sense,6092,6088,6097,you have a rough,for i guess just,you have a rough sense for i guess just
427,2019-10-31 11:00:00,NYSE,2019-Q3,BALL,sensing,sense,sense,6346,6342,6351,of do you have,for what the normal,of do you have sense for what the normal
427,2019-10-31 11:00:00,NYSE,2019-Q3,BALL,sensing,sense,sense,8825,8821,8830,do you see a,of how you re,do you see a sense of how you re
427,2019-10-31 11:00:00,NYSE,2019-Q3,BALL,seizing,invest,invest,8899,8895,8904,as possible and then,it where we think,as possible and then invest it where we think
427,2019-10-31 11:00:00,NYSE,2019-Q3,BALL,seizing,investing,investing,8952,8948,8957,sure that you re,for growth while at,sure that you re investing for growth while at
429,2021-05-07 10:00:00,NASDAQ,2021-Q2,GEOS,sensing,sense,sense,2638,2634,2643,analyst is it your,that from this point,analyst is it your sense that from this point
429,2021-05-07 10:00:00,NASDAQ,2021-Q2,GEOS,sensing,sense,sense,3658,3654,3663,completed this year my,was that it would,completed this year my sense was that it would
429,2021-05-07 10:00:00,NASDAQ,2021-Q2,GEOS,sensing,sense,sense,4832,4828,4837,high so it made,to go ahead and,high so it made sense to go ahead and
429,2021-05-07 10:00:00,NASDAQ,2021-Q2,GEOS,seizing,invest,invest,5060,5056,5065,expecting to project and,in new equipment and,expecting to project and invest in new equipment and
429,2021-05-07 10:00:00,NASDAQ,2021-Q2,GEOS,seizing,invest,invest,5079,5075,5084,we think we could,as much as million,we think we could invest as much as million
429,2021-05-07 10:00:00,NASDAQ,2021-Q2,GEOS,sensing,sense,sense,5556,5552,5561,be abandoned in some,so we ll just,be abandoned in some sense so we ll just
430,2021-04-24 11:30:00,NYSE,2021-Q2,DHI,seizing,investing,investing,2554,2550,2559,our disciplined approach to,capital to enhance the,our disciplined approach to investing capital to enhance the
430,2021-04-24 11:30:00,NYSE,2021-Q2,DHI,sensing,sense,sense,8539,8535,8544,got it that makes,all right guys thanks,got it that makes sense all right guys thanks
431,2022-11-03 08:30:00,NYSE,2022-Q4,JCI,seizing,invest,invest,655,651,660,we have continued to,in key technologies and,we have continued to invest in key technologies and
431,2022-11-03 08:30:00,NYSE,2022-Q4,JCI,transforming,transform,transform,1218,1214,1223,state university has helped,the campus and reached,state university has helped transform the campus and reached
431,2022-11-03 08:30:00,NYSE,2022-Q4,JCI,seizing,invest,invest,1319,1315,1324,strong as our customers,in unlocking employee health,strong as our customers invest in unlocking employee health
431,2022-11-03 08:30:00,NYSE,2022-Q4,JCI,seizing,invest,invest,3030,3026,3035,our growth momentum and,in advancing our digital,our growth momentum and invest in advancing our digital
431,2022-11-03 08:30:00,NYSE,2022-Q4,JCI,sensing,sense,sense,3650,3646,3655,lynch analyst thanks perfect,thanks so much for,lynch analyst thanks perfect sense thanks so much for
431,2022-11-03 08:30:00,NYSE,2022-Q4,JCI,seizing,invest,invest,3996,3992,4001,climate and we will,mainly in our digital,climate and we will invest mainly in our digital
432,2019-11-07 11:00:00,NYSE,2019-Q3,EEX,seizing,invested,invested,1563,1559,1568,the rigor and thinking,during the process and,the rigor and thinking invested during the process and
432,2019-11-07 11:00:00,NYSE,2019-Q3,EEX,sensing,sense,sense,2853,2849,2858,a opportunities that make,for us which means,a opportunities that make sense for us which means
432,2019-11-07 11:00:00,NYSE,2019-Q3,EEX,seizing,invest,invest,3049,3045,3054,we will continue to,in our core business,we will continue to invest in our core business
432,2019-11-07 11:00:00,NYSE,2019-Q3,EEX,sensing,sense,sense,6253,6249,6258,what makes the most,for our portfolio at,what makes the most sense for our portfolio at
432,2019-11-07 11:00:00,NYSE,2019-Q3,EEX,sensing,sense,sense,6267,6263,6272,see anything that makes,to discontinue at the,see anything that makes sense to discontinue at the
432,2019-11-07 11:00:00,NYSE,2019-Q3,EEX,sensing,sense,sense,6447,6443,6452,accelerated rate sally any,of what s been,accelerated rate sally any sense of what s been
432,2019-11-07 11:00:00,NYSE,2019-Q3,EEX,sensing,sense,sense,7622,7618,7627,a whole lot of,where we spend most,a whole lot of sense where we spend most
433,2020-07-29 08:00:00,NYSE,2020-Q2,GE,transforming,redeploy,redeploy,1312,1308,1317,substantial non core asset,capital enhance our financial,substantial non core asset redeploy capital enhance our financial
433,2020-07-29 08:00:00,NYSE,2020-Q2,GE,sensing,sense,sense,7791,7787,7796,plan just a little,of the structure i,plan just a little sense of the structure i
433,2020-07-29 08:00:00,NYSE,2020-Q2,GE,sensing,sense,sense,7893,7889,7898,we think this makes,in this environment clearly,we think this makes sense in this environment clearly
433,2020-07-29 08:00:00,NYSE,2020-Q2,GE,transforming,redeploy,redeploy,7941,7937,7946,us up clearly to,that capital and i,us up clearly to redeploy that capital and i
434,2021-11-09 08:00:00,NYSE,2021-Q3,PLTR,transforming,transformed,transformed,2937,2933,2942,so we have radically,the margin profile of,so we have radically transformed the margin profile of
434,2021-11-09 08:00:00,NYSE,2021-Q3,PLTR,transforming,transform,transform,2976,2972,2981,in doing so to,the ebitda they generate,in doing so to transform the ebitda they generate
434,2021-11-09 08:00:00,NYSE,2021-Q3,PLTR,seizing,invest,invest,3767,3763,3772,moving forward as we,in our sales teams,moving forward as we invest in our sales teams
434,2021-11-09 08:00:00,NYSE,2021-Q3,PLTR,seizing,invest,invest,4384,4380,4389,on alpha that we,in capabilities that enable,on alpha that we invest in capabilities that enable
434,2021-11-09 08:00:00,NYSE,2021-Q3,PLTR,seizing,invest,invest,4438,4434,4443,are you planning to,in any cryptocurrency shyam,are you planning to invest in any cryptocurrency shyam
434,2021-11-09 08:00:00,NYSE,2021-Q3,PLTR,seizing,investing,investing,4780,4776,4785,r d hiring devs,in new product offerings,r d hiring devs investing in new product offerings
434,2021-11-09 08:00:00,NYSE,2021-Q3,PLTR,seizing,invest,invest,4823,4819,4828,to build out and,in marketing still in,to build out and invest in marketing still in
434,2021-11-09 08:00:00,NYSE,2021-Q3,PLTR,sensing,sensing,sensing,5695,5691,5700,you to go from,business disruption before they,you to go from sensing business disruption before they
434,2021-11-09 08:00:00,NYSE,2021-Q3,PLTR,transforming,transform,transform,6356,6352,6361,on how they could,patient scheduling care delivery,on how they could transform patient scheduling care delivery
434,2021-11-09 08:00:00,NYSE,2021-Q3,PLTR,seizing,investing,investing,6637,6633,6642,places that we are,a lot we are,places that we are investing a lot we are
434,2021-11-09 08:00:00,NYSE,2021-Q3,PLTR,seizing,invested,invested,6954,6950,6959,we anticipated and have,in for years we,we anticipated and have invested in for years we
434,2021-11-09 08:00:00,NYSE,2021-Q3,PLTR,sensing,sense,sense,8052,8048,8057,kind of an indicative,of the performance we,kind of an indicative sense of the performance we
434,2021-11-09 08:00:00,NYSE,2021-Q3,PLTR,seizing,invest,invest,8090,8086,8095,see the module we,in it because it,see the module we invest in it because it
434,2021-11-09 08:00:00,NYSE,2021-Q3,PLTR,seizing,invested,invested,8283,8279,8288,of million we ve,about invested about million,of million we ve invested about invested about million
434,2021-11-09 08:00:00,NYSE,2021-Q3,PLTR,seizing,invested,invested,8285,8281,8290,we ve invested about,about million through q,we ve invested about invested about million through q
435,2020-07-22 09:00:00,NYSE,2020-Q2,HCA,sensing,sense,sense,4154,4150,4159,you talk about your,of people doing the,you talk about your sense of people doing the
435,2020-07-22 09:00:00,NYSE,2020-Q2,HCA,sensing,sense,sense,4532,4528,4537,to have a better,of what the full,to have a better sense of what the full
435,2020-07-22 09:00:00,NYSE,2020-Q2,HCA,sensing,sense,sense,5621,5617,5626,updated view because my,is that you re,updated view because my sense is that you re
435,2020-07-22 09:00:00,NYSE,2020-Q2,HCA,sensing,sense,sense,5699,5695,5704,medicare declines which makes,that the medicare population,medicare declines which makes sense that the medicare population
435,2020-07-22 09:00:00,NYSE,2020-Q2,HCA,seizing,invest,invest,7641,7637,7646,we will continue to,in that platform we,we will continue to invest in that platform we
435,2020-07-22 09:00:00,NYSE,2020-Q2,HCA,seizing,invest,invest,7750,7746,7755,we will continue to,in that and build,we will continue to invest in that and build
436,2019-08-28 16:30:00,NYSE,2020-Q1,HRB,seizing,invest,invest,754,750,759,our strategy as we,for the long term,our strategy as we invest for the long term
436,2019-08-28 16:30:00,NYSE,2020-Q1,HRB,seizing,investing,investing,956,952,961,share gains we re,an enhancement to the,share gains we re investing an enhancement to the
436,2019-08-28 16:30:00,NYSE,2020-Q1,HRB,sensing,sense,sense,3389,3385,3394,shares when it makes,jeffrey goldstein morgan stanley,shares when it makes sense jeffrey goldstein morgan stanley
436,2019-08-28 16:30:00,NYSE,2020-Q1,HRB,seizing,invest,invest,3909,3905,3914,line and continue to,in new products grow,line and continue to invest in new products grow
437,2019-12-02 17:00:00,NASDAQ,2019-Q3,COUP,seizing,invest,invest,4029,4025,4034,going to continue to,in our enterprise business,going to continue to invest in our enterprise business
437,2019-12-02 17:00:00,NASDAQ,2019-Q3,COUP,seizing,invest,invest,4054,4050,4059,going to continue to,in our mid market,going to continue to invest in our mid market
437,2019-12-02 17:00:00,NASDAQ,2019-Q3,COUP,sensing,sense,sense,4124,4120,4129,and if it makes,in acquisitive voice as,and if it makes sense in acquisitive voice as
437,2019-12-02 17:00:00,NASDAQ,2019-Q3,COUP,seizing,invest,invest,4329,4325,4334,an incremental dollar to,we think about it,an incremental dollar to invest we think about it
437,2019-12-02 17:00:00,NASDAQ,2019-Q3,COUP,sensing,sense,sense,4609,4605,4614,have a very good,for the value we,have a very good sense for the value we
437,2019-12-02 17:00:00,NASDAQ,2019-Q3,COUP,sensing,sense,sense,4639,4635,4644,have a really good,now around the speed,have a really good sense now around the speed
437,2019-12-02 17:00:00,NASDAQ,2019-Q3,COUP,sensing,sense,sense,5243,5239,5248,trying to get a,of how quickly your,trying to get a sense of how quickly your
437,2019-12-02 17:00:00,NASDAQ,2019-Q3,COUP,sensing,sense,sense,8985,8981,8990,that question in the,that we didn t,that question in the sense that we didn t
438,2021-08-11 17:00:00,NASDAQ,2021-Q2,FTHM,seizing,investing,investing,4358,4354,4363,after joining fathom by,their savings back into,after joining fathom by investing their savings back into
438,2021-08-11 17:00:00,NASDAQ,2021-Q2,FTHM,sensing,sense,sense,5611,5607,5616,market share in a,against the whole country,market share in a sense against the whole country
438,2021-08-11 17:00:00,NASDAQ,2021-Q2,FTHM,sensing,sense,sense,6214,6210,6219,makes a lot of,and of course number,makes a lot of sense and of course number
438,2021-08-11 17:00:00,NASDAQ,2021-Q2,FTHM,sensing,sense,sense,6751,6747,6756,a statement in a,that shows how profitable,a statement in a sense that shows how profitable
438,2021-08-11 17:00:00,NASDAQ,2021-Q2,FTHM,sensing,sense,sense,6930,6926,6935,if that makes any,so ultimately long term,if that makes any sense so ultimately long term
438,2021-08-11 17:00:00,NASDAQ,2021-Q2,FTHM,sensing,sense,sense,7268,7264,7273,an indicator of that,that our agents leaving,an indicator of that sense that our agents leaving
438,2021-08-11 17:00:00,NASDAQ,2021-Q2,FTHM,sensing,sense,sense,8794,8790,8799,like oh it makes,i got it but,like oh it makes sense i got it but
438,2021-08-11 17:00:00,NASDAQ,2021-Q2,FTHM,sensing,sense,sense,8828,8824,8833,right yes that makes,i appreciate that and,right yes that makes sense i appreciate that and
439,2021-04-29 16:30:00,NASDAQ,2021-Q1,GSHD,seizing,invest,invest,1015,1011,1020,business we continue to,in expanding our physical,business we continue to invest in expanding our physical
439,2021-04-29 16:30:00,NASDAQ,2021-Q1,GSHD,seizing,investing,investing,3508,3504,3513,for now that means,heavily to grow rapidly,for now that means investing heavily to grow rapidly
439,2021-04-29 16:30:00,NASDAQ,2021-Q1,GSHD,seizing,investing,investing,4428,4424,4433,growth and you re,heavily in the business,growth and you re investing heavily in the business
439,2021-04-29 16:30:00,NASDAQ,2021-Q1,GSHD,seizing,invest,invest,4810,4806,4815,our investments and to,in our terms so,our investments and to invest in our terms so
439,2021-04-29 16:30:00,NASDAQ,2021-Q1,GSHD,seizing,invest,invest,5038,5034,5043,corporate channel is we,there to drive growth,corporate channel is we invest there to drive growth
440,2021-08-18 08:00:00,OTC,2021-Q2,TCEHY,transforming,revamped,revamped,1834,1830,1839,crossover content and we,pubg mobile s battlefield,crossover content and we revamped pubg mobile s battlefield
440,2021-08-18 08:00:00,OTC,2021-Q2,TCEHY,seizing,invested,invested,2911,2907,2916,adjustments relating to our,companies number one net,adjustments relating to our invested companies number one net
440,2021-08-18 08:00:00,OTC,2021-Q2,TCEHY,transforming,redeploy,redeploy,4826,4822,4831,the idea that you,your capital into investing,the idea that you redeploy your capital into investing
440,2021-08-18 08:00:00,OTC,2021-Q2,TCEHY,seizing,investing,investing,4830,4826,4835,redeploy your capital into,for the benefit of,redeploy your capital into investing for the benefit of
440,2021-08-18 08:00:00,OTC,2021-Q2,TCEHY,seizing,invest,invest,7148,7144,7153,in that process we,in these services we,in that process we invest in these services we
440,2021-08-18 08:00:00,OTC,2021-Q2,TCEHY,sensing,sense,sense,9712,9708,9717,want to get a,about the regulatory environment,want to get a sense about the regulatory environment
440,2021-08-18 08:00:00,OTC,2021-Q2,TCEHY,sensing,sense,sense,9784,9780,9789,want to get a,about our strategies going,want to get a sense about our strategies going
441,2021-04-28 16:30:00,NASDAQ,2021-Q1,TWOU,sensing,sense,sense,768,764,773,to give you a,of our scale and,to give you a sense of our scale and
441,2021-04-28 16:30:00,NASDAQ,2021-Q1,TWOU,sensing,sense,sense,6666,6662,6671,won t make any,to anybody but it,won t make any sense to anybody but it
442,2021-05-04 09:00:00,NYSE,2021-Q1,RACE,seizing,invested,invested,3933,3929,3938,means that we have,less last year and,means that we have invested less last year and
443,2021-07-20 08:00:00,NYSE,2021-Q2,PPG,sensing,sense,sense,5641,5637,5646,the year give a,of any better sense,the year give a sense of any better sense
443,2021-07-20 08:00:00,NYSE,2021-Q2,PPG,sensing,sense,sense,5645,5641,5650,sense of any better,of how much of,sense of any better sense of how much of
443,2021-07-20 08:00:00,NYSE,2021-Q2,PPG,sensing,sense,sense,8280,8276,8285,do you have a,of when they catchup,do you have a sense of when they catchup
444,2021-11-22 17:15:00,NASDAQ,2022-Q3,URBN,seizing,invested,invested,2506,2502,2511,past few years has,in infrastructure delivery capabilities,past few years has invested in infrastructure delivery capabilities
444,2021-11-22 17:15:00,NASDAQ,2022-Q3,URBN,seizing,investing,investing,2590,2586,2595,new customer acquisition by,more in both digital,new customer acquisition by investing more in both digital
444,2021-11-22 17:15:00,NASDAQ,2022-Q3,URBN,sensing,sense,sense,6018,6014,6023,shoes in stores and,to take that to,shoes in stores and sense to take that to
444,2021-11-22 17:15:00,NASDAQ,2022-Q3,URBN,sensing,sense,sense,7046,7042,7051,it gives you a,there was a pretty,it gives you a sense there was a pretty
445,2021-08-05 16:30:00,NYSE,2021-Q2,AL,sensing,sense,sense,8014,8010,8019,is does it make,at all to think,is does it make sense at all to think
445,2021-08-05 16:30:00,NYSE,2021-Q2,AL,sensing,sense,sense,8733,8729,8738,make long term business,for us obviously we,make long term business sense for us obviously we
445,2021-08-05 16:30:00,NYSE,2021-Q2,AL,sensing,sense,sense,9012,9008,9017,you okay that makes,steven f udvar hazy,you okay that makes sense steven f udvar hazy
445,2021-08-05 16:30:00,NYSE,2021-Q2,AL,sensing,sense,sense,9035,9031,9040,yes that definitely makes,and then i just,yes that definitely makes sense and then i just
446,2021-05-10 17:00:00,NYSE,2021-Q1,TREX,sensing,sense,sense,3605,3601,3610,point does it make,or you actually need,point does it make sense or you actually need
446,2021-05-10 17:00:00,NYSE,2021-Q1,TREX,sensing,sense,sense,6635,6631,6640,davidson analyst okay makes,and then my second,davidson analyst okay makes sense and then my second
446,2021-05-10 17:00:00,NYSE,2021-Q1,TREX,seizing,invest,invest,7531,7527,7536,re not having to,dollar for dollar if,re not having to invest dollar for dollar if
448,2021-03-16 17:00:00,NASDAQ,2020-Q4,ORGO,seizing,investing,investing,2780,2776,2785,by million used in,activities turning now to,by million used in investing activities turning now to
448,2021-03-16 17:00:00,NASDAQ,2020-Q4,ORGO,sensing,sense,sense,3613,3609,3618,of give us a,of how this all,of give us a sense of how this all
448,2021-03-16 17:00:00,NASDAQ,2020-Q4,ORGO,seizing,invest,invest,4096,4092,4101,expecting to continue to,in the commercial resources,expecting to continue to invest in the commercial resources
449,2020-02-05 17:00:00,NASDAQ,2020-Q2,PTON,seizing,invest,invest,706,702,711,plan to continue to,smartly in new products,plan to continue to invest smartly in new products
449,2020-02-05 17:00:00,NASDAQ,2020-Q2,PTON,seizing,investing,investing,1940,1936,1945,focused this year on,in our logistics infrastructure,focused this year on investing in our logistics infrastructure
449,2020-02-05 17:00:00,NASDAQ,2020-Q2,PTON,sensing,sense,sense,3013,3009,3018,you give us a,of how much you,you give us a sense of how much you
449,2020-02-05 17:00:00,NASDAQ,2020-Q2,PTON,sensing,sense,sense,3535,3531,3540,maybe create a bigger,of urgency to get,maybe create a bigger sense of urgency to get
449,2020-02-05 17:00:00,NASDAQ,2020-Q2,PTON,seizing,invest,invest,3634,3630,3639,we will continue to,aggressively behind our connected,we will continue to invest aggressively behind our connected
449,2020-02-05 17:00:00,NASDAQ,2020-Q2,PTON,seizing,investing,investing,6444,6440,6449,engagement so we re,heavily beyond cycling content,engagement so we re investing heavily beyond cycling content
449,2020-02-05 17:00:00,NASDAQ,2020-Q2,PTON,seizing,investing,investing,6584,6580,6589,and so we are,in content in a,and so we are investing in content in a
450,2021-04-28 17:00:00,NASDAQ,2021-Q1,ATOM,sensing,sense,sense,1111,1107,1116,it doesn t make,to shrink to a,it doesn t make sense to shrink to a
450,2021-04-28 17:00:00,NASDAQ,2021-Q1,ATOM,sensing,sense,sense,5214,5210,5219,trying to get a,of when we might,trying to get a sense of when we might
450,2021-04-28 17:00:00,NASDAQ,2021-Q1,ATOM,sensing,sense,sense,6416,6412,6421,months and provide a,of the excitement we,months and provide a sense of the excitement we
451,2020-08-07 08:30:00,NASDAQ,2020-Q2,ALTR,seizing,investing,investing,693,689,698,customers especially in automotive,in their new products,customers especially in automotive investing in their new products
451,2020-08-07 08:30:00,NASDAQ,2020-Q2,ALTR,seizing,invest,invest,717,713,722,for top talent and,in tools and technologies,for top talent and invest in tools and technologies
451,2020-08-07 08:30:00,NASDAQ,2020-Q2,ALTR,transforming,transform,transform,1178,1174,1183,even greater abilities to,data from multiple sources,even greater abilities to transform data from multiple sources
451,2020-08-07 08:30:00,NASDAQ,2020-Q2,ALTR,seizing,investing,investing,1753,1749,1758,customers remain committed to,in research and development,customers remain committed to investing in research and development
451,2020-08-07 08:30:00,NASDAQ,2020-Q2,ALTR,seizing,invest,invest,3151,3147,3156,will continue to strategically,in certain r d,will continue to strategically invest in certain r d
451,2020-08-07 08:30:00,NASDAQ,2020-Q2,ALTR,sensing,sense,sense,3987,3983,3992,of give us a,of how you re,of give us a sense of how you re
451,2020-08-07 08:30:00,NASDAQ,2020-Q2,ALTR,seizing,invest,invest,4332,4328,4337,re just continuing to,in r d so,re just continuing to invest in r d so
451,2020-08-07 08:30:00,NASDAQ,2020-Q2,ALTR,sensing,sense,sense,5131,5127,5136,blair analyst yes makes,it s for the,blair analyst yes makes sense it s for the
451,2020-08-07 08:30:00,NASDAQ,2020-Q2,ALTR,sensing,sense,sense,6280,6276,6285,little bit of a,of what we re,little bit of a sense of what we re
451,2020-08-07 08:30:00,NASDAQ,2020-Q2,ALTR,sensing,sense,sense,6776,6772,6781,as composer which makes,because you can develop,as composer which makes sense because you can develop
451,2020-08-07 08:30:00,NASDAQ,2020-Q2,ALTR,sensing,sense,sense,6829,6825,6834,board does that make,or had i lost,board does that make sense or had i lost
451,2020-08-07 08:30:00,NASDAQ,2020-Q2,ALTR,sensing,sense,sense,6843,6839,6848,no it does make,and i think the,no it does make sense and i think the
452,2021-04-22 09:00:00,NYSE,2021-Q1,BX,seizing,invested,invested,1718,1714,1723,day is nearly fully,after only two years,day is nearly fully invested after only two years
452,2021-04-22 09:00:00,NYSE,2021-Q1,BX,seizing,invest,invest,1894,1890,1899,us substantial firepower to,and we remain very,us substantial firepower to invest and we remain very
452,2021-04-22 09:00:00,NYSE,2021-Q1,BX,seizing,invested,invested,2667,2663,2672,in credit with billion,or committed in the,in credit with billion invested or committed in the
452,2021-04-22 09:00:00,NYSE,2021-Q1,BX,seizing,invested,invested,2777,2773,2782,time the firm s,performance revenue eligible aum,time the firm s invested performance revenue eligible aum
452,2021-04-22 09:00:00,NYSE,2021-Q1,BX,sensing,sense,sense,5037,5033,5042,to asset managers make,because they re the,to asset managers make sense because they re the
452,2021-04-22 09:00:00,NYSE,2021-Q1,BX,sensing,sense,sense,5617,5613,5622,for higher returns make,if you look in,for higher returns make sense if you look in
452,2021-04-22 09:00:00,NYSE,2021-Q1,BX,seizing,investing,investing,6039,6035,6044,we re adding more,talents into baam and,we re adding more investing talents into baam and
452,2021-04-22 09:00:00,NYSE,2021-Q1,BX,seizing,investing,investing,6175,6171,6180,there s some thematic,some exposure to tech,there s some thematic investing some exposure to tech
452,2021-04-22 09:00:00,NYSE,2021-Q1,BX,seizing,investing,investing,7041,7037,7046,into the cycle of,in companies and also,into the cycle of investing in companies and also
452,2021-04-22 09:00:00,NYSE,2021-Q1,BX,seizing,invest,invest,7254,7250,7259,still finding areas to,in spacs are out,still finding areas to invest in spacs are out
452,2021-04-22 09:00:00,NYSE,2021-Q1,BX,seizing,invest,invest,8496,8492,8501,t require us to,significant capital and so,t require us to invest significant capital and so
452,2021-04-22 09:00:00,NYSE,2021-Q1,BX,sensing,sense,sense,8605,8601,8610,wanted to get a,from you of as,wanted to get a sense from you of as
453,2021-04-26 16:30:00,NYSE,2021-Q1,CNI,seizing,invest,invest,351,347,356,we continue to prudently,in the business and,we continue to prudently invest in the business and
453,2021-04-26 16:30:00,NYSE,2021-Q1,CNI,sensing,sense,sense,4661,4657,4666,try to get your,of the kind of,try to get your sense of the kind of
453,2021-04-26 16:30:00,NYSE,2021-Q1,CNI,sensing,sense,sense,7609,7605,7614,the same rules makes,for the trust as,the same rules makes sense for the trust as
454,2021-04-22 18:00:00,NASDAQ,2021-Q1,SIVB,seizing,investing,investing,437,433,442,surprised that you re,in some of this,surprised that you re investing in some of this
454,2021-04-22 18:00:00,NASDAQ,2021-Q1,SIVB,seizing,investing,investing,465,461,470,what exactly are you,in thanks daniel j,what exactly are you investing in thanks daniel j
454,2021-04-22 18:00:00,NASDAQ,2021-Q1,SIVB,seizing,investing,investing,653,649,658,now what are we,in we continue to,now what are we investing in we continue to
454,2021-04-22 18:00:00,NASDAQ,2021-Q1,SIVB,seizing,invest,invest,658,654,663,in we continue to,in agency securities this,in we continue to invest in agency securities this
454,2021-04-22 18:00:00,NASDAQ,2021-Q1,SIVB,seizing,invest,invest,1503,1499,1508,to be able to,new money at anywhere,to be able to invest new money at anywhere
454,2021-04-22 18:00:00,NASDAQ,2021-Q1,SIVB,seizing,invest,invest,1727,1723,1732,well as continuing to,shorter in the available,well as continuing to invest shorter in the available
454,2021-04-22 18:00:00,NASDAQ,2021-Q1,SIVB,seizing,investing,investing,1744,1740,1749,risk again net net,at about to ebrahim,risk again net net investing at about to ebrahim
454,2021-04-22 18:00:00,NASDAQ,2021-Q1,SIVB,sensing,sense,sense,1781,1777,1786,just give us a,of once the deal,just give us a sense of once the deal
454,2021-04-22 18:00:00,NASDAQ,2021-Q1,SIVB,sensing,sense,sense,1837,1833,1842,just give us a,of the timing and,just give us a sense of the timing and
454,2021-04-22 18:00:00,NASDAQ,2021-Q1,SIVB,seizing,investing,investing,2510,2506,2515,areas that we re,in and those are,areas that we re investing in and those are
454,2021-04-22 18:00:00,NASDAQ,2021-Q1,SIVB,seizing,investing,investing,4733,4729,4738,and we re certainly,both in the longer,and we re certainly investing both in the longer
454,2021-04-22 18:00:00,NASDAQ,2021-Q1,SIVB,seizing,invest,invest,5878,5874,5883,going to continue to,in the franchise we,going to continue to invest in the franchise we
454,2021-04-22 18:00:00,NASDAQ,2021-Q1,SIVB,sensing,sense,sense,5891,5887,5896,and it absolutely makes,for us to put,and it absolutely makes sense for us to put
454,2021-04-22 18:00:00,NASDAQ,2021-Q1,SIVB,seizing,investing,investing,5935,5931,5940,leerink you see us,in our initiatives and,leerink you see us investing in our initiatives and
454,2021-04-22 18:00:00,NASDAQ,2021-Q1,SIVB,seizing,invest,invest,5978,5974,5983,going to continue to,because we see this,going to continue to invest because we see this
454,2021-04-22 18:00:00,NASDAQ,2021-Q1,SIVB,sensing,sense,sense,6045,6041,6050,company and it makes,for us to put,company and it makes sense for us to put
454,2021-04-22 18:00:00,NASDAQ,2021-Q1,SIVB,sensing,sense,sense,6227,6223,6232,client and what makes,for the client what,client and what makes sense for the client what
454,2021-04-22 18:00:00,NASDAQ,2021-Q1,SIVB,sensing,sense,sense,6260,6256,6265,choose options that make,for them if you,choose options that make sense for them if you
454,2021-04-22 18:00:00,NASDAQ,2021-Q1,SIVB,sensing,sense,sense,6551,6547,6556,and where it makes,for the clients moving,and where it makes sense for the clients moving
455,2021-02-11 17:00:00,NASDAQ,2020-Q4,FROG,seizing,invest,invest,1139,1135,1144,throughout we continue to,in our people and,throughout we continue to invest in our people and
455,2021-02-11 17:00:00,NASDAQ,2020-Q4,FROG,seizing,invest,invest,3171,3167,3176,well we continue to,in tools and solutions,well we continue to invest in tools and solutions
455,2021-02-11 17:00:00,NASDAQ,2020-Q4,FROG,seizing,invest,invest,4184,4180,4189,we have continued to,significantly in r d,we have continued to invest significantly in r d
455,2021-02-11 17:00:00,NASDAQ,2020-Q4,FROG,sensing,sense,sense,4974,4970,4979,wanted to get a,shlomi what s sort,wanted to get a sense shlomi what s sort
455,2021-02-11 17:00:00,NASDAQ,2020-Q4,FROG,sensing,shape,shape,5236,5232,5241,that comes in all,and types from the,that comes in all shape and types from the
455,2021-02-11 17:00:00,NASDAQ,2020-Q4,FROG,sensing,sense,sense,8947,8943,8952,morgan analyst that makes,thanks guys operator and,morgan analyst that makes sense thanks guys operator and
456,2022-01-28 08:30:00,NYSE,2021-Q4,X,seizing,invest,invest,1021,1017,1026,and we continue to,in regions that have,and we continue to invest in regions that have
456,2022-01-28 08:30:00,NYSE,2021-Q4,X,transforming,transform,transform,1594,1590,1599,in allowed us to,our balance sheet by,in allowed us to transform our balance sheet by
456,2022-01-28 08:30:00,NYSE,2021-Q4,X,transforming,transformed,transformed,2384,2380,2389,beneficial partnerships in our,balance sheet is another,beneficial partnerships in our transformed balance sheet is another
456,2022-01-28 08:30:00,NYSE,2021-Q4,X,transforming,transformed,transformed,2839,2835,2844,passing quarter we have,the balance sheet announced,passing quarter we have transformed the balance sheet announced
456,2022-01-28 08:30:00,NYSE,2021-Q4,X,seizing,invest,invest,2960,2956,2965,balance sheet we will,in capabilities not to,balance sheet we will invest in capabilities not to
456,2022-01-28 08:30:00,NYSE,2021-Q4,X,transforming,transform,transform,3144,3140,3149,announced investments that will,our earnings profile and,announced investments that will transform our earnings profile and
456,2022-01-28 08:30:00,NYSE,2021-Q4,X,seizing,invest,invest,4289,4285,4294,also worth noting that,inaudible way as we,also worth noting that invest inaudible way as we
456,2022-01-28 08:30:00,NYSE,2021-Q4,X,sensing,sense,sense,4582,4578,4587,trying to get a,as to how much,trying to get a sense as to how much
456,2022-01-28 08:30:00,NYSE,2021-Q4,X,sensing,sense,sense,5703,5699,5708,annual call contracts any,of the scale or,annual call contracts any sense of the scale or
456,2022-01-28 08:30:00,NYSE,2021-Q4,X,sensing,sense,sense,6205,6201,6210,transact when it makes,as dave said over,transact when it makes sense as dave said over
456,2022-01-28 08:30:00,NYSE,2021-Q4,X,sensing,sense,sense,7239,7235,7244,obviously as it makes,to your point about,obviously as it makes sense to your point about
456,2022-01-28 08:30:00,NYSE,2021-Q4,X,sensing,sense,sense,7333,7329,7338,in those could make,but the goal is,in those could make sense but the goal is
457,2022-02-17 08:00:00,NYSE,2021-Q4,GFI,sensing,shape,shape,722,718,727,sheet is in great,even though we had,sheet is in great shape even though we had
457,2022-02-17 08:00:00,NYSE,2021-Q4,GFI,seizing,invested,invested,3420,3416,3425,mines of that we,million into salares norte,mines of that we invested million into salares norte
457,2022-02-17 08:00:00,NYSE,2021-Q4,GFI,seizing,invested,invested,3550,3546,3555,that we made we,million into capital at,that we made we invested million into capital at
457,2022-02-17 08:00:00,NYSE,2021-Q4,GFI,sensing,sense,sense,4240,4236,4245,just giving you a,of the scale of,just giving you a sense of the scale of
457,2022-02-17 08:00:00,NYSE,2021-Q4,GFI,sensing,sense,sense,4323,4319,4328,schedule to give a,of what the next,schedule to give a sense of what the next
457,2022-02-17 08:00:00,NYSE,2021-Q4,GFI,sensing,sense,sense,9025,9021,9030,it makes no economic,to do any kind,it makes no economic sense to do any kind
457,2022-02-17 08:00:00,NYSE,2021-Q4,GFI,seizing,investing,investing,9402,9398,9407,how we ve been,in those assets to,how we ve been investing in those assets to
457,2022-02-17 08:00:00,NYSE,2021-Q4,GFI,sensing,sense,sense,9424,9420,9429,ll really get a,for the quality of,ll really get a sense for the quality of
457,2022-02-17 08:00:00,NYSE,2021-Q4,GFI,sensing,sense,sense,9664,9660,9669,s a lot of,prevails in the congresses,s a lot of sense prevails in the congresses
457,2022-02-17 08:00:00,NYSE,2021-Q4,GFI,sensing,sense,sense,11325,11321,11330,will give you a,of the unit cost,will give you a sense of the unit cost
458,2022-05-10 17:00:00,NYSE,2022-Q1,ONTF,transforming,transform,transform,1252,1248,1257,using on experiences to,their sales and market,using on experiences to transform their sales and market
458,2022-05-10 17:00:00,NYSE,2022-Q1,ONTF,transforming,revamped,revamped,1355,1351,1360,program has been completely,and we ve added,program has been completely revamped and we ve added
458,2022-05-10 17:00:00,NYSE,2022-Q1,ONTF,transforming,transform,transform,2819,2815,2824,as we continue to,our sales operation to,as we continue to transform our sales operation to
458,2022-05-10 17:00:00,NYSE,2022-Q1,ONTF,seizing,investing,investing,3340,3336,3345,over year we are,in our public cloud,over year we are investing in our public cloud
458,2022-05-10 17:00:00,NYSE,2022-Q1,ONTF,sensing,sense,sense,4622,4618,4627,just give us a,of what your customers,just give us a sense of what your customers
458,2022-05-10 17:00:00,NYSE,2022-Q1,ONTF,sensing,sense,sense,7190,7186,7195,makes a lot of,and then second question,makes a lot of sense and then second question
458,2022-05-10 17:00:00,NYSE,2022-Q1,ONTF,sensing,sense,sense,7341,7337,7346,yup yup that makes,thank you operator as,yup yup that makes sense thank you operator as
459,2021-02-19 11:00:00,NASDAQ,2020-Q4,HST,seizing,invested,invested,432,428,437,quarter additionally we ve,in our long term,quarter additionally we ve invested in our long term
459,2021-02-19 11:00:00,NASDAQ,2020-Q4,HST,seizing,invest,invest,1718,1714,1723,ability to continue to,in our portfolio is,ability to continue to invest in our portfolio is
459,2021-02-19 11:00:00,NASDAQ,2020-Q4,HST,seizing,invest,invest,1882,1878,1887,in we continue to,in the marriott transformational,in we continue to invest in the marriott transformational
459,2021-02-19 11:00:00,NASDAQ,2020-Q4,HST,transforming,transforming,transforming,1956,1952,1961,four hotels in thereby,of the hotels that,four hotels in thereby transforming of the hotels that
459,2021-02-19 11:00:00,NASDAQ,2020-Q4,HST,transforming,transforming,transforming,2151,2147,2156,meaningful value while also,the resort to meet,meaningful value while also transforming the resort to meet
459,2021-02-19 11:00:00,NASDAQ,2020-Q4,HST,sensing,sense,sense,2812,2808,2817,give you a better,of how we expect,give you a better sense of how we expect
459,2021-02-19 11:00:00,NASDAQ,2020-Q4,HST,transforming,redeploy,redeploy,3709,3705,3714,retained our ability to,million of asset sale,retained our ability to redeploy million of asset sale
459,2021-02-19 11:00:00,NASDAQ,2020-Q4,HST,sensing,shape,shape,4633,4629,4638,in in the best,that the company has,in in the best shape that the company has
459,2021-02-19 11:00:00,NASDAQ,2020-Q4,HST,sensing,sense,sense,6969,6965,6974,expansion hope that makes,shaun kelley bank of,expansion hope that makes sense shaun kelley bank of
459,2021-02-19 11:00:00,NASDAQ,2020-Q4,HST,sensing,sense,sense,7206,7202,7211,we think it makes,to take an excess,we think it makes sense to take an excess
459,2021-02-19 11:00:00,NASDAQ,2020-Q4,HST,sensing,sense,sense,7217,7213,7222,land where it makes,and develop a select,land where it makes sense and develop a select
459,2021-02-19 11:00:00,NASDAQ,2020-Q4,HST,seizing,invest,invest,7336,7332,7341,a better place to,in your own assets,a better place to invest in your own assets
459,2021-02-19 11:00:00,NASDAQ,2020-Q4,HST,seizing,invest,invest,7369,7365,7374,going to continue to,in our properties as,going to continue to invest in our properties as
459,2021-02-19 11:00:00,NASDAQ,2020-Q4,HST,sensing,sense,sense,7382,7378,7387,street advisors analyst makes,thank you operator our,street advisors analyst makes sense thank you operator our
459,2021-02-19 11:00:00,NASDAQ,2020-Q4,HST,sensing,sense,sense,7548,7544,7553,at and get a,of how the asset,at and get a sense of how the asset
460,2021-03-04 17:00:00,NASDAQ,2021-Q3,SWBI,seizing,invest,invest,2106,2102,2111,allocation priorities were to,in our business repay,allocation priorities were to invest in our business repay
460,2021-03-04 17:00:00,NASDAQ,2021-Q3,SWBI,seizing,investing,investing,2289,2285,2294,mark noted we are,in strategic marketing initiatives,mark noted we are investing in strategic marketing initiatives
460,2021-03-04 17:00:00,NASDAQ,2021-Q3,SWBI,sensing,sense,sense,5410,5406,5415,group analyst yeah makes,and then can you,group analyst yeah makes sense and then can you
460,2021-03-04 17:00:00,NASDAQ,2021-Q3,SWBI,seizing,invest,invest,6813,6809,6818,make the other criteria,in the business etc,make the other criteria invest in the business etc
461,2021-06-02 08:00:00,NYSE,2021-Q1,AAP,seizing,invest,invest,1301,1297,1306,plan to continue to,behind this powerful brand,plan to continue to invest behind this powerful brand
461,2021-06-02 08:00:00,NYSE,2021-Q1,AAP,seizing,invest,invest,1915,1911,1920,as we continue to,in product quality building,as we continue to invest in product quality building
461,2021-06-02 08:00:00,NYSE,2021-Q1,AAP,seizing,investing,investing,1955,1951,1960,is strategic pricing by,in new tools we,is strategic pricing by investing in new tools we
461,2021-06-02 08:00:00,NYSE,2021-Q1,AAP,transforming,transforming,transforming,2298,2294,2303,our supply chain and,in market delivery and,our supply chain and transforming in market delivery and
461,2021-06-02 08:00:00,NYSE,2021-Q1,AAP,transforming,transforming,transforming,2346,2342,2351,second new initiative is,in market delivery and,second new initiative is transforming in market delivery and
461,2021-06-02 08:00:00,NYSE,2021-Q1,AAP,seizing,invest,invest,2502,2498,2507,most we continued to,in our store team,most we continued to invest in our store team
461,2021-06-02 08:00:00,NYSE,2021-Q1,AAP,seizing,invest,invest,2913,2909,2918,plan to continue to,in our brands the,plan to continue to invest in our brands the
461,2021-06-02 08:00:00,NYSE,2021-Q1,AAP,seizing,invested,invested,3215,3211,3220,tom outlined earlier we,in marketing during q,tom outlined earlier we invested in marketing during q
461,2021-06-02 08:00:00,NYSE,2021-Q1,AAP,seizing,invest,invest,3478,3474,3483,as we continue to,in our transformation initiatives,as we continue to invest in our transformation initiatives
461,2021-06-02 08:00:00,NYSE,2021-Q1,AAP,transforming,transforming,transforming,5598,5594,5603,the ultimate essence of,the business but can,the ultimate essence of transforming the business but can
461,2021-06-02 08:00:00,NYSE,2021-Q1,AAP,seizing,invest,invest,9172,9168,9177,margin expansion when we,behind a diehard marketing,margin expansion when we invest behind a diehard marketing
461,2021-06-02 08:00:00,NYSE,2021-Q1,AAP,seizing,invest,invest,9275,9271,9280,that s we will,in marketing when we,that s we will invest in marketing when we
461,2021-06-02 08:00:00,NYSE,2021-Q1,AAP,sensing,sense,sense,9818,9814,9823,brands where it makes,for our business this,brands where it makes sense for our business this
461,2021-06-02 08:00:00,NYSE,2021-Q1,AAP,sensing,shape,shape,10064,10060,10069,ll be in great,to capture that margin,ll be in great shape to capture that margin
462,2019-05-08 09:00:00,NASDAQ,2019-Q1,LILA,seizing,investing,investing,1265,1261,1270,wireless panama and continue,in and advancing the,wireless panama and continue investing in and advancing the
462,2019-05-08 09:00:00,NASDAQ,2019-Q1,LILA,seizing,invested,invested,1779,1775,1784,generate returns from previously,capital overall we re,generate returns from previously invested capital overall we re
462,2019-05-08 09:00:00,NASDAQ,2019-Q1,LILA,transforming,transform,transform,2354,2350,2359,we are committed to,the business this involves,we are committed to transform the business this involves
462,2019-05-08 09:00:00,NASDAQ,2019-Q1,LILA,transforming,transforming,transforming,4539,4535,4544,for our company in,not only our cost,for our company in transforming not only our cost
462,2019-05-08 09:00:00,NASDAQ,2019-Q1,LILA,seizing,investing,investing,6459,6455,6464,or china it s,in those countries and,or china it s investing in those countries and
463,2022-11-16 17:00:00,NASDAQ,2023-Q3,NVDA,sensing,sense,sense,4069,4065,4074,last quarter it made,that you took a,last quarter it made sense that you took a
463,2022-11-16 17:00:00,NASDAQ,2023-Q3,NVDA,sensing,sense,sense,4650,4646,4655,just give us a,of or talk about,just give us a sense of or talk about
463,2022-11-16 17:00:00,NASDAQ,2023-Q3,NVDA,sensing,sense,sense,4690,4686,4695,do you have a,of where grace will,do you have a sense of where grace will
463,2022-11-16 17:00:00,NASDAQ,2023-Q3,NVDA,sensing,sense,sense,7360,7356,7365,our market but my,is that where we,our market but my sense is that where we
464,2019-10-24 11:00:00,NYSE,2019-Q3,SUI,seizing,invested,invested,759,755,764,transaction we ll have,nearly million in the,transaction we ll have invested nearly million in the
464,2019-10-24 11:00:00,NYSE,2019-Q3,SUI,sensing,sense,sense,3947,3943,3952,sort of have a,of that all the,sort of have a sense of that all the
464,2019-10-24 11:00:00,NYSE,2019-Q3,SUI,sensing,sense,sense,6548,6544,6553,simple and it makes,and it s it,simple and it makes sense and it s it
465,2021-04-29 10:00:00,NYSE,2021-Q1,CNX,sensing,sense,sense,4328,4324,4333,trying to get a,of how that plays,trying to get a sense of how that plays
465,2021-04-29 10:00:00,NYSE,2021-Q1,CNX,sensing,sense,sense,5228,5224,5233,i think much more,neal dingmann truist analyst,i think much more sense neal dingmann truist analyst
465,2021-04-29 10:00:00,NYSE,2021-Q1,CNX,sensing,shaped,shaped,5521,5517,5526,curtailed some volumes we,some volumes cashed in,curtailed some volumes we shaped some volumes cashed in
465,2021-04-29 10:00:00,NYSE,2021-Q1,CNX,sensing,sense,sense,5604,5600,5609,point that it makes,to the time production,point that it makes sense to the time production
465,2021-04-29 10:00:00,NYSE,2021-Q1,CNX,sensing,shaping,shaping,5865,5861,5870,up and down and,it quickly is something,up and down and shaping it quickly is something
466,2021-02-05 07:30:00,NASDAQ,2020-Q4,SNY,seizing,investing,investing,4952,4948,4957,that we will keep,in our capacity notably,that we will keep investing in our capacity notably
466,2021-02-05 07:30:00,NASDAQ,2020-Q4,SNY,seizing,investing,investing,5008,5004,5013,thing we are also,into our vaxigrip influenza,thing we are also investing into our vaxigrip influenza
466,2021-02-05 07:30:00,NASDAQ,2020-Q4,SNY,transforming,redeploy,redeploy,5560,5556,5565,where you intend to,that eur million additional,where you intend to redeploy that eur million additional
466,2021-02-05 07:30:00,NASDAQ,2020-Q4,SNY,seizing,investing,investing,6220,6216,6225,we are of course,efficiencies also have helped,we are of course investing efficiencies also have helped
466,2021-02-05 07:30:00,NASDAQ,2020-Q4,SNY,seizing,invest,invest,6323,6319,6328,promising we need to,into it so you,promising we need to invest into it so you
467,2019-05-09 11:00:00,NASDAQ,2019-Q1,EBIX,seizing,invest,invest,531,527,536,intend to continue to,in over the next,intend to continue to invest in over the next
467,2019-05-09 11:00:00,NASDAQ,2019-Q1,EBIX,seizing,invested,invested,1006,1002,1011,bank payments of million,million on acquisitions paid,bank payments of million invested million on acquisitions paid
467,2019-05-09 11:00:00,NASDAQ,2019-Q1,EBIX,seizing,invest,invest,1814,1810,1819,particular quarter if we,our cash into growing,particular quarter if we invest our cash into growing
467,2019-05-09 11:00:00,NASDAQ,2019-Q1,EBIX,sensing,sense,sense,6064,6060,6069,we believe in the,of what we are,we believe in the sense of what we are
467,2019-05-09 11:00:00,NASDAQ,2019-Q1,EBIX,sensing,sense,sense,6224,6220,6229,you give us a,of what that number,you give us a sense of what that number
467,2019-05-09 11:00:00,NASDAQ,2019-Q1,EBIX,seizing,invest,invest,6682,6678,6687,cost and when you,in new venture whether,cost and when you invest in new venture whether
468,2021-03-11 17:00:00,NYSE,2020-Q4,EVC,seizing,investing,investing,3891,3887,3896,make acquisitions while still,in our organic growth,make acquisitions while still investing in our organic growth
468,2021-03-11 17:00:00,NYSE,2020-Q4,EVC,sensing,sense,sense,4135,4131,4140,trying to get a,of how much of,trying to get a sense of how much of
468,2021-03-11 17:00:00,NYSE,2020-Q4,EVC,sensing,sense,sense,4348,4344,4353,of give me a,of what did cisneros,of give me a sense of what did cisneros
468,2021-03-11 17:00:00,NYSE,2020-Q4,EVC,sensing,sense,sense,4392,4388,4397,of give us a,of how much cisneros,of give us a sense of how much cisneros
468,2021-03-11 17:00:00,NYSE,2020-Q4,EVC,sensing,sense,sense,4451,4447,4456,of give us a,of where you re,of give us a sense of where you re
468,2021-03-11 17:00:00,NYSE,2020-Q4,EVC,sensing,sense,sense,4613,4609,4618,you give us a,of where you re,you give us a sense of where you re
469,2021-02-08 16:30:00,NASDAQ,2021-Q3,TTWO,seizing,invest,invest,1779,1775,1784,the studio continues to,in its broad and,the studio continues to invest in its broad and
469,2021-02-08 16:30:00,NASDAQ,2021-Q3,TTWO,seizing,investing,investing,3124,3120,3129,our audience we are,prudently to advance our,our audience we are investing prudently to advance our
469,2021-02-08 16:30:00,NASDAQ,2021-Q3,TTWO,sensing,sense,sense,5991,5987,5996,door and then the,that life services are,door and then the sense that life services are
469,2021-02-08 16:30:00,NASDAQ,2021-Q3,TTWO,sensing,sense,sense,7038,7034,7043,and resources it makes,to put behind mobile,and resources it makes sense to put behind mobile
469,2021-02-08 16:30:00,NASDAQ,2021-Q3,TTWO,seizing,invested,invested,7117,7113,7122,so we are highly,in the mobile business,so we are highly invested in the mobile business
469,2021-02-08 16:30:00,NASDAQ,2021-Q3,TTWO,seizing,investing,investing,7192,7188,7197,and we ve been,in that obviously over,and we ve been investing in that obviously over
469,2021-02-08 16:30:00,NASDAQ,2021-Q3,TTWO,seizing,investing,investing,7403,7399,7408,it and we re,more and more bryan,it and we re investing more and more bryan
469,2021-02-08 16:30:00,NASDAQ,2021-Q3,TTWO,sensing,shaping,shaping,7519,7515,7524,what the linearity is,up to look like,what the linearity is shaping up to look like
470,2019-10-23 17:00:00,NASDAQ,2020-Q2,XLNX,seizing,invest,invest,2993,2989,2998,we will continue to,in growth aligned with,we will continue to invest in growth aligned with
470,2019-10-23 17:00:00,NASDAQ,2020-Q2,XLNX,sensing,sense,sense,5243,5239,5248,just gives you a,with victor s comments,just gives you a sense with victor s comments
470,2019-10-23 17:00:00,NASDAQ,2020-Q2,XLNX,sensing,sense,sense,5515,5511,5520,you give us a,for the wireless business,you give us a sense for the wireless business
472,2020-07-22 18:00:00,NASDAQ,2020-Q2,TSLA,sensing,sense,sense,631,627,636,program would also make,in california so i,program would also make sense in california so i
472,2020-07-22 18:00:00,NASDAQ,2020-Q2,TSLA,sensing,sense,sense,4509,4505,4514,projects where it makes,and there s a,projects where it makes sense and there s a
472,2020-07-22 18:00:00,NASDAQ,2020-Q2,TSLA,sensing,sense,sense,5224,5220,5229,it didn t make,up to now to,it didn t make sense up to now to
473,2020-04-22 08:00:00,NASDAQ,2020-Q1,NDAQ,seizing,invested,invested,833,829,838,extreme challenge we have,and prepared for many,extreme challenge we have invested and prepared for many
473,2020-04-22 08:00:00,NASDAQ,2020-Q1,NDAQ,seizing,investing,investing,2070,2066,2075,after many years of,restructuring and reposition we,after many years of investing restructuring and reposition we
473,2020-04-22 08:00:00,NASDAQ,2020-Q1,NDAQ,seizing,investing,investing,3278,3274,3283,including an enlarging passive,trend on one end,including an enlarging passive investing trend on one end
473,2020-04-22 08:00:00,NASDAQ,2020-Q1,NDAQ,sensing,sense,sense,6902,6898,6907,got it that makes,okay thank you very,got it that makes sense okay thank you very
473,2020-04-22 08:00:00,NASDAQ,2020-Q1,NDAQ,sensing,sense,sense,7217,7213,7222,will give you a,of the scale of,will give you a sense of the scale of
473,2020-04-22 08:00:00,NASDAQ,2020-Q1,NDAQ,sensing,sense,sense,8283,8279,8288,to give you a,of where are the,to give you a sense of where are the
473,2020-04-22 08:00:00,NASDAQ,2020-Q1,NDAQ,seizing,investing,investing,8344,8340,8349,about where we re,and why what we,about where we re investing and why what we
473,2020-04-22 08:00:00,NASDAQ,2020-Q1,NDAQ,seizing,investing,investing,11422,11418,11427,doing a lot of,in evestment in the,doing a lot of investing in evestment in the
473,2020-04-22 08:00:00,NASDAQ,2020-Q1,NDAQ,sensing,sense,sense,11620,11616,11625,make a lot of,but i was hoping,make a lot of sense but i was hoping
474,2020-09-24 16:45:00,NYSE,2021-Q1,AIR,sensing,sense,sense,2255,2251,2260,we have a clear,of what the market,we have a clear sense of what the market
474,2020-09-24 16:45:00,NYSE,2021-Q1,AIR,sensing,sense,sense,3909,3905,3914,employees contract labor makes,to an extent as,employees contract labor makes sense to an extent as
474,2020-09-24 16:45:00,NYSE,2021-Q1,AIR,sensing,sense,sense,4961,4957,4966,contracts where it makes,so that s what,contracts where it makes sense so that s what
474,2020-09-24 16:45:00,NYSE,2021-Q1,AIR,sensing,sense,sense,5204,5200,5209,to if it makes,to restructure the contract,to if it makes sense to restructure the contract
475,2020-08-13 11:00:00,NYSE,2020-Q2,TK,transforming,transformed,transformed,1817,1813,1822,prior year tnk has,the balance sheet bringing,prior year tnk has transformed the balance sheet bringing
476,2022-09-06 16:30:00,NASDAQ,2023-Q1,CDMO,seizing,investing,investing,3888,3884,3893,about it i think,ahead of time i,about it i think investing ahead of time i
476,2022-09-06 16:30:00,NASDAQ,2023-Q1,CDMO,seizing,invested,invested,3954,3950,3959,ve proactively gone and,in that capacity to,ve proactively gone and invested in that capacity to
477,2021-04-30 08:30:00,NYSE,2021-Q1,AON,transforming,reconfiguring,reconfiguring,817,813,822,chain disruption reimagining and,how and where work,chain disruption reimagining and reconfiguring how and where work
477,2021-04-30 08:30:00,NYSE,2021-Q1,AON,seizing,invest,invest,2281,2277,2286,increase modestly as we,in technology to drive,increase modestly as we invest in technology to drive
477,2021-04-30 08:30:00,NYSE,2021-Q1,AON,seizing,invest,invest,2413,2409,2418,expect to continue to,organically and inorganically in,expect to continue to invest organically and inorganically in
477,2021-04-30 08:30:00,NYSE,2021-Q1,AON,sensing,sense,sense,2925,2921,2930,you give us a,of what that growth,you give us a sense of what that growth
477,2021-04-30 08:30:00,NYSE,2021-Q1,AON,sensing,sense,sense,3402,3398,3407,and give us a,of whether you would,and give us a sense of whether you would
477,2021-04-30 08:30:00,NYSE,2021-Q1,AON,seizing,invested,invested,4305,4301,4310,improvement on return on,capital and close to,improvement on return on invested capital and close to
478,2021-05-06 08:00:00,NASDAQ,2021-Q2,EZPW,seizing,invest,invest,2529,2525,2534,do and continuing to,in innovation and store,do and continuing to invest in innovation and store
478,2021-05-06 08:00:00,NASDAQ,2021-Q2,EZPW,sensing,sense,sense,2791,2787,2796,to give us a,for the recovery and,to give us a sense for the recovery and
478,2021-05-06 08:00:00,NASDAQ,2021-Q2,EZPW,seizing,invest,invest,3632,3628,3637,see us continue to,there in de novo,see us continue to invest there in de novo
479,2021-05-11 08:00:00,NASDAQ,2021-Q1,CCEP,sensing,shape,shape,539,535,544,pricing is in good,april was the toughest,pricing is in good shape april was the toughest
479,2021-05-11 08:00:00,NASDAQ,2021-Q1,CCEP,seizing,invest,invest,851,847,856,we are continuing to,in our business for,we are continuing to invest in our business for
479,2021-05-11 08:00:00,NASDAQ,2021-Q1,CCEP,transforming,redeployed,redeployed,937,933,942,field sales have been,to the home market,field sales have been redeployed to the home market
479,2021-05-11 08:00:00,NASDAQ,2021-Q1,CCEP,seizing,invested,invested,1565,1561,1570,and is a well,business across its supply,and is a well invested business across its supply
479,2021-05-11 08:00:00,NASDAQ,2021-Q1,CCEP,seizing,invested,invested,3907,3903,3912,and amatil have successfully,in ccep ventures and,and amatil have successfully invested in ccep ventures and
479,2021-05-11 08:00:00,NASDAQ,2021-Q1,CCEP,sensing,sense,sense,5054,5050,5059,much forward to the,of possibility we know,much forward to the sense of possibility we know
479,2021-05-11 08:00:00,NASDAQ,2021-Q1,CCEP,sensing,sense,sense,8312,8308,8317,hope you get a,now from this presentation,hope you get a sense now from this presentation
479,2021-05-11 08:00:00,NASDAQ,2021-Q1,CCEP,sensing,sense,sense,8326,8322,8331,hope you get a,of the next journey,hope you get a sense of the next journey
479,2021-05-11 08:00:00,NASDAQ,2021-Q1,CCEP,sensing,sense,sense,9330,9326,9335,you ve got some,of that from damian,you ve got some sense of that from damian
479,2021-05-11 08:00:00,NASDAQ,2021-Q1,CCEP,seizing,invested,invested,9409,9405,9414,around our returns on,capital as you know,around our returns on invested capital as you know
479,2021-05-11 08:00:00,NASDAQ,2021-Q1,CCEP,seizing,invest,invest,11464,11460,11469,so greater ability to,to support future growth,so greater ability to invest to support future growth
479,2021-05-11 08:00:00,NASDAQ,2021-Q1,CCEP,sensing,sense,sense,12588,12584,12593,ve gotten a good,of how we ve,ve gotten a good sense of how we ve
479,2021-05-11 08:00:00,NASDAQ,2021-Q1,CCEP,sensing,sense,sense,13359,13355,13364,can you give a,of how much of,can you give a sense of how much of
479,2021-05-11 08:00:00,NASDAQ,2021-Q1,CCEP,sensing,sense,sense,18481,18477,18486,to give you a,i mean i think,to give you a sense i mean i think
479,2021-05-11 08:00:00,NASDAQ,2021-Q1,CCEP,seizing,investing,investing,19273,19269,19278,where that we were,in as when we,where that we were investing in as when we
479,2021-05-11 08:00:00,NASDAQ,2021-Q1,CCEP,seizing,invest,invest,19330,19326,19335,to go back and,in particularly in some,to go back and invest in particularly in some
479,2021-05-11 08:00:00,NASDAQ,2021-Q1,CCEP,seizing,invested,invested,19644,19640,19649,very much aligned and,in terms of the,very much aligned and invested in terms of the
479,2021-05-11 08:00:00,NASDAQ,2021-Q1,CCEP,seizing,investing,investing,21970,21966,21975,on core sparkling and,behind that multi year,on core sparkling and investing behind that multi year
479,2021-05-11 08:00:00,NASDAQ,2021-Q1,CCEP,sensing,sense,sense,22197,22193,22202,just to get a,of the opportunity my,just to get a sense of the opportunity my
479,2021-05-11 08:00:00,NASDAQ,2021-Q1,CCEP,sensing,sense,sense,22907,22903,22912,hope you got a,today of our excitement,hope you got a sense today of our excitement
479,2021-05-11 08:00:00,NASDAQ,2021-Q1,CCEP,seizing,invest,invest,23199,23195,23204,we ve continued to,in our people and,we ve continued to invest in our people and
479,2021-05-11 08:00:00,NASDAQ,2021-Q1,CCEP,seizing,invest,invest,23282,23278,23287,and to continue to,smartly in our business,and to continue to invest smartly in our business
480,2021-06-30 09:00:00,NYSE,2021-Q4,GIS,sensing,sense,sense,259,255,264,you give us a,of what to expect,you give us a sense of what to expect
480,2021-06-30 09:00:00,NYSE,2021-Q4,GIS,sensing,shaping,shaping,2160,2156,2165,to do more portfolio,and so in that,to do more portfolio shaping and so in that
480,2021-06-30 09:00:00,NYSE,2021-Q4,GIS,sensing,sense,sense,2165,2161,2170,and so in that,we have an always,and so in that sense we have an always
480,2021-06-30 09:00:00,NYSE,2021-Q4,GIS,sensing,sense,sense,3887,3883,3892,trying to get a,of how we should,trying to get a sense of how we should
480,2021-06-30 09:00:00,NYSE,2021-Q4,GIS,seizing,invest,invest,5503,5499,5508,see us continue to,in our data and,see us continue to invest in our data and
480,2021-06-30 09:00:00,NYSE,2021-Q4,GIS,sensing,sense,sense,6046,6042,6051,can you give a,around elasticity what kind,can you give a sense around elasticity what kind
480,2021-06-30 09:00:00,NYSE,2021-Q4,GIS,sensing,sense,sense,6946,6942,6951,want to get a,how much of that,want to get a sense how much of that
480,2021-06-30 09:00:00,NYSE,2021-Q4,GIS,seizing,invest,invest,7432,7428,7437,we ll continue to,in order to drive,we ll continue to invest in order to drive
481,2021-02-23 11:00:00,NASDAQ,2021-Q2,CBRL,seizing,investing,investing,3316,3312,3321,approach in addition to,in cracker barrel and,approach in addition to investing in cracker barrel and
481,2021-02-23 11:00:00,NASDAQ,2021-Q2,CBRL,seizing,invest,invest,3330,3326,3335,we will continue to,in strategic initiatives including,we will continue to invest in strategic initiatives including
482,2021-03-01 11:00:00,NASDAQ,2020-Q4,MIDD,seizing,invested,invested,716,712,721,term strategy as we,in the reinvention of,term strategy as we invested in the reinvention of
482,2021-03-01 11:00:00,NASDAQ,2020-Q4,MIDD,seizing,invest,invest,811,807,816,we also continued to,in showrooms for our,we also continued to invest in showrooms for our
482,2021-03-01 11:00:00,NASDAQ,2020-Q4,MIDD,seizing,investing,investing,1407,1403,1412,and cash while also,driving innovation and providing,and cash while also investing driving innovation and providing
482,2021-03-01 11:00:00,NASDAQ,2020-Q4,MIDD,seizing,invest,invest,1504,1500,1509,this while continuing to,around million in technology,this while continuing to invest around million in technology
482,2021-03-01 11:00:00,NASDAQ,2020-Q4,MIDD,sensing,sense,sense,6342,6338,6347,would be helpful my,is that the differentiation,would be helpful my sense is that the differentiation
482,2021-03-01 11:00:00,NASDAQ,2020-Q4,MIDD,seizing,investing,investing,6568,6564,6573,and more we re,in i would say,and more we re investing in i would say
482,2021-03-01 11:00:00,NASDAQ,2020-Q4,MIDD,seizing,investing,investing,7467,7463,7472,s where we re,that s where we,s where we re investing that s where we
482,2021-03-01 11:00:00,NASDAQ,2020-Q4,MIDD,sensing,sense,sense,8333,8329,8338,give us a little,of where you see,give us a little sense of where you see
482,2021-03-01 11:00:00,NASDAQ,2020-Q4,MIDD,seizing,investing,investing,8375,8371,8380,and we ve been,heavily in technology as,and we ve been investing heavily in technology as
482,2021-03-01 11:00:00,NASDAQ,2020-Q4,MIDD,seizing,invest,invest,8554,8550,8559,etc and continue to,in those platforms which,etc and continue to invest in those platforms which
482,2021-03-01 11:00:00,NASDAQ,2020-Q4,MIDD,seizing,invested,invested,8644,8640,8649,process which we ve,heavily in also in,process which we ve invested heavily in also in
482,2021-03-01 11:00:00,NASDAQ,2020-Q4,MIDD,transforming,transform,transform,8754,8750,8759,where we can really,that experience so this,where we can really transform that experience so this
482,2021-03-01 11:00:00,NASDAQ,2020-Q4,MIDD,seizing,invest,invest,8780,8776,8785,we will continue to,in it in an,we will continue to invest in it in an
482,2021-03-01 11:00:00,NASDAQ,2020-Q4,MIDD,seizing,investing,investing,9613,9609,9618,again as we are,in technologies we re,again as we are investing in technologies we re
483,2021-02-08 17:00:00,NASDAQ,2020-Q4,CORT,sensing,sense,sense,4930,4926,4935,year although in some,not for a while,year although in some sense not for a while
483,2021-02-08 17:00:00,NASDAQ,2020-Q4,CORT,sensing,sense,sense,5612,5608,5617,but really in some,the answer to your,but really in some sense the answer to your
483,2021-02-08 17:00:00,NASDAQ,2020-Q4,CORT,sensing,sense,sense,8012,8008,8017,it up in a,for you alan because,it up in a sense for you alan because
483,2021-02-08 17:00:00,NASDAQ,2020-Q4,CORT,sensing,sense,sense,8249,8245,8254,dose so in some,no surprise to us,dose so in some sense no surprise to us
484,2022-10-14 11:00:00,NYSE,2022-Q3,C,seizing,invest,invest,789,785,794,a we continue to,in building out our,a we continue to invest in building out our
484,2022-10-14 11:00:00,NYSE,2022-Q3,C,seizing,invest,invest,1039,1035,1044,as we continue to,in our businesses and,as we continue to invest in our businesses and
484,2022-10-14 11:00:00,NYSE,2022-Q3,C,seizing,invest,invest,2016,2012,2021,and we continue to,in the client experience,and we continue to invest in the client experience
484,2022-10-14 11:00:00,NYSE,2022-Q3,C,seizing,invest,invest,2072,2068,2077,buckets we continue to,in technology including systems,buckets we continue to invest in technology including systems
484,2022-10-14 11:00:00,NYSE,2022-Q3,C,seizing,invest,invest,5274,5270,5279,we will continue to,in the franchise that,we will continue to invest in the franchise that
484,2022-10-14 11:00:00,NYSE,2022-Q3,C,sensing,sense,sense,6062,6058,6067,actions make the most,in light of the,actions make the most sense in light of the
484,2022-10-14 11:00:00,NYSE,2022-Q3,C,sensing,sense,sense,6202,6198,6207,to see what makes,as we move toward,to see what makes sense as we move toward
484,2022-10-14 11:00:00,NYSE,2022-Q3,C,sensing,sense,sense,6883,6879,6888,that gives you some,of where the revenue,that gives you some sense of where the revenue
484,2022-10-14 11:00:00,NYSE,2022-Q3,C,seizing,investing,investing,8359,8355,8364,numbers we ve been,heavily in the talent,numbers we ve been investing heavily in the talent
484,2022-10-14 11:00:00,NYSE,2022-Q3,C,seizing,invest,invest,10075,10071,10080,we ll continue to,in it and ensure,we ll continue to invest in it and ensure
485,2021-03-10 17:00:00,NYSE,2021-Q3,ORCL,seizing,investing,investing,985,981,990,a result we re,aggressively this quarter this,a result we re investing aggressively this quarter this
485,2021-03-10 17:00:00,NYSE,2021-Q3,ORCL,seizing,invest,invest,4841,4837,4846,more companies continue to,in java and trust,more companies continue to invest in java and trust
486,2020-05-07 11:00:00,NYSE,2020-Q1,CF,sensing,shape,shape,3544,3540,3549,in terms of the,of the cost curve,in terms of the shape of the cost curve
486,2020-05-07 11:00:00,NYSE,2020-Q1,CF,sensing,sense,sense,6570,6566,6575,do you have a,for what that number,do you have a sense for what that number
486,2020-05-07 11:00:00,NYSE,2020-Q1,CF,sensing,sense,sense,7920,7916,7925,time and that makes,as we stay around,time and that makes sense as we stay around
487,2021-05-19 09:00:00,NYSE,2021-Q1,LOW,seizing,invested,invested,410,406,415,mind in q we,nearly million in support,mind in q we invested nearly million in support
487,2021-05-19 09:00:00,NYSE,2021-Q1,LOW,seizing,invest,invest,617,613,622,increasing we continue to,in our omnichannel capabilities,increasing we continue to invest in our omnichannel capabilities
487,2021-05-19 09:00:00,NYSE,2021-Q1,LOW,transforming,transform,transform,1420,1416,1425,year plus journey to,lowe s has given,year plus journey to transform lowe s has given
487,2021-05-19 09:00:00,NYSE,2021-Q1,LOW,sensing,sense,sense,1591,1587,1596,to create a new,of excitement and to,to create a new sense of excitement and to
487,2021-05-19 09:00:00,NYSE,2021-Q1,LOW,transforming,redesigned,redesigned,2866,2862,2871,as well as the,store layout that aligns,as well as the redesigned store layout that aligns
487,2021-05-19 09:00:00,NYSE,2021-Q1,LOW,seizing,invest,invest,3331,3327,3336,the quarter as we,in our strategic initiatives,the quarter as we invest in our strategic initiatives
487,2021-05-19 09:00:00,NYSE,2021-Q1,LOW,seizing,invest,invest,3986,3982,3991,as we continue to,in our omnichannel capabilities,as we continue to invest in our omnichannel capabilities
487,2021-05-19 09:00:00,NYSE,2021-Q1,LOW,seizing,invest,invest,4608,4604,4613,flow we plan to,billion in capex this,flow we plan to invest billion in capex this
487,2021-05-19 09:00:00,NYSE,2021-Q1,LOW,seizing,invested,invested,5051,5047,5056,homes there s more,capital so there s,homes there s more invested capital so there s
487,2021-05-19 09:00:00,NYSE,2021-Q1,LOW,seizing,invest,invest,5351,5347,5356,income by continuing to,in really smart strategic,income by continuing to invest in really smart strategic
487,2021-05-19 09:00:00,NYSE,2021-Q1,LOW,sensing,sense,sense,6262,6258,6267,sure ok that makes,and to follow up,sure ok that makes sense and to follow up
487,2021-05-19 09:00:00,NYSE,2021-Q1,LOW,seizing,invest,invest,6817,6813,6822,we ll continue to,in these tools and,we ll continue to invest in these tools and
487,2021-05-19 09:00:00,NYSE,2021-Q1,LOW,seizing,invested,invested,7642,7638,7647,that really wasn t,in historically and was,that really wasn t invested in historically and was
487,2021-05-19 09:00:00,NYSE,2021-Q1,LOW,seizing,invest,invest,7964,7960,7969,talk about continuing to,in online which is,talk about continuing to invest in online which is
487,2021-05-19 09:00:00,NYSE,2021-Q1,LOW,seizing,investing,investing,7978,7974,7983,sure that we re,in our installation services,sure that we re investing in our installation services
487,2021-05-19 09:00:00,NYSE,2021-Q1,LOW,seizing,invested,invested,8621,8617,8626,we ve we have,in tools and processes,we ve we have invested in tools and processes
487,2021-05-19 09:00:00,NYSE,2021-Q1,LOW,transforming,redesigned,redesigned,9481,9477,9486,the new crm the,store layout and the,the new crm the redesigned store layout and the
488,2022-06-09 10:00:00,NASDAQ,2022-Q2,FCEL,seizing,invest,invest,1441,1437,1446,quarter we continued to,capital in our internal,quarter we continued to invest capital in our internal
488,2022-06-09 10:00:00,NASDAQ,2022-Q2,FCEL,seizing,investing,investing,2375,2371,2380,as the company is,in rebranding and accelerating,as the company is investing in rebranding and accelerating
488,2022-06-09 10:00:00,NASDAQ,2022-Q2,FCEL,seizing,investing,investing,3554,3550,3559,our existing platform by,in extending and deepening,our existing platform by investing in extending and deepening
489,2021-04-27 08:30:00,NASDAQ,2021-Q1,AGNC,sensing,sense,sense,1909,1905,1914,backdrop sound it made,to add into the,backdrop sound it made sense to add into the
489,2021-04-27 08:30:00,NASDAQ,2021-Q1,AGNC,sensing,sense,sense,3314,3310,3319,obsess about in a,which pocket the return,obsess about in a sense which pocket the return
489,2021-04-27 08:30:00,NASDAQ,2021-Q1,AGNC,sensing,sense,sense,5509,5505,5514,feel like it makes,to add to leverage,feel like it makes sense to add to leverage
489,2021-04-27 08:30:00,NASDAQ,2021-Q1,AGNC,sensing,sense,sense,5632,5628,5637,expectations which obviously makes,but i guess over,expectations which obviously makes sense but i guess over
489,2021-04-27 08:30:00,NASDAQ,2021-Q1,AGNC,sensing,sense,sense,6133,6129,6138,analyst yes that makes,ok thanks gary chris,analyst yes that makes sense ok thanks gary chris
490,2020-08-25 17:00:00,NYSE,2021-Q2,OOMA,seizing,invest,invest,2746,2742,2751,we will continue to,in these programs to,we will continue to invest in these programs to
490,2020-08-25 17:00:00,NYSE,2021-Q2,OOMA,seizing,invest,invest,3507,3503,3512,growth while continuing to,in the future all,growth while continuing to invest in the future all
490,2020-08-25 17:00:00,NYSE,2021-Q2,OOMA,sensing,sense,sense,3579,3575,3584,can you give a,of how things transpired,can you give a sense of how things transpired
490,2020-08-25 17:00:00,NYSE,2021-Q2,OOMA,sensing,shaping,shaping,4980,4976,4985,that how is that,up and what do,that how is that shaping up and what do
490,2020-08-25 17:00:00,NYSE,2021-Q2,OOMA,sensing,sense,sense,5373,5369,5378,business opportunity that makes,but our current focus,business opportunity that makes sense but our current focus
490,2020-08-25 17:00:00,NYSE,2021-Q2,OOMA,sensing,sense,sense,5465,5461,5470,there and the economic,for the partnership is,there and the economic sense for the partnership is
490,2020-08-25 17:00:00,NYSE,2021-Q2,OOMA,seizing,invest,invest,5819,5815,5824,are we continue to,into the business side,are we continue to invest into the business side
491,2020-05-27 21:00:00,NYSE,2020-Q1,BEST,seizing,investing,investing,924,920,929,we plan to continue,in automation and applying,we plan to continue investing in automation and applying
491,2020-05-27 21:00:00,NYSE,2020-Q1,BEST,seizing,investing,investing,1838,1834,1843,on capital allocation and,we have fortified our,on capital allocation and investing we have fortified our
491,2020-05-27 21:00:00,NYSE,2020-Q1,BEST,seizing,invest,invest,2586,2582,2591,as we continue to,in technology please note,as we continue to invest in technology please note
491,2020-05-27 21:00:00,NYSE,2020-Q1,BEST,seizing,invest,invest,2608,2604,2613,sg a expense and,in r d to,sg a expense and invest in r d to
491,2020-05-27 21:00:00,NYSE,2020-Q1,BEST,seizing,investing,investing,3463,3459,3468,in terms of capex,in automation is still,in terms of capex investing in automation is still
491,2020-05-27 21:00:00,NYSE,2020-Q1,BEST,seizing,invest,invest,3483,3479,3488,our plan is to,rmb billion in capex,our plan is to invest rmb billion in capex
492,2021-05-04 08:00:00,NASDAQ,2021-Q1,INCY,sensing,sense,sense,3221,3217,3226,wanted to get a,of what data we,wanted to get a sense of what data we
492,2021-05-04 08:00:00,NASDAQ,2021-Q1,INCY,sensing,sense,sense,3260,3256,3265,wanted to get a,of whether you have,wanted to get a sense of whether you have
492,2021-05-04 08:00:00,NASDAQ,2021-Q1,INCY,sensing,sense,sense,3908,3904,3913,would give you a,of the durability of,would give you a sense of the durability of
493,2022-07-28 17:00:00,NASDAQ,2022-Q3,AAPL,transforming,redesigned,redesigned,576,572,581,innovation including the completely,macbook air and a,innovation including the completely redesigned macbook air and a
493,2022-07-28 17:00:00,NASDAQ,2022-Q3,AAPL,seizing,investing,investing,2633,2629,2638,our customers are increasingly,in apple products as,our customers are increasingly investing in apple products as
493,2022-07-28 17:00:00,NASDAQ,2022-Q3,AAPL,seizing,investing,investing,2679,2675,2684,global enterprise customer is,in macbook air with,global enterprise customer is investing in macbook air with
493,2022-07-28 17:00:00,NASDAQ,2022-Q3,AAPL,sensing,sense,sense,4821,4817,4826,you give us a,of how you see,you give us a sense of how you see
493,2022-07-28 17:00:00,NASDAQ,2022-Q3,AAPL,sensing,sense,sense,4994,4990,4999,you give us a,especially now that you,you give us a sense especially now that you
493,2022-07-28 17:00:00,NASDAQ,2022-Q3,AAPL,sensing,sense,sense,5333,5329,5338,kind of get a,for what you re,kind of get a sense for what you re
493,2022-07-28 17:00:00,NASDAQ,2022-Q3,AAPL,seizing,investing,investing,7175,7171,7180,officer we believe in,through the downturn and,officer we believe in investing through the downturn and
493,2022-07-28 17:00:00,NASDAQ,2022-Q3,AAPL,seizing,invest,invest,7188,7184,7193,to hire people and,in areas but we,to hire people and invest in areas but we
493,2022-07-28 17:00:00,NASDAQ,2022-Q3,AAPL,sensing,sense,sense,7409,7405,7414,analyst ok that makes,well then maybe i,analyst ok that makes sense well then maybe i
494,2021-07-21 08:30:00,NYSE,2021-Q2,KO,seizing,invest,invest,2373,2369,2378,mentality and we ll,behind this momentum going,mentality and we ll invest behind this momentum going
494,2021-07-21 08:30:00,NYSE,2021-Q2,KO,seizing,investing,investing,2625,2621,2630,stronger and we are,ahead of recovery as,stronger and we are investing ahead of recovery as
494,2021-07-21 08:30:00,NYSE,2021-Q2,KO,seizing,investing,investing,4383,4379,4388,also very focused on,in our brands in,also very focused on investing in our brands in
494,2021-07-21 08:30:00,NYSE,2021-Q2,KO,seizing,invest,invest,5676,5672,5681,degree of flexibility to,behind some of the,degree of flexibility to invest behind some of the
494,2021-07-21 08:30:00,NYSE,2021-Q2,KO,seizing,invest,invest,8990,8986,8995,push on that and,to see where we,push on that and invest to see where we
494,2021-07-21 08:30:00,NYSE,2021-Q2,KO,seizing,invest,invest,9719,9715,9724,strong we continue to,behind momentum and the,strong we continue to invest behind momentum and the
495,2019-10-30 16:30:00,NASDAQ,2019-Q3,FOXF,seizing,investing,investing,1919,1915,1924,re aggressively promoting and,in the marzocchi brand,re aggressively promoting and investing in the marzocchi brand
495,2019-10-30 16:30:00,NASDAQ,2019-Q3,FOXF,seizing,invest,invest,2350,2346,2355,personnel costs as we,in product innovation operating,personnel costs as we invest in product innovation operating
495,2019-10-30 16:30:00,NASDAQ,2019-Q3,FOXF,sensing,sense,sense,3325,3321,3330,maybe give us a,zvi on how you,maybe give us a sense zvi on how you
495,2019-10-30 16:30:00,NASDAQ,2019-Q3,FOXF,sensing,sense,sense,3884,3880,3889,to give us a,of maybe how big,to give us a sense of maybe how big
495,2019-10-30 16:30:00,NASDAQ,2019-Q3,FOXF,sensing,sense,sense,4741,4737,4746,analyst okay that makes,very helpful thank you,analyst okay that makes sense very helpful thank you
495,2019-10-30 16:30:00,NASDAQ,2019-Q3,FOXF,sensing,sense,sense,7761,7757,7766,analyst okay that makes,and then one more,analyst okay that makes sense and then one more
496,2020-01-30 09:00:00,NYSE,2019-Q4,RTN,sensing,sense,sense,3712,3708,3717,try to do a,off that was very,try to do a sense off that was very
496,2020-01-30 09:00:00,NYSE,2019-Q4,RTN,sensing,sense,sense,3740,3736,3745,year they conducted a,off and in the,year they conducted a sense off and in the
496,2020-01-30 09:00:00,NYSE,2019-Q4,RTN,sensing,sense,sense,3761,3757,3766,we brought to the,off anthony f o,we brought to the sense off anthony f o
496,2020-01-30 09:00:00,NYSE,2019-Q4,RTN,sensing,sense,sense,4471,4467,4476,leading up to the,off and the hardware,leading up to the sense off and the hardware
496,2020-01-30 09:00:00,NYSE,2019-Q4,RTN,seizing,invest,invest,4998,4994,5003,had i think we,it had been aligned,had i think we invest it had been aligned
496,2020-01-30 09:00:00,NYSE,2019-Q4,RTN,sensing,sense,sense,5125,5121,5130,what makes the most,for the company and,what makes the most sense for the company and
497,2021-04-29 09:00:00,NYSE,2021-Q1,NOC,seizing,invest,invest,657,653,662,security challenge and will,in the capabilities needed,security challenge and will invest in the capabilities needed
497,2021-04-29 09:00:00,NYSE,2021-Q1,NOC,seizing,investing,investing,2848,2844,2853,deployment strategy that includes,in the business returning,deployment strategy that includes investing in the business returning
497,2021-04-29 09:00:00,NYSE,2021-Q1,NOC,sensing,shaping,shaping,3080,3076,3085,shareholders our portfolio s,and continued investment in,shareholders our portfolio s shaping and continued investment in
497,2021-04-29 09:00:00,NYSE,2021-Q1,NOC,transforming,transforming,transforming,3601,3597,3606,see this business is,the way companies think,see this business is transforming the way companies think
497,2021-04-29 09:00:00,NYSE,2021-Q1,NOC,sensing,sense,sense,5212,5208,5217,will give you more,of the capital we,will give you more sense of the capital we
497,2021-04-29 09:00:00,NYSE,2021-Q1,NOC,seizing,invest,invest,5631,5627,5636,has remained consistent we,in the business but,has remained consistent we invest in the business but
497,2021-04-29 09:00:00,NYSE,2021-Q1,NOC,sensing,shaping,shaping,5686,5682,5691,been active in portfolio,and are pleased with,been active in portfolio shaping and are pleased with
497,2021-04-29 09:00:00,NYSE,2021-Q1,NOC,sensing,sense,sense,6142,6138,6147,a bit of a,for some of the,a bit of a sense for some of the
497,2021-04-29 09:00:00,NYSE,2021-Q1,NOC,seizing,invest,invest,6737,6733,6742,they re starting to,in strategic partnerships we,they re starting to invest in strategic partnerships we
497,2021-04-29 09:00:00,NYSE,2021-Q1,NOC,seizing,invest,invest,6776,6772,6781,do m a or,organically and are there,do m a or invest organically and are there
497,2021-04-29 09:00:00,NYSE,2021-Q1,NOC,seizing,invest,invest,7405,7401,7410,our company continues to,in and have leadership,our company continues to invest in and have leadership
497,2021-04-29 09:00:00,NYSE,2021-Q1,NOC,seizing,invest,invest,7793,7789,7798,that you have to,and that you have,that you have to invest and that you have
498,2019-11-14 17:00:00,NYSE,2019-Q4,DLB,sensing,sense,sense,2028,2024,2033,guidance to get a,of that other income,guidance to get a sense of that other income
498,2019-11-14 17:00:00,NYSE,2019-Q4,DLB,seizing,invest,invest,2973,2969,2978,we will continue to,in making more of,we will continue to invest in making more of
498,2019-11-14 17:00:00,NYSE,2019-Q4,DLB,sensing,sense,sense,3509,3505,3514,just give us a,of when you talk,just give us a sense of when you talk
498,2019-11-14 17:00:00,NYSE,2019-Q4,DLB,sensing,sense,sense,3568,3564,3573,trying to get a,of how is this,trying to get a sense of how is this
498,2019-11-14 17:00:00,NYSE,2019-Q4,DLB,sensing,shape,shape,4232,4228,4237,corky other than the,of our revenue will,corky other than the shape of our revenue will
498,2019-11-14 17:00:00,NYSE,2019-Q4,DLB,sensing,sense,sense,4505,4501,4510,you give us a,of that for and,you give us a sense of that for and
498,2019-11-14 17:00:00,NYSE,2019-Q4,DLB,sensing,sense,sense,4895,4891,4900,that gives you a,of the scale of,that gives you a sense of the scale of
498,2019-11-14 17:00:00,NYSE,2019-Q4,DLB,sensing,sense,sense,5638,5634,5643,that give you some,and it s growing,that give you some sense and it s growing
498,2019-11-14 17:00:00,NYSE,2019-Q4,DLB,sensing,sense,sense,5676,5672,5681,will give you some,for the size of,will give you some sense for the size of
498,2019-11-14 17:00:00,NYSE,2019-Q4,DLB,sensing,sense,sense,6828,6824,6833,you give us a,maybe of what i,you give us a sense maybe of what i
498,2019-11-14 17:00:00,NYSE,2019-Q4,DLB,sensing,sense,sense,6997,6993,7002,least give you some,of this back and,least give you some sense of this back and
499,2022-07-27 16:30:00,NASDAQ,2022-Q2,ALGN,transforming,transform,transform,1191,1187,1196,patients and consumers to,smiles and change lives,patients and consumers to transform smiles and change lives
499,2022-07-27 16:30:00,NASDAQ,2022-Q2,ALGN,transforming,transform,transform,1520,1516,1525,massive market opportunity to,million smiles for q,massive market opportunity to transform million smiles for q
499,2022-07-27 16:30:00,NASDAQ,2022-Q2,ALGN,transforming,transforming,transforming,1639,1635,1644,campaign showcases invisalign treatment,smiles and the resulting,campaign showcases invisalign treatment transforming smiles and the resulting
499,2022-07-27 16:30:00,NASDAQ,2022-Q2,ALGN,seizing,invest,invest,3622,3618,3627,that provides flexibility to,in our growth while,that provides flexibility to invest in our growth while
499,2022-07-27 16:30:00,NASDAQ,2022-Q2,ALGN,sensing,sense,sense,3804,3800,3809,while acting with a,of urgency to ensure,while acting with a sense of urgency to ensure
499,2022-07-27 16:30:00,NASDAQ,2022-Q2,ALGN,sensing,sense,sense,4289,4285,4294,i hope that makes,nate nathan rich goldman,i hope that makes sense nate nathan rich goldman
499,2022-07-27 16:30:00,NASDAQ,2022-Q2,ALGN,sensing,sense,sense,4820,4816,4825,over year in the,of our order growth,over year in the sense of our order growth
499,2022-07-27 16:30:00,NASDAQ,2022-Q2,ALGN,sensing,sense,sense,6307,6303,6312,is over in the,jon block stifel financial,is over in the sense jon block stifel financial
499,2022-07-27 16:30:00,NASDAQ,2022-Q2,ALGN,sensing,sense,sense,6829,6825,6834,would seem to make,to me anyway but,would seem to make sense to me anyway but
499,2022-07-27 16:30:00,NASDAQ,2022-Q2,ALGN,seizing,investing,investing,7486,7482,7491,between how we re,in go to market,between how we re investing in go to market
499,2022-07-27 16:30:00,NASDAQ,2022-Q2,ALGN,sensing,sense,sense,8434,8430,8439,have ptsd in that,and what we experienced,have ptsd in that sense and what we experienced
499,2022-07-27 16:30:00,NASDAQ,2022-Q2,ALGN,sensing,sense,sense,8496,8492,8501,good indicator in the,of our market and,good indicator in the sense of our market and
499,2022-07-27 16:30:00,NASDAQ,2022-Q2,ALGN,sensing,sense,sense,8813,8809,8818,one off in that,we normally hire to,one off in that sense we normally hire to
499,2022-07-27 16:30:00,NASDAQ,2022-Q2,ALGN,seizing,invest,invest,8981,8977,8986,sure we continue to,in those growth opportunities,sure we continue to invest in those growth opportunities
499,2022-07-27 16:30:00,NASDAQ,2022-Q2,ALGN,sensing,sense,sense,9947,9943,9952,year number in that,but europe has the,year number in that sense but europe has the
499,2022-07-27 16:30:00,NASDAQ,2022-Q2,ALGN,sensing,sense,sense,10608,10604,10613,brought up in the,of well what happens,brought up in the sense of well what happens
499,2022-07-27 16:30:00,NASDAQ,2022-Q2,ALGN,sensing,sense,sense,10790,10786,10795,been responsible in the,of adjusting the business,been responsible in the sense of adjusting the business
499,2022-07-27 16:30:00,NASDAQ,2022-Q2,ALGN,sensing,sense,sense,11165,11161,11170,kind of get the,that things probably slowed,kind of get the sense that things probably slowed
499,2022-07-27 16:30:00,NASDAQ,2022-Q2,ALGN,sensing,sense,sense,11189,11185,11194,lockdowns being worse any,you can give on,lockdowns being worse any sense you can give on
